Match,Distribution Type,Data Type,Parameter,Spearman Round Robin,Spearman Swiss Round,Spearman Double Elimination,Spearman Weighted Round Robin,Spearman Round Robin Knockout,Spearman Ladder Tournament
StarCraft,,Real Data,1,0.6115975935828877,0.6456885026737968,0.6515875668449198,0.5730113636363635,0.22755681818181822,0.24804478609625663
StarCraft,,Real Data,2,0.41228275401069514,0.3824532085561498,0.3917446524064171,0.3447192513368984,0.2716243315508021,0.08668114973262031
StarCraft,,Real Data,3,0.4888536096256684,0.3403910427807487,0.2793449197860963,0.2815173796791444,0.34759358288770054,0.04717580213903743
StarCraft,,Real Data,4,0.37429812834224596,0.2715073529411765,0.22563502673796793,0.2499498663101604,0.31402072192513364,0.03288770053475937
StarCraft,,Real Data,5,0.4210060160427808,0.36893382352941173,0.13731617647058825,0.3743816844919786,0.35274064171123004,0.0031751336898395545
StarCraft,,Real Data,6,0.4310828877005347,0.33716577540106957,0.183673128342246,0.33813502673796797,0.39184491978609637,0.003308823529411775
StarCraft,,Real Data,7,0.4372660427807487,0.37912767379679135,0.17297794117647064,0.29231283422459897,0.4507687165775402,0.022058823529411763
StarCraft,,Real Data,8,0.4697526737967913,0.3806316844919786,0.2058489304812834,0.44655748663101613,0.44919786096256675,0.00914104278074867
StarCraft,,Real Data,9,0.4572526737967914,0.3643883689839572,0.23145053475935823,0.43282085561497324,0.33419117647058827,0.0189505347593583
StarCraft,,Real Data,10,0.5038602941176471,0.4584391711229946,0.1718081550802139,0.38469251336898397,0.3772058823529412,-0.001620989304812831
StarCraft,,Real Data,11,0.5396891711229947,0.4810995989304813,0.23093248663101607,0.33932152406417104,0.37578542780748664,0.012600267379679158
StarCraft,,Real Data,12,0.49704211229946516,0.5118816844919787,0.16101270053475938,0.4368148395721924,0.4478275401069519,0.003643048128342247
StarCraft,,Real Data,13,0.5543616310160429,0.47279411764705886,0.19253008021390375,0.46931818181818186,0.4199532085561497,0.002406417112299475
StarCraft,,Real Data,14,0.5302974598930481,0.4742647058823529,0.2125167112299465,0.4817012032085561,0.41818181818181827,0.007553475935828885
StarCraft,,Real Data,15,0.5557319518716578,0.5012032085561497,0.17349598930481286,0.4420120320855614,0.4085060160427808,-5.013368983957101e-05
StarCraft,,Real Data,16,0.5952874331550803,0.5464405080213902,0.1845421122994652,0.5013034759358289,0.46737967914438505,-0.021741310160427803
StarCraft,,Real Data,17,0.5735461229946525,0.53125,0.13093248663101606,0.491326871657754,0.41768048128342244,0.022643716577540125
StarCraft,,Real Data,18,0.6392713903743316,0.5669786096256685,0.15706885026737966,0.46094585561497325,0.35509692513368984,0.007687165775401061
StarCraft,,Real Data,19,0.606851604278075,0.6435494652406416,0.17735628342245993,0.43542780748663096,0.4051303475935829,0.035143716577540125
StarCraft,,Real Data,20,0.6485795454545455,0.5462901069518715,0.204528743315508,0.46061163101604274,0.4350935828877005,0.039956550802139036
StarCraft,,Real Data,21,0.6415274064171124,0.5837901069518716,0.18365641711229944,0.4716744652406417,0.39540441176470587,0.011112967914438504
StarCraft,,Real Data,22,0.6654411764705882,0.6240808823529411,0.18175133689839573,0.4499498663101605,0.41024398395721917,0.010344251336898386
StarCraft,,Real Data,23,0.6650233957219251,0.6476771390374332,0.17157419786096256,0.5238302139037432,0.3988636363636363,0.03661430481283423
StarCraft,,Real Data,24,0.7022560160427809,0.6311664438502672,0.21303475935828878,0.4831550802139038,0.42239304812834233,0.02398061497326202
StarCraft,,Real Data,25,0.6670454545454543,0.623178475935829,0.15372660427807489,0.4455882352941177,0.40008355614973257,0.04792780748663103
StarCraft,,Real Data,26,0.6792279411764706,0.634508689839572,0.2182987967914439,0.4609959893048129,0.390591577540107,0.031149732620320843
StarCraft,,Real Data,27,0.6816844919786096,0.6297292780748662,0.23071524064171128,0.51600935828877,0.46071189839572196,0.044802807486631
StarCraft,,Real Data,28,0.7175467914438503,0.6635862299465243,0.21632687165775405,0.4788770053475936,0.44400066844919783,0.04620655080213902
StarCraft,,Real Data,29,0.690274064171123,0.6658756684491978,0.217312834224599,0.4209558823529411,0.4074866310160428,0.04383355614973262
StarCraft,,Real Data,30,0.6933823529411764,0.6542279411764705,0.17697192513368987,0.4707219251336897,0.39836229946524065,0.054495320855614995
StarCraft,,Real Data,31,0.7304979946524065,0.6802974598930482,0.1648562834224599,0.45803810160427805,0.41905080213903745,0.0493148395721925
StarCraft,,Real Data,32,0.7207386363636363,0.714889705882353,0.1196524064171123,0.5173963903743315,0.3792780748663102,0.06517379679144383
StarCraft,,Real Data,33,0.6961731283422459,0.6862967914438503,0.14899732620320857,0.5074699197860962,0.3533255347593583,0.08009692513368986
StarCraft,,Real Data,34,0.6988803475935829,0.7260026737967914,0.19415106951871658,0.48394050802139044,0.43937165775401077,0.045053475935828875
StarCraft,,Real Data,35,0.7314171122994652,0.7245989304812834,0.2095922459893048,0.44776069518716577,0.41651069518716577,0.053877005347593585
StarCraft,,Real Data,36,0.703091577540107,0.7150902406417111,0.19221256684491977,0.46268382352941184,0.34216243315508027,0.09722593582887698
StarCraft,,Real Data,37,0.7355447860962567,0.7125501336898397,0.20120320855614976,0.45805481283422456,0.41626002673796786,0.0631851604278075
StarCraft,,Real Data,38,0.7313168449197861,0.7121323529411765,0.17585227272727272,0.5155080213903743,0.43743315508021396,0.06562500000000002
StarCraft,,Real Data,39,0.7385193850267381,0.7125835561497326,0.19054144385026736,0.4829211229946524,0.38592914438502673,0.04513703208556151
StarCraft,,Real Data,40,0.7057653743315508,0.7288602941176471,0.17144050802139038,0.46769719251336905,0.4283255347593583,0.08706550802139039
StarCraft,Uniform,Simulation Data,1,0.639254679144385,0.6254010695187165,0.6254846256684492,0.6407586898395722,0.22312834224598926,0.23801804812834226
StarCraft,Uniform,Simulation Data,2,0.43749999999999983,0.43980614973262044,0.39522058823529405,0.3685661764705882,0.2832553475935829,0.09837901069518716
StarCraft,Uniform,Simulation Data,3,0.38967245989304805,0.3605280748663101,0.2247660427807487,0.32489973262032085,0.2922627005347594,0.049782754010695186
StarCraft,Uniform,Simulation Data,4,0.367062165775401,0.3732954545454546,0.22981283422459892,0.3624665775401069,0.37653743315508026,-0.005564839572192504
StarCraft,Uniform,Simulation Data,5,0.36074532085561495,0.39739304812834225,0.21091243315508018,0.417028743315508,0.3358622994652406,0.03639705882352942
StarCraft,Uniform,Simulation Data,6,0.4668449197860962,0.374649064171123,0.21047794117647062,0.3741811497326203,0.4322860962566845,0.006183155080213915
StarCraft,Uniform,Simulation Data,7,0.45733622994652395,0.3614639037433155,0.22491644385026738,0.4209391711229946,0.4252840909090909,0.001387032085561507
StarCraft,Uniform,Simulation Data,8,0.4279411764705882,0.4230949197860962,0.16493983957219252,0.47416443850267376,0.4430648395721925,0.013135026737967926
StarCraft,Uniform,Simulation Data,9,0.48106617647058814,0.38524398395721926,0.20401069518716577,0.4756851604278074,0.4102272727272728,-0.015491310160427796
StarCraft,Uniform,Simulation Data,10,0.5086564171122994,0.47279411764705886,0.16097927807486628,0.41002673796791456,0.37621991978609615,0.014221256684491989
StarCraft,Uniform,Simulation Data,11,0.5074699197860962,0.46149732620320866,0.17832553475935828,0.46258355614973257,0.37989639037433154,0.01188168449197861
StarCraft,Uniform,Simulation Data,12,0.5252005347593582,0.4753008021390374,0.16749665775401068,0.4237633689839573,0.4661096256684492,-0.011948529411764702
StarCraft,Uniform,Simulation Data,13,0.5686998663101605,0.48056483957219254,0.20232286096256683,0.4141042780748664,0.38806818181818176,0.012149064171122981
StarCraft,Uniform,Simulation Data,14,0.5410594919786096,0.499298128342246,0.1660427807486631,0.4386363636363635,0.3595922459893048,0.01741310160427808
StarCraft,Uniform,Simulation Data,15,0.5679478609625668,0.4744485294117647,0.20212232620320852,0.4908756684491979,0.34617312834224595,0.006851604278074857
StarCraft,Uniform,Simulation Data,16,0.5575200534759358,0.5408589572192513,0.14039104278074865,0.42785762032085567,0.43333890374331546,0.018081550802139044
StarCraft,Uniform,Simulation Data,17,0.5935494652406416,0.5625000000000001,0.17192513368983958,0.49070855614973274,0.43404077540106956,-0.009776069518716563
StarCraft,Uniform,Simulation Data,18,0.587182486631016,0.5982118983957218,0.1893549465240642,0.49807820855614987,0.4186497326203208,0.005815508021390364
StarCraft,Uniform,Simulation Data,19,0.6464070855614972,0.617028743315508,0.19428475935828876,0.4404244652406417,0.36051136363636366,0.030915775401069528
StarCraft,Uniform,Simulation Data,20,0.613586229946524,0.6133689839572192,0.1924298128342246,0.4345755347593583,0.4184993315508021,0.008038101604278074
StarCraft,Uniform,Simulation Data,21,0.6045788770053476,0.5786096256684491,0.14762700534759363,0.48621323529411764,0.40036764705882355,0.03861965240641711
StarCraft,Uniform,Simulation Data,22,0.630548128342246,0.5822025401069519,0.2001336898395722,0.45561497326203204,0.41310160427807485,0.023930481283422456
StarCraft,Uniform,Simulation Data,23,0.6601604278074866,0.6473094919786095,0.16831550802139036,0.477423128342246,0.37526737967914436,0.01980280748663103
StarCraft,Uniform,Simulation Data,24,0.6346590909090909,0.6320688502673795,0.16355280748663098,0.45031751336898385,0.3835060160427807,0.03230280748663101
StarCraft,Uniform,Simulation Data,25,0.6557486631016042,0.6391878342245989,0.19715909090909092,0.49908088235294124,0.39866310160427815,0.035661764705882365
StarCraft,Uniform,Simulation Data,26,0.7038101604278075,0.6734458556149732,0.22023729946524068,0.4505681818181819,0.40327540106951865,0.05556483957219253
StarCraft,Uniform,Simulation Data,27,0.6850935828877005,0.6201203208556149,0.1727941176470589,0.5074364973262032,0.41584224598930486,0.04595588235294117
StarCraft,Uniform,Simulation Data,28,0.6782921122994652,0.6450701871657755,0.18135026737967913,0.5143048128342247,0.42433155080213913,0.03870320855614974
StarCraft,Uniform,Simulation Data,29,0.7106617647058824,0.6936163101604279,0.16766377005347594,0.48185160427807505,0.39720922459893043,0.029745989304812835
StarCraft,Uniform,Simulation Data,30,0.6992814171122994,0.6638703208556149,0.20185494652406413,0.5545788770053476,0.38210227272727265,0.06759692513368984
StarCraft,Uniform,Simulation Data,31,0.7112466577540106,0.7158756684491978,0.24366644385026737,0.4589070855614973,0.4072192513368984,0.07468248663101604
StarCraft,Uniform,Simulation Data,32,0.7255514705882353,0.6713235294117648,0.20812165775401067,0.47926136363636357,0.4139872994652407,0.05262366310160428
StarCraft,Uniform,Simulation Data,33,0.7148061497326206,0.6882185828877004,0.18841911764705882,0.5167112299465241,0.4141878342245989,0.07272727272727275
StarCraft,Uniform,Simulation Data,34,0.7043950534759358,0.7168449197860964,0.21839906417112295,0.4993315508021391,0.40970922459893044,0.05533088235294118
StarCraft,Uniform,Simulation Data,35,0.7051136363636366,0.7225935828877005,0.1869318181818182,0.42703877005347596,0.39027406417112304,0.03160093582887701
StarCraft,Uniform,Simulation Data,36,0.7203041443850268,0.7078041443850267,0.15895721925133693,0.4951370320855613,0.3954879679144386,0.11301804812834224
StarCraft,Uniform,Simulation Data,37,0.7241811497326203,0.709475267379679,0.1844418449197861,0.46333556149732624,0.4088569518716577,0.0740140374331551
StarCraft,Uniform,Simulation Data,38,0.7149565508021392,0.7466410427807487,0.20899064171122994,0.43902072192513364,0.42342914438502666,0.08310494652406417
StarCraft,Uniform,Simulation Data,39,0.7314839572192513,0.7261363636363636,0.15076871657754012,0.4328877005347593,0.3709893048128342,0.03656417112299465
StarCraft,Uniform,Simulation Data,40,0.7285762032085561,0.729946524064171,0.19620655080213906,0.4438168449197861,0.3585227272727273,0.06747994652406415
StarCraft,PL,Simulation Data,1,0.6529578877005348,0.6573529411764706,0.6100434491978609,0.6067346256684492,0.2729110962566845,0.25056818181818186
StarCraft,PL,Simulation Data,2,0.4073863636363636,0.4427807486631017,0.3649064171122995,0.32576871657754003,0.1794284759358289,0.11273395721925132
StarCraft,PL,Simulation Data,3,0.38701537433155087,0.3514371657754011,0.21908422459893045,0.3354110962566845,0.26370320855614976,0.026320187165775378
StarCraft,PL,Simulation Data,4,0.4011697860962567,0.34851270053475936,0.24727606951871667,0.356600935828877,0.3440508021390374,0.015508021390374327
StarCraft,PL,Simulation Data,5,0.4339572192513369,0.37072192513368984,0.16692847593582888,0.30934157754010694,0.37346256684491974,0.04364973262032086
StarCraft,PL,Simulation Data,6,0.3910762032085562,0.4016544117647059,0.17855949197860962,0.38780080213903745,0.403409090909091,0.019134358288770043
StarCraft,PL,Simulation Data,7,0.4324030748663101,0.34009024064171123,0.1745320855614973,0.3719418449197861,0.4285427807486631,-0.008706550802139034
StarCraft,PL,Simulation Data,8,0.45011697860962563,0.4103943850267379,0.15524732620320852,0.44176136363636365,0.4339906417112299,0.02396390374331552
StarCraft,PL,Simulation Data,9,0.438201871657754,0.40680147058823535,0.2387032085561497,0.3919953208556149,0.4401570855614974,-0.01106283422459895
StarCraft,PL,Simulation Data,10,0.44227941176470587,0.4304979946524064,0.20053475935828874,0.4392379679144384,0.3616310160427808,0.00762032085561497
StarCraft,PL,Simulation Data,11,0.5480280748663102,0.4963736631016043,0.20344251336898395,0.4710394385026738,0.44968248663101595,0.011731283422459882
StarCraft,PL,Simulation Data,12,0.5711564171122995,0.4634358288770052,0.18180147058823523,0.40638368983957224,0.408673128342246,-0.010461229946524042
StarCraft,PL,Simulation Data,13,0.5191510695187166,0.49247994652406424,0.22630347593582895,0.46214906417112306,0.4099097593582889,0.002439839572192515
StarCraft,PL,Simulation Data,14,0.6075534759358288,0.5215407754010697,0.1863803475935829,0.4322860962566845,0.3838402406417112,0.0007687165775400962
StarCraft,PL,Simulation Data,15,0.5865474598930482,0.5355782085561497,0.23567847593582886,0.46047794117647073,0.47448195187165776,0.011915106951871651
StarCraft,PL,Simulation Data,16,0.6155414438502675,0.5308823529411765,0.15837232620320857,0.48377339572192524,0.4152072192513369,0.014939839572192503
StarCraft,PL,Simulation Data,17,0.6153743315508022,0.5773729946524064,0.12386363636363637,0.4812332887700535,0.45051804812834223,0.021841577540106943
StarCraft,PL,Simulation Data,18,0.60899064171123,0.560745320855615,0.20427807486631014,0.5232620320855614,0.4247994652406417,-0.009441844919786096
StarCraft,PL,Simulation Data,19,0.6391377005347594,0.5749164438502673,0.21859959893048128,0.46066176470588244,0.3804979946524064,0.05121991978609626
StarCraft,PL,Simulation Data,20,0.6057820855614974,0.6097593582887701,0.2348094919786096,0.48671457219251335,0.39520387700534765,0.0013034759358288629
StarCraft,PL,Simulation Data,21,0.6345588235294117,0.5841911764705883,0.20163770053475932,0.4280915775401069,0.42102272727272727,0.0359792780748663
StarCraft,PL,Simulation Data,22,0.6295287433155079,0.6147058823529414,0.20554812834224592,0.4235795454545455,0.3875334224598931,0.052506684491978595
StarCraft,PL,Simulation Data,23,0.6627005347593583,0.582687165775401,0.1887366310160428,0.5109625668449198,0.36753008021390376,0.04082553475935829
StarCraft,PL,Simulation Data,24,0.6685494652406416,0.6349097593582889,0.2216243315508021,0.49677473262032096,0.325,0.045086898395721914
StarCraft,PL,Simulation Data,25,0.6630347593582888,0.6581216577540105,0.18795120320855613,0.46600935828877005,0.468716577540107,0.004629010695187152
StarCraft,PL,Simulation Data,26,0.6740808823529413,0.6832553475935829,0.21027740641711237,0.49258021390374324,0.3778910427807486,0.049164438502673796
StarCraft,PL,Simulation Data,27,0.6647727272727273,0.6454378342245989,0.19889705882352943,0.4450033422459893,0.4139371657754012,0.016326871657754018
StarCraft,PL,Simulation Data,28,0.6761864973262033,0.6522393048128343,0.18599598930481281,0.4910260695187166,0.3835227272727273,0.06442179144385027
StarCraft,PL,Simulation Data,29,0.7115307486631017,0.6459558823529413,0.17351270053475945,0.45501336898395717,0.4482954545454546,0.049983288770053466
StarCraft,PL,Simulation Data,30,0.7159425133689841,0.6945688502673797,0.1783088235294118,0.4959057486631016,0.3770554812834225,0.03793449197860962
StarCraft,PL,Simulation Data,31,0.7123495989304813,0.6637366310160429,0.17800802139037436,0.5048796791443849,0.3297459893048128,0.05218917112299466
StarCraft,PL,Simulation Data,32,0.7470254010695188,0.6952372994652407,0.23616310160427814,0.4933155080213904,0.3533422459893048,0.03743315508021389
StarCraft,PL,Simulation Data,33,0.7341410427807487,0.7216243315508022,0.18803475935828878,0.5086731283422461,0.41004344919786095,0.06403743315508023
StarCraft,PL,Simulation Data,34,0.7058656417112299,0.6715741978609626,0.1897225935828877,0.4689171122994652,0.3911263368983957,0.07695521390374331
StarCraft,PL,Simulation Data,35,0.7284592245989305,0.720254010695187,0.18726604278074868,0.4686163101604278,0.4084057486631016,0.08923796791443851
StarCraft,PL,Simulation Data,36,0.7175133689839572,0.7558656417112299,0.17010360962566848,0.44202874331550807,0.38810160427807494,0.03293783422459893
StarCraft,PL,Simulation Data,37,0.729595588235294,0.6986296791443851,0.1669451871657754,0.5257854278074865,0.4306985294117647,0.06183155080213902
StarCraft,PL,Simulation Data,38,0.7449197860962566,0.7369485294117646,0.16906751336898396,0.5097092245989304,0.3822359625668449,0.021557486631016066
StarCraft,PL,Simulation Data,39,0.6882687165775401,0.7285594919786097,0.1705882352941176,0.42483288770053484,0.44436831550802136,0.10075200534759357
StarCraft,PL,Simulation Data,40,0.745855614973262,0.7250835561497327,0.1679812834224599,0.4452707219251336,0.3703709893048129,0.0984625668449198
StarCraft,Normal,Simulation Data,1,0.648596256684492,0.6020554812834226,0.588335561497326,0.6747493315508022,0.26385360962566845,0.2568850267379679
StarCraft,Normal,Simulation Data,2,0.39201203208556146,0.4142045454545455,0.3502005347593583,0.4303475935828878,0.24996657754010693,0.06734625668449198
StarCraft,Normal,Simulation Data,3,0.3680314171122995,0.3545120320855615,0.20835561497326208,0.26250000000000007,0.2925467914438503,0.04994986631016043
StarCraft,Normal,Simulation Data,4,0.42337901069518713,0.36844919786096264,0.18155080213903746,0.355581550802139,0.2943516042780749,0.0019719251336898502
StarCraft,Normal,Simulation Data,5,0.403826871657754,0.37939505347593583,0.21915106951871657,0.2872326203208556,0.36014371657754013,-0.01634358288770053
StarCraft,Normal,Simulation Data,6,0.36328542780748674,0.35304144385026737,0.1829545454545455,0.40160427807486626,0.39707553475935825,0.0299298128342246
StarCraft,Normal,Simulation Data,7,0.4283088235294117,0.36651069518716584,0.14010695187165778,0.40324197860962563,0.4204044117647059,-3.342245989306214e-05
StarCraft,Normal,Simulation Data,8,0.46961898395721924,0.43419117647058825,0.1716243315508021,0.3788937165775402,0.4252673796791444,-0.004328208556149721
StarCraft,Normal,Simulation Data,9,0.4617479946524064,0.40907419786096255,0.20880681818181818,0.40282419786096246,0.3768048128342246,-0.002590240641711239
StarCraft,Normal,Simulation Data,10,0.48283756684491974,0.4297794117647058,0.21149732620320863,0.38081550802139036,0.3341243315508021,0.017797459893048134
StarCraft,Normal,Simulation Data,11,0.46707887700534767,0.4291610962566845,0.19752673796791442,0.4170788770053476,0.4004344919786097,0.006500668449197861
StarCraft,Normal,Simulation Data,12,0.5502673796791443,0.48566176470588235,0.20302473262032086,0.4906751336898395,0.34331550802139044,-0.003475935828876986
StarCraft,Normal,Simulation Data,13,0.5691176470588235,0.5053141711229947,0.17478275401069515,0.3754512032085562,0.40160427807486626,0.020036764705882355
StarCraft,Normal,Simulation Data,14,0.5484124331550804,0.5300133689839572,0.19715909090909092,0.38170120320855616,0.445120320855615,0.012332887700534766
StarCraft,Normal,Simulation Data,15,0.5922292780748661,0.5196356951871658,0.2520889037433155,0.5047292780748663,0.45427807486631017,0.024515374331550804
StarCraft,Normal,Simulation Data,16,0.6049799465240642,0.526336898395722,0.20695187165775403,0.425033422459893,0.37499999999999994,0.04533756684491978
StarCraft,Normal,Simulation Data,17,0.5923128342245989,0.5333723262032085,0.1561831550802139,0.4649231283422459,0.38069852941176474,0.0019217914438502681
StarCraft,Normal,Simulation Data,18,0.6296457219251337,0.605932486631016,0.19505347593582884,0.4784090909090909,0.4244151069518717,-0.0025233957219250925
StarCraft,Normal,Simulation Data,19,0.6170788770053476,0.5818683155080213,0.16338569518716578,0.4667947860962567,0.42785762032085567,0.046858288770053456
StarCraft,Normal,Simulation Data,20,0.6219585561497325,0.5485294117647058,0.18009692513368986,0.4316677807486631,0.4288937165775401,0.01612633689839573
StarCraft,Normal,Simulation Data,21,0.6233622994652406,0.5959558823529412,0.16022727272727275,0.45031751336898396,0.355197192513369,0.00962566844919785
StarCraft,Normal,Simulation Data,22,0.6493315508021391,0.651788101604278,0.20716911764705884,0.4928308823529412,0.4141711229946524,0.029879679144385034
StarCraft,Normal,Simulation Data,23,0.6473094919786095,0.5851604278074867,0.1532921122994652,0.47296122994652406,0.4121657754010696,0.015524732620320858
StarCraft,Normal,Simulation Data,24,0.6499164438502673,0.6427306149732619,0.13332219251336902,0.4469585561497326,0.3633522727272727,0.03798462566844919
StarCraft,Normal,Simulation Data,25,0.6891711229946524,0.6556651069518716,0.21248328877005346,0.4909090909090909,0.38165106951871663,0.07040441176470588
StarCraft,Normal,Simulation Data,26,0.6879344919786097,0.611764705882353,0.1542279411764706,0.4617647058823531,0.4072359625668449,0.011280080213903726
StarCraft,Normal,Simulation Data,27,0.6701704545454545,0.6395889037433156,0.17140708556149736,0.5113469251336898,0.3482286096256685,0.03373997326203209
StarCraft,Normal,Simulation Data,28,0.6780915775401068,0.6668449197860961,0.13816844919786092,0.44478609625668436,0.3715407754010695,0.035778743315508024
StarCraft,Normal,Simulation Data,29,0.7200033422459893,0.6507520053475936,0.18648061497326202,0.45626671122994666,0.44244652406417107,0.027022058823529416
StarCraft,Normal,Simulation Data,30,0.7252673796791445,0.6715407754010696,0.21975267379679148,0.42132352941176465,0.36883355614973257,0.0505514705882353
StarCraft,Normal,Simulation Data,31,0.6979779411764706,0.616677807486631,0.18856951871657754,0.49824532085561496,0.38659759358288776,0.024866310160427806
StarCraft,Normal,Simulation Data,32,0.7162098930481284,0.6639538770053476,0.16407085561497325,0.5026236631016043,0.4121991978609625,0.08071524064171123
StarCraft,Normal,Simulation Data,33,0.7523562834224599,0.7098094919786095,0.2135862299465241,0.48930481283422456,0.37476604278074865,0.06425467914438503
StarCraft,Normal,Simulation Data,34,0.7426303475935828,0.6886363636363637,0.1509692513368984,0.47197526737967915,0.36168114973262033,0.050501336898395734
StarCraft,Normal,Simulation Data,35,0.739639037433155,0.6901570855614974,0.23753342245989306,0.49050802139037425,0.3976437165775401,0.09756016042780749
StarCraft,Normal,Simulation Data,36,0.6982620320855617,0.6789104278074867,0.21863302139037435,0.44613970588235297,0.42047125668449203,0.06280080213903746
StarCraft,Normal,Simulation Data,37,0.7551470588235294,0.7375668449197861,0.18153409090909092,0.48380681818181814,0.39749331550802136,0.07433155080213902
StarCraft,Normal,Simulation Data,38,0.749899732620321,0.7271724598930482,0.2036764705882353,0.5042279411764705,0.42887700534759354,0.07281082887700534
StarCraft,Normal,Simulation Data,39,0.6928475935828875,0.7113135026737968,0.194802807486631,0.46119652406417116,0.3458054812834225,0.07608622994652407
StarCraft,Normal,Simulation Data,40,0.7150902406417112,0.7547459893048128,0.17023729946524063,0.44740975935828864,0.4397393048128343,0.0972092245989305
StarCraft,MultiGaussian,Simulation Data,1,0.6280247326203208,0.6428977272727273,0.6699532085561496,0.6142881016042783,0.29657419786096256,0.28377339572192517
StarCraft,MultiGaussian,Simulation Data,2,0.45614973262032077,0.3913937165775402,0.35957553475935833,0.37190842245989303,0.2449030748663102,0.08382352941176471
StarCraft,MultiGaussian,Simulation Data,3,0.3169953208556149,0.33190173796791445,0.23318850267379684,0.3113636363636364,0.22237633689839575,0.0661764705882353
StarCraft,MultiGaussian,Simulation Data,4,0.3547627005347593,0.3343917112299465,0.19518716577540113,0.25492981283422456,0.34493649732620324,0.02294451871657755
StarCraft,MultiGaussian,Simulation Data,5,0.40701871657754013,0.30115307486631016,0.19896390374331552,0.3818181818181819,0.3640875668449198,0.003158422459893051
StarCraft,MultiGaussian,Simulation Data,6,0.4355949197860962,0.3972092245989304,0.1854779411764706,0.36405414438502676,0.4221089572192513,0.009124331550802129
StarCraft,MultiGaussian,Simulation Data,7,0.46739639037433156,0.37628676470588235,0.19784425133689837,0.33805147058823526,0.4518048128342246,0.019485294117647073
StarCraft,MultiGaussian,Simulation Data,8,0.3694017379679145,0.45965909090909085,0.14839572192513367,0.3704545454545455,0.40138703208556137,0.0036764705882352923
StarCraft,MultiGaussian,Simulation Data,9,0.4956049465240643,0.4149732620320856,0.21569184491978607,0.40160427807486637,0.37902740641711224,0.015040106951871652
StarCraft,MultiGaussian,Simulation Data,10,0.44969919786096246,0.5060160427807487,0.17946189839572196,0.4836731283422459,0.4413435828877004,0.008556149732620338
StarCraft,MultiGaussian,Simulation Data,11,0.5044117647058823,0.49291443850267386,0.22145721925133693,0.43063168449197853,0.3444685828877005,-0.009308155080213903
StarCraft,MultiGaussian,Simulation Data,12,0.5757185828877006,0.5142045454545455,0.1662098930481283,0.45701871657754,0.41355280748663104,0.0013870320855614848
StarCraft,MultiGaussian,Simulation Data,13,0.5367312834224599,0.5312834224598929,0.20279077540106952,0.3988803475935828,0.40513034759358285,0.002623663101604279
StarCraft,MultiGaussian,Simulation Data,14,0.5541276737967914,0.5164104278074866,0.1896557486631016,0.4418783422459893,0.38210227272727276,0.018716577540106954
StarCraft,MultiGaussian,Simulation Data,15,0.5629010695187167,0.47621991978609624,0.1978609625668449,0.4113135026737968,0.42493315508021395,0.0024899732620320856
StarCraft,MultiGaussian,Simulation Data,16,0.5847092245989305,0.567764037433155,0.1900902406417112,0.4843248663101605,0.3883689839572192,-0.01306818181818183
StarCraft,MultiGaussian,Simulation Data,17,0.6300300802139037,0.5618649732620321,0.17252673796791443,0.45788770053475936,0.39769385026737963,0.0020721925133689867
StarCraft,MultiGaussian,Simulation Data,18,0.6571189839572192,0.5736129679144384,0.17817513368983956,0.4229612299465241,0.4472092245989304,0.02859291443850266
StarCraft,MultiGaussian,Simulation Data,19,0.5949197860962566,0.5524398395721924,0.14899732620320855,0.4488302139037434,0.40339237967914443,0.043532754010695195
StarCraft,MultiGaussian,Simulation Data,20,0.6414104278074866,0.62072192513369,0.19050802139037432,0.5386697860962568,0.3968917112299465,-0.017245989304812824
StarCraft,MultiGaussian,Simulation Data,21,0.6682653743315509,0.576370320855615,0.1563168449197861,0.4511363636363638,0.40205548128342244,0.05619986631016042
StarCraft,MultiGaussian,Simulation Data,22,0.6874832887700535,0.6303141711229946,0.1961397058823529,0.4323863636363637,0.42448195187165777,0.029946524064171132
StarCraft,MultiGaussian,Simulation Data,23,0.6665106951871659,0.6084725935828876,0.12444852941176468,0.424649064171123,0.43208556149732613,0.035344251336898405
StarCraft,MultiGaussian,Simulation Data,24,0.6460227272727274,0.6141377005347594,0.20623328877005348,0.4824532085561498,0.48880347593582885,0.023646390374331555
StarCraft,MultiGaussian,Simulation Data,25,0.6578542780748664,0.647994652406417,0.20220588235294118,0.5097092245989304,0.36194852941176475,0.03928810160427808
StarCraft,MultiGaussian,Simulation Data,26,0.6821356951871658,0.6561664438502672,0.15909090909090912,0.503125,0.4334391711229947,0.04867981283422461
StarCraft,MultiGaussian,Simulation Data,27,0.6837901069518716,0.6707052139037433,0.18628008021390374,0.4609124331550801,0.45800467914438503,0.04072526737967913
StarCraft,MultiGaussian,Simulation Data,28,0.7052807486631016,0.6707887700534759,0.18930481283422462,0.5188335561497327,0.34705882352941175,0.03932152406417114
StarCraft,MultiGaussian,Simulation Data,29,0.689221256684492,0.661029411764706,0.1727606951871658,0.4715407754010695,0.3769385026737967,0.05685160427807486
StarCraft,MultiGaussian,Simulation Data,30,0.6777907754010695,0.6640040106951872,0.20429478609625673,0.5027907754010696,0.45152072192513365,0.054712566844919784
StarCraft,MultiGaussian,Simulation Data,31,0.6885360962566844,0.6713569518716578,0.18935494652406418,0.5030414438502675,0.3883355614973261,0.0674298128342246
StarCraft,MultiGaussian,Simulation Data,32,0.7584391711229945,0.6652573529411765,0.23379010695187166,0.4608288770053475,0.4306985294117648,0.06067847593582887
StarCraft,MultiGaussian,Simulation Data,33,0.707269385026738,0.7098596256684493,0.16823195187165774,0.48489304812834233,0.3806651069518717,0.05715240641711231
StarCraft,MultiGaussian,Simulation Data,34,0.7273228609625668,0.7037098930481284,0.20397727272727276,0.4619151069518715,0.36126336898395717,0.06330213903743317
StarCraft,MultiGaussian,Simulation Data,35,0.7066176470588236,0.6816844919786096,0.19600601604278073,0.43952205882352946,0.373345588235294,0.06340240641711231
StarCraft,MultiGaussian,Simulation Data,36,0.6968081550802139,0.7272727272727273,0.19572192513368988,0.5098930481283421,0.42560160427807486,0.040457887700534774
StarCraft,MultiGaussian,Simulation Data,37,0.732302807486631,0.6974933155080214,0.21473930481283424,0.5043114973262033,0.36622660427807485,0.06134692513368982
StarCraft,MultiGaussian,Simulation Data,38,0.7138034759358289,0.7188836898395721,0.20275735294117644,0.4653241978609626,0.399298128342246,0.03724933155080213
StarCraft,MultiGaussian,Simulation Data,39,0.7084725935828876,0.7124164438502671,0.1937332887700535,0.47496657754010696,0.36679478609625665,0.11007687165775396
StarCraft,MultiGaussian,Simulation Data,40,0.7570354278074867,0.7408756684491979,0.2034926470588235,0.42394719251336904,0.41027740641711236,0.09981617647058824
Tennis,,Real Data,1,0.6282754010695186,0.6327874331550803,0.6432486631016043,0.6518716577540108,0.24166109625668447,0.2651403743315508
Tennis,,Real Data,2,0.4147393048128342,0.3656584224598931,0.3322693850267379,0.3151236631016042,0.3247159090909091,0.09169451871657755
Tennis,,Real Data,3,0.33343917112299465,0.3318850267379679,0.2522560160427808,0.30035093582887706,0.2805314171122995,0.05740307486631017
Tennis,,Real Data,4,0.3215909090909091,0.36181483957219257,0.18459224598930477,0.3664939839572193,0.31540775401069515,0.027974598930481282
Tennis,,Real Data,5,0.3896223262032085,0.3389538770053475,0.18699866310160426,0.3414605614973262,0.37120655080213905,-0.0014371657754010836
Tennis,,Real Data,6,0.39077540106951864,0.367312834224599,0.17946189839572194,0.3298128342245989,0.39634024064171125,0.02896056149732621
Tennis,,Real Data,7,0.43935494652406415,0.395822192513369,0.2028743315508022,0.39062500000000006,0.3790106951871657,0.023395721925133693
Tennis,,Real Data,8,0.43589572192513365,0.35076871657754016,0.16684491978609625,0.3634191176470588,0.42047125668449203,0.016878342245989292
Tennis,,Real Data,9,0.4745822192513369,0.44819518716577533,0.20352606951871657,0.350033422459893,0.3843582887700535,0.011848262032085565
Tennis,,Real Data,10,0.48798462566844913,0.40070187165775406,0.19528743315508018,0.4310995989304812,0.43253676470588226,0.026086229946524053
Tennis,,Real Data,11,0.4502506684491979,0.4666945187165775,0.19871323529411766,0.4476102941176471,0.3839906417112299,0.011614304812834209
Tennis,,Real Data,12,0.5168114973262032,0.47384692513368976,0.22949532085561503,0.4251671122994652,0.3877172459893049,0.01597593582887701
Tennis,,Real Data,13,0.5199699197860962,0.45153743315508016,0.19440173796791443,0.3846590909090909,0.38399064171122993,0.03171791443850267
Tennis,,Real Data,14,0.5374665775401068,0.4809993315508022,0.19247994652406417,0.4496156417112299,0.293014705882353,0.013953877005347592
Tennis,,Real Data,15,0.5674465240641712,0.4852105614973262,0.18549465240641713,0.39881350267379684,0.4111296791443849,0.019418449197860965
Tennis,,Real Data,16,0.5441343582887701,0.5162098930481284,0.2131183155080214,0.4932152406417113,0.3498830213903743,0.019518716577540084
Tennis,,Real Data,17,0.6047961229946525,0.508355614973262,0.20135360962566842,0.4268549465240642,0.3623663101604278,0.007219251336898413
Tennis,,Real Data,18,0.5996156417112298,0.591260026737968,0.16303475935828876,0.4605280748663102,0.34670788770053484,0.03773395721925134
Tennis,,Real Data,19,0.5795788770053477,0.5652239304812834,0.20352606951871657,0.4929812834224599,0.35661764705882354,0.009876336898395722
Tennis,,Real Data,20,0.5790274064171123,0.5316510695187167,0.16191510695187167,0.4693014705882351,0.3383355614973263,0.009308155080213903
Tennis,,Real Data,21,0.5403576203208555,0.5861965240641711,0.17563502673796794,0.4870655080213905,0.32297794117647055,0.024431818181818176
Tennis,,Real Data,22,0.6145554812834224,0.5670454545454545,0.17541778074866313,0.4432653743315508,0.40855614973262033,0.018081550802139024
Tennis,,Real Data,23,0.615691844919786,0.6021223262032087,0.20016711229946527,0.4237800802139037,0.3866477272727273,0.03384024064171124
Tennis,,Real Data,24,0.6221590909090909,0.5702540106951871,0.2538268716577541,0.40853943850267377,0.405932486631016,0.0237466577540107
Tennis,,Real Data,25,0.6103275401069518,0.61639371657754,0.18409090909090908,0.46261697860962564,0.37339572192513365,0.02097259358288771
Tennis,,Real Data,26,0.6087065508021391,0.5956717914438503,0.17520053475935832,0.435427807486631,0.36455548128342247,0.04762700534759358
Tennis,,Real Data,27,0.6456383689839572,0.5956049465240643,0.16599264705882355,0.43973930481283413,0.35130347593582895,0.031082887700534755
Tennis,,Real Data,28,0.6237299465240642,0.6280915775401069,0.130548128342246,0.46470588235294114,0.40277406417112294,0.035210561497326216
Tennis,,Real Data,29,0.6675467914438501,0.6015541443850267,0.2174298128342246,0.47202540106951874,0.3545454545454546,0.028927139037433148
Tennis,,Real Data,30,0.6577372994652406,0.6424298128342246,0.20050133689839572,0.4901236631016041,0.31293449197860956,0.028241978609625674
Tennis,,Real Data,31,0.6411430481283423,0.6486296791443851,0.18957219251336896,0.4199866310160427,0.40655080213903744,0.048997326203208555
Tennis,,Real Data,32,0.6131016042780748,0.6372326203208555,0.16704545454545455,0.43983957219251335,0.40449532085561496,0.03644719251336899
Tennis,,Real Data,33,0.7010026737967914,0.6457386363636364,0.20651737967914435,0.4490474598930481,0.4440508021390375,0.04034090909090911
Tennis,,Real Data,34,0.6644552139037434,0.6441343582887701,0.20031751336898393,0.47073863636363644,0.37252673796791436,0.04590574866310159
Tennis,,Real Data,35,0.6919117647058824,0.6542780748663102,0.1947025401069519,0.40974264705882346,0.3628509358288769,0.06301804812834226
Tennis,,Real Data,36,0.6819852941176472,0.6810995989304814,0.1921958556149733,0.45350935828877004,0.3440173796791445,0.05539772727272727
Tennis,,Real Data,37,0.7002673796791442,0.6324197860962568,0.2046791443850267,0.4795788770053476,0.41841577540106956,0.05997660427807485
Tennis,,Real Data,38,0.7101938502673797,0.6575701871657754,0.20294117647058826,0.46637700534759363,0.3917279411764706,0.02352941176470589
Tennis,,Real Data,39,0.6729946524064172,0.6551971925133688,0.2157754010695187,0.432971256684492,0.3429311497326203,0.015541443850267367
Tennis,,Real Data,40,0.6658589572192514,0.6922125668449196,0.1705213903743316,0.43734959893048125,0.3487633689839572,0.02926136363636364
Tennis,Uniform,Simulation Data,1,0.5944685828877005,0.6264872994652406,0.594702540106952,0.6177139037433155,0.28287098930481286,0.2669284759358289
Tennis,Uniform,Simulation Data,2,0.32219251336898397,0.39872994652406424,0.3320354278074866,0.3738469251336899,0.27952874331550803,0.0991644385026738
Tennis,Uniform,Simulation Data,3,0.4016711229946524,0.3033589572192513,0.24336564171122999,0.2594919786096256,0.25573195187165776,0.03140040106951871
Tennis,Uniform,Simulation Data,4,0.39212901069518724,0.33273729946524055,0.2005848930481283,0.3096423796791443,0.29211229946524064,0.01768048128342246
Tennis,Uniform,Simulation Data,5,0.39411764705882363,0.3385026737967914,0.17600267379679146,0.3474933155080214,0.3029077540106952,0.027807486631016048
Tennis,Uniform,Simulation Data,6,0.35088569518716584,0.34453542780748664,0.17842580213903741,0.28487633689839575,0.4153910427807486,0.02197526737967915
Tennis,Uniform,Simulation Data,7,0.40925802139037426,0.40509692513368983,0.23348930481283423,0.3530748663101605,0.30317513368983956,0.031199866310160418
Tennis,Uniform,Simulation Data,8,0.40800467914438504,0.4156584224598931,0.17424799465240642,0.40807152406417113,0.42947860962566836,0.02565173796791443
Tennis,Uniform,Simulation Data,9,0.5005514705882352,0.38738302139037434,0.2173128342245989,0.39273061497326206,0.33987299465240645,0.03927139037433157
Tennis,Uniform,Simulation Data,10,0.4878008021390373,0.39104278074866317,0.18673128342245987,0.4670955882352942,0.3184324866310161,0.004294786096256692
Tennis,Uniform,Simulation Data,11,0.5128843582887701,0.49194518716577545,0.1646390374331551,0.3961397058823529,0.3813168449197861,0.026019385026737972
Tennis,Uniform,Simulation Data,12,0.4586397058823529,0.43018048128342234,0.14303141711229944,0.4240641711229946,0.3598094919786096,0.007135695187165769
Tennis,Uniform,Simulation Data,13,0.4907921122994653,0.4982118983957219,0.20427807486631014,0.38358957219251333,0.3869819518716578,0.028024732620320864
Tennis,Uniform,Simulation Data,14,0.5363135026737968,0.49221256684491976,0.15334224598930485,0.39311497326203204,0.3493482620320855,0.04503676470588236
Tennis,Uniform,Simulation Data,15,0.5150401069518715,0.5067513368983957,0.16829879679144386,0.43089906417112295,0.4067513368983958,0.039572192513368985
Tennis,Uniform,Simulation Data,16,0.5499832887700535,0.5017045454545455,0.18263703208556148,0.43689839572192507,0.4014371657754011,0.0313168449197861
Tennis,Uniform,Simulation Data,17,0.611480614973262,0.5057653743315508,0.21487299465240645,0.44824532085561486,0.4193348930481283,0.012466577540106955
Tennis,Uniform,Simulation Data,18,0.5658756684491977,0.5673128342245988,0.21226604278074865,0.46288435828877006,0.3706550802139037,0.02366310160427807
Tennis,Uniform,Simulation Data,19,0.5408255347593582,0.5408422459893047,0.1912433155080214,0.4456717914438502,0.37986296791443847,0.04430147058823528
Tennis,Uniform,Simulation Data,20,0.5989304812834224,0.5609959893048129,0.1849097593582888,0.48114973262032085,0.37281082887700534,0.02187499999999997
Tennis,Uniform,Simulation Data,21,0.6337901069518718,0.5571356951871658,0.12613636363636366,0.47272727272727266,0.4083054812834225,0.020905748663101596
Tennis,Uniform,Simulation Data,22,0.6157419786096257,0.583957219251337,0.2149732620320856,0.46199866310160437,0.41808155080213905,0.04423462566844918
Tennis,Uniform,Simulation Data,23,0.6334893048128343,0.572192513368984,0.15982620320855617,0.44209558823529405,0.30686831550802146,0.04951537433155081
Tennis,Uniform,Simulation Data,24,0.6248161764705883,0.5825701871657755,0.184725935828877,0.4556651069518717,0.32386363636363635,0.02200868983957218
Tennis,Uniform,Simulation Data,25,0.612433155080214,0.5767379679144383,0.1813168449197861,0.4566343582887701,0.3648729946524065,0.03581216577540106
Tennis,Uniform,Simulation Data,26,0.6271056149732621,0.6238302139037433,0.182971256684492,0.3800133689839572,0.4313335561497326,0.0446524064171123
Tennis,Uniform,Simulation Data,27,0.639572192513369,0.6359124331550803,0.17573529411764705,0.42107286096256685,0.42563502673796794,0.03955548128342247
Tennis,Uniform,Simulation Data,28,0.6057319518716577,0.6533422459893048,0.23562834224598933,0.4545287433155081,0.4478275401069519,0.026671122994652408
Tennis,Uniform,Simulation Data,29,0.6650568181818182,0.6278910427807487,0.1922794117647059,0.4627005347593583,0.4322192513368984,0.09289772727272727
Tennis,Uniform,Simulation Data,30,0.6749164438502675,0.6151905080213903,0.17052139037433162,0.3691176470588236,0.3862633689839572,0.05658422459893048
Tennis,Uniform,Simulation Data,31,0.6645721925133691,0.6573696524064171,0.1619986631016043,0.4616978609625669,0.2813669786096257,0.03003008021390375
Tennis,Uniform,Simulation Data,32,0.6667780748663101,0.6542613636363639,0.2125668449197861,0.44916443850267385,0.36211564171123,0.04717580213903742
Tennis,Uniform,Simulation Data,33,0.6734124331550801,0.6592914438502673,0.2,0.4628175133689839,0.373596256684492,0.032971256684491974
Tennis,Uniform,Simulation Data,34,0.6766042780748663,0.6790608288770053,0.1871657754010695,0.444034090909091,0.3221758021390374,0.01691176470588236
Tennis,Uniform,Simulation Data,35,0.6923963903743315,0.6722760695187164,0.20934157754010693,0.47057152406417097,0.3745822192513369,0.07296122994652406
Tennis,Uniform,Simulation Data,36,0.6682987967914438,0.6413435828877005,0.2553141711229947,0.46717914438502683,0.3396223262032086,0.07369652406417111
Tennis,Uniform,Simulation Data,37,0.6956049465240641,0.6879010695187165,0.20940842245989305,0.3941510695187165,0.41699532085561497,0.0661931818181818
Tennis,Uniform,Simulation Data,38,0.7022058823529412,0.6746323529411765,0.20452874331550802,0.500919117647059,0.3473763368983958,0.0787600267379679
Tennis,Uniform,Simulation Data,39,0.6729445187165775,0.6911931818181819,0.2259525401069519,0.48688168449197855,0.3842747326203208,0.04044117647058824
Tennis,Uniform,Simulation Data,40,0.6807319518716579,0.7039605614973261,0.2302640374331551,0.44587232620320866,0.4004177807486631,0.03808489304812835
Tennis,PL,Simulation Data,1,0.5883355614973262,0.6172459893048128,0.6397058823529411,0.6143048128342248,0.224331550802139,0.26378676470588236
Tennis,PL,Simulation Data,2,0.43880347593582886,0.35982620320855613,0.3522225935828877,0.34956550802139036,0.21617647058823528,0.0579879679144385
Tennis,PL,Simulation Data,3,0.482235962566845,0.32979612299465233,0.2631183155080214,0.3076036096256685,0.2673128342245989,0.039806149732620325
Tennis,PL,Simulation Data,4,0.3795454545454545,0.31584224598930477,0.1648729946524064,0.2919117647058823,0.2792780748663102,0.031584224598930496
Tennis,PL,Simulation Data,5,0.4027573529411764,0.3242145721925133,0.1931651069518717,0.2630013368983957,0.3153910427807487,0.024649064171122996
Tennis,PL,Simulation Data,6,0.36869986631016044,0.3001002673796792,0.19831216577540106,0.39380013368983957,0.3694685828877005,0.010477941176470579
Tennis,PL,Simulation Data,7,0.4384525401069519,0.38581216577540106,0.20392713903743317,0.36186497326203215,0.3962733957219252,0.017362967914438514
Tennis,PL,Simulation Data,8,0.4521390374331551,0.3734291443850267,0.191326871657754,0.3648228609625669,0.37107286096256686,0.009274732620320863
Tennis,PL,Simulation Data,9,0.5440006684491978,0.40641711229946526,0.1710060160427808,0.411062834224599,0.40389371657754014,0.027757352941176473
Tennis,PL,Simulation Data,10,0.5229779411764708,0.45447860962566844,0.19767713903743314,0.36163101604278075,0.3394050802139038,0.018332219251336886
Tennis,PL,Simulation Data,11,0.459375,0.5106951871657754,0.19948195187165776,0.4485795454545455,0.3759024064171123,0.013987299465240643
Tennis,PL,Simulation Data,12,0.5385360962566845,0.5039104278074866,0.2058656417112299,0.4336062834224599,0.38567847593582893,0.013703208556149732
Tennis,PL,Simulation Data,13,0.5510360962566846,0.48663101604278064,0.18945521390374337,0.4545454545454545,0.37941176470588245,0.006366978609625656
Tennis,PL,Simulation Data,14,0.5167112299465241,0.4931985294117647,0.20606617647058828,0.4406751336898396,0.39333221925133693,0.04395053475935828
Tennis,PL,Simulation Data,15,0.5520387700534759,0.49336564171122993,0.21732954545454547,0.45755347593582874,0.38586229946524064,0.03439171122994654
Tennis,PL,Simulation Data,16,0.5376671122994652,0.5255013368983957,0.18069852941176465,0.4397058823529411,0.4266711229946523,0.013419117647058826
Tennis,PL,Simulation Data,17,0.5772225935828879,0.5571858288770053,0.16677807486631013,0.42388034759358295,0.3885026737967915,0.034993315508021386
Tennis,PL,Simulation Data,18,0.5619151069518716,0.5438335561497328,0.17730614973262027,0.46646056149732623,0.4214070855614972,0.02473262032085562
Tennis,PL,Simulation Data,19,0.5481951871657754,0.5682820855614973,0.23355614973262034,0.4589070855614973,0.4182987967914439,0.028609625668449205
Tennis,PL,Simulation Data,20,0.5657921122994652,0.597894385026738,0.22448195187165773,0.3528910427807486,0.3539939839572192,0.03074866310160429
Tennis,PL,Simulation Data,21,0.6452038770053478,0.5466410427807487,0.20701871657754012,0.4488970588235294,0.4016544117647059,0.06371991978609626
Tennis,PL,Simulation Data,22,0.5940340909090909,0.6020889037433155,0.21564171122994652,0.4211397058823529,0.37606951871657757,0.020838903743315512
Tennis,PL,Simulation Data,23,0.6390374331550802,0.5577874331550802,0.2038435828877005,0.4697359625668448,0.40875668449197866,0.03454211229946524
Tennis,PL,Simulation Data,24,0.6485461229946524,0.6010193850267379,0.16467245989304813,0.4769552139037433,0.39608957219251334,0.04949866310160427
Tennis,PL,Simulation Data,25,0.5897560160427808,0.6170120320855617,0.20584893048128344,0.44216243315508025,0.284408422459893,0.05005013368983957
Tennis,PL,Simulation Data,26,0.679144385026738,0.6117479946524064,0.173245320855615,0.4519217914438503,0.37510026737967916,0.027473262032085572
Tennis,PL,Simulation Data,27,0.6612633689839571,0.606851604278075,0.20678475935828872,0.4598262032085561,0.4244986631016043,0.03785093582887701
Tennis,PL,Simulation Data,28,0.642346256684492,0.5990307486631018,0.15718582887700533,0.4829378342245989,0.39587232620320856,0.03783422459893048
Tennis,PL,Simulation Data,29,0.6731951871657753,0.6486129679144386,0.20798796791443852,0.40376002673796796,0.3868983957219251,0.069451871657754
Tennis,PL,Simulation Data,30,0.690558155080214,0.5982453208556151,0.1911096256684492,0.4917780748663102,0.42296122994652396,0.05879010695187166
Tennis,PL,Simulation Data,31,0.664288101604278,0.6145053475935829,0.18283756684491984,0.45275735294117664,0.3547627005347594,0.04136029411764704
Tennis,PL,Simulation Data,32,0.678726604278075,0.6405414438502673,0.1884692513368984,0.4526403743315509,0.3657085561497327,0.05671791443850268
Tennis,PL,Simulation Data,33,0.6717914438502672,0.6464237967914438,0.16168114973262035,0.40827205882352946,0.3637366310160427,0.04727606951871659
Tennis,PL,Simulation Data,34,0.6529578877005346,0.6655414438502673,0.179144385026738,0.4643883689839572,0.3961898395721925,0.04851270053475936
Tennis,PL,Simulation Data,35,0.6650568181818183,0.6616477272727271,0.18739973262032084,0.46689505347593585,0.39732620320855616,0.03972259358288772
Tennis,PL,Simulation Data,36,0.6783756684491978,0.6681149732620322,0.15252339572192514,0.50350935828877,0.3621156417112299,0.041243315508021364
Tennis,PL,Simulation Data,37,0.7032085561497325,0.6852606951871657,0.19757687165775403,0.45061831550802134,0.3578877005347594,0.029010695187165758
Tennis,PL,Simulation Data,38,0.6583389037433156,0.6793783422459894,0.1908923796791444,0.4361631016042781,0.36569184491978607,0.051119652406417124
Tennis,PL,Simulation Data,39,0.6743482620320855,0.6983622994652408,0.2022225935828877,0.44812834224598924,0.3873663101604278,0.07981283422459892
Tennis,PL,Simulation Data,40,0.6704712566844919,0.7021223262032086,0.1702874331550802,0.4822359625668448,0.4257185828877005,0.044151069518716585
Tennis,Normal,Simulation Data,1,0.6525568181818182,0.6554645721925132,0.5946189839572193,0.6601102941176469,0.27015374331550807,0.2865307486631017
Tennis,Normal,Simulation Data,2,0.3646724598930481,0.4274064171122995,0.31799799465240636,0.3687332887700535,0.22605280748663095,0.09478609625668451
Tennis,Normal,Simulation Data,3,0.3556985294117648,0.339254679144385,0.2686831550802139,0.29951537433155084,0.2696524064171123,0.02917780748663103
Tennis,Normal,Simulation Data,4,0.3740140374331551,0.3166610962566844,0.1967413101604278,0.32707219251336894,0.2827540106951872,0.03873663101604277
Tennis,Normal,Simulation Data,5,0.34470254010695184,0.3698696524064171,0.1770053475935829,0.35713569518716576,0.338485962566845,0.022894385026737962
Tennis,Normal,Simulation Data,6,0.43275401069518715,0.37219251336898396,0.20419451871657754,0.3700701871657754,0.332620320855615,0.027623663101604273
Tennis,Normal,Simulation Data,7,0.4059993315508022,0.3918449197860962,0.1764538770053476,0.3719585561497326,0.4007185828877005,0.0005347593582887666
Tennis,Normal,Simulation Data,8,0.45899064171122994,0.40656751336898395,0.2203375668449198,0.3526069518716578,0.44558823529411756,0.0009191176470588258
Tennis,Normal,Simulation Data,9,0.476721256684492,0.460010026737968,0.18484291443850268,0.3733622994652406,0.3475935828877005,0.011998663101604273
Tennis,Normal,Simulation Data,10,0.4478108288770053,0.37969585561497327,0.1842580213903743,0.38836898395721925,0.3952540106951871,0.005548128342245972
Tennis,Normal,Simulation Data,11,0.4942179144385026,0.40487967914438505,0.21532419786096257,0.4023897058823529,0.3679812834224599,0.008138368983957206
Tennis,Normal,Simulation Data,12,0.5164104278074866,0.4591577540106952,0.24923128342245984,0.41248328877005347,0.3628342245989305,0.02657085561497327
Tennis,Normal,Simulation Data,13,0.49625668449197874,0.46784759358288763,0.21468917112299463,0.4112132352941177,0.3881851604278075,0.05481283422459895
Tennis,Normal,Simulation Data,14,0.493683155080214,0.48957219251336903,0.2074699197860963,0.4257520053475937,0.3903743315508021,0.017780748663101604
Tennis,Normal,Simulation Data,15,0.5147894385026739,0.4744819518716576,0.14199532085561498,0.48409090909090924,0.41620989304812833,0.03263703208556149
Tennis,Normal,Simulation Data,16,0.5670287433155081,0.4664104278074864,0.20060160427807486,0.43298796791443844,0.37274398395721925,0.04082553475935828
Tennis,Normal,Simulation Data,17,0.5640541443850268,0.5279913101604279,0.21829879679144387,0.45421122994652413,0.3378342245989305,0.004378342245989292
Tennis,Normal,Simulation Data,18,0.5754344919786096,0.5252840909090909,0.19948195187165776,0.40523061497326207,0.36791443850267386,0.04782754010695186
Tennis,Normal,Simulation Data,19,0.514956550802139,0.5714070855614973,0.2031417112299465,0.4796457219251337,0.34934826203208563,0.007770721925133689
Tennis,Normal,Simulation Data,20,0.5748830213903743,0.5718750000000001,0.18096590909090912,0.42013703208556147,0.39100935828877004,0.05192179144385027
Tennis,Normal,Simulation Data,21,0.5962733957219252,0.5938335561497328,0.17185828877005346,0.40178810160427814,0.40920788770053473,0.04801136363636364
Tennis,Normal,Simulation Data,22,0.5776236631016042,0.5598094919786096,0.19179478609625672,0.4130180481283423,0.39635695187165776,0.020872326203208568
Tennis,Normal,Simulation Data,23,0.628091577540107,0.6300802139037434,0.1951704545454545,0.45108622994652403,0.37466577540106955,0.04102606951871657
Tennis,Normal,Simulation Data,24,0.6278743315508021,0.6293950534759358,0.16460561497326204,0.4427974598930481,0.36504010695187167,0.031784759358288776
Tennis,Normal,Simulation Data,25,0.6186831550802139,0.5941844919786097,0.15676804812834225,0.41408756684491976,0.41392045454545456,0.04259692513368983
Tennis,Normal,Simulation Data,26,0.6464237967914437,0.6060661764705884,0.14888034759358287,0.44625668449197853,0.40521390374331545,0.04396724598930479
Tennis,Normal,Simulation Data,27,0.6214739304812834,0.6130848930481283,0.21756350267379676,0.45416109625668455,0.3957386363636363,0.052256016042780754
Tennis,Normal,Simulation Data,28,0.6186163101604278,0.6661931818181819,0.1925802139037433,0.4390875668449198,0.37202540106951876,0.015307486631016049
Tennis,Normal,Simulation Data,29,0.6902573529411764,0.6305648395721926,0.2418114973262032,0.48310494652406427,0.3785762032085562,0.0162433155080214
Tennis,Normal,Simulation Data,30,0.6416778074866311,0.6247994652406416,0.19488636363636364,0.4359124331550802,0.36595922459893043,0.04438502673796792
Tennis,Normal,Simulation Data,31,0.6659258021390373,0.6673796791443852,0.16856617647058822,0.45999331550802147,0.40541443850267384,0.04478609625668449
Tennis,Normal,Simulation Data,32,0.6463569518716578,0.6506183155080214,0.13298796791443848,0.490625,0.39552139037433154,0.03741644385026737
Tennis,Normal,Simulation Data,33,0.6623161764705883,0.6503008021390375,0.24707553475935823,0.48255347593582887,0.368432486631016,0.03425802139037433
Tennis,Normal,Simulation Data,34,0.6432987967914437,0.6600100267379678,0.20952540106951875,0.495471256684492,0.3529411764705882,0.059308155080213906
Tennis,Normal,Simulation Data,35,0.6550969251336897,0.6583389037433156,0.2165775401069519,0.45969251336898403,0.3587901069518717,0.05601604278074864
Tennis,Normal,Simulation Data,36,0.6914772727272727,0.6561664438502673,0.21519050802139036,0.4409926470588236,0.3285093582887701,0.05407754010695189
Tennis,Normal,Simulation Data,37,0.6713736631016042,0.6824866310160427,0.16440508021390376,0.4547292780748663,0.3692513368983957,0.06951871657754011
Tennis,Normal,Simulation Data,38,0.665056818181818,0.6554311497326203,0.17932820855614973,0.40909090909090917,0.3692012032085562,0.04323195187165774
Tennis,Normal,Simulation Data,39,0.6455213903743315,0.6998830213903744,0.15638368983957215,0.43537767379679143,0.4133522727272728,0.05330882352941178
Tennis,Normal,Simulation Data,40,0.6618482620320856,0.6816176470588236,0.16826537433155078,0.4718917112299466,0.35355949197860964,0.0743816844919786
Tennis,MultiGaussian,Simulation Data,1,0.6401905080213903,0.6091076203208556,0.5632520053475936,0.6068516042780748,0.2461397058823529,0.2796457219251337
Tennis,MultiGaussian,Simulation Data,2,0.4370153743315507,0.39137700534759357,0.3405414438502673,0.37185828877005356,0.3245822192513369,0.10033422459893049
Tennis,MultiGaussian,Simulation Data,3,0.3256350267379679,0.34391711229946526,0.22210895721925134,0.28554478609625666,0.24941510695187166,0.03343917112299466
Tennis,MultiGaussian,Simulation Data,4,0.3678475935828877,0.3291443850267381,0.22212566844919784,0.2863135026737968,0.3614304812834225,0.029762700534759344
Tennis,MultiGaussian,Simulation Data,5,0.3819017379679145,0.36238302139037437,0.199298128342246,0.3099097593582888,0.35397727272727275,0.02581885026737969
Tennis,MultiGaussian,Simulation Data,6,0.39191176470588235,0.36463903743315507,0.22506684491978612,0.4170120320855616,0.3775401069518717,0.02545120320855615
Tennis,MultiGaussian,Simulation Data,7,0.4495655080213904,0.40910762032085557,0.2075534759358289,0.3536096256684492,0.44266377005347596,0.031249999999999983
Tennis,MultiGaussian,Simulation Data,8,0.4528910427807486,0.42322860962566844,0.1272058823529412,0.39486965240641714,0.38729946524064174,0.0014705882352941235
Tennis,MultiGaussian,Simulation Data,9,0.46214906417112295,0.4197860962566845,0.1709224598930481,0.3720755347593583,0.3985461229946523,0.013051470588235303
Tennis,MultiGaussian,Simulation Data,10,0.4886196524064171,0.4485294117647059,0.2476437165775401,0.3863135026737968,0.38083221925133687,0.029829545454545463
Tennis,MultiGaussian,Simulation Data,11,0.4639538770053476,0.43442513368983954,0.23653074866310164,0.40063502673796786,0.38355614973262037,0.015407754010695196
Tennis,MultiGaussian,Simulation Data,12,0.5156417112299465,0.4477941176470589,0.19120989304812835,0.4350935828877005,0.4053977272727273,0.009475267379679141
Tennis,MultiGaussian,Simulation Data,13,0.5470588235294118,0.4218582887700535,0.1953375668449198,0.4169284759358288,0.3750334224598931,0.02306149732620321
Tennis,MultiGaussian,Simulation Data,14,0.478409090909091,0.4995153743315508,0.17929478609625668,0.38402406417112295,0.3600601604278075,-0.008004679144385029
Tennis,MultiGaussian,Simulation Data,15,0.5384859625668449,0.5089070855614974,0.18629679144385028,0.4318014705882353,0.39774398395721927,0.03788435828877005
Tennis,MultiGaussian,Simulation Data,16,0.569067513368984,0.45782085561497327,0.15625000000000003,0.4108622994652406,0.39943181818181817,0.027757352941176455
Tennis,MultiGaussian,Simulation Data,17,0.5644886363636364,0.5254010695187167,0.17575200534759358,0.4148562834224599,0.4132352941176471,0.01888368983957218
Tennis,MultiGaussian,Simulation Data,18,0.560711898395722,0.5316176470588236,0.18744986631016042,0.40302473262032085,0.3581049465240642,0.03765040106951871
Tennis,MultiGaussian,Simulation Data,19,0.6135360962566845,0.5767713903743316,0.1463068181818182,0.4585895721925133,0.3874498663101604,0.01256684491978612
Tennis,MultiGaussian,Simulation Data,20,0.5539939839572192,0.5679311497326204,0.15917446524064172,0.4340073529411764,0.38357286096256693,0.01619318181818182
Tennis,MultiGaussian,Simulation Data,21,0.5911597593582887,0.5877673796791444,0.2230447860962567,0.4129177807486631,0.3589572192513369,0.031951871657754025
Tennis,MultiGaussian,Simulation Data,22,0.632302807486631,0.5634692513368983,0.21744652406417112,0.35376002673796786,0.4115808823529413,0.023846925133689835
Tennis,MultiGaussian,Simulation Data,23,0.6245655080213904,0.5926136363636364,0.16097927807486634,0.4379679144385026,0.37319518716577543,0.023028074866310165
Tennis,MultiGaussian,Simulation Data,24,0.600284090909091,0.5751838235294117,0.19293114973262032,0.45641711229946524,0.4206550802139037,0.026637700534759362
Tennis,MultiGaussian,Simulation Data,25,0.617279411764706,0.591610962566845,0.20823863636363638,0.42775735294117656,0.43539438502673794,0.022510026737967915
Tennis,MultiGaussian,Simulation Data,26,0.6383355614973262,0.5969418449197861,0.2154913101604278,0.4716243315508022,0.4248161764705882,0.03490975935828876
Tennis,MultiGaussian,Simulation Data,27,0.5856951871657754,0.6042947860962566,0.2079378342245989,0.44956550802139034,0.4093415775401069,0.058188502673796785
Tennis,MultiGaussian,Simulation Data,28,0.645220588235294,0.6093917112299465,0.16920120320855614,0.43125,0.36268382352941175,0.03970588235294118
Tennis,MultiGaussian,Simulation Data,29,0.6568683155080215,0.6447526737967915,0.1714906417112299,0.4247827540106951,0.35218917112299464,0.06271724598930481
Tennis,MultiGaussian,Simulation Data,30,0.6468582887700536,0.6338068181818182,0.2140875668449198,0.3960060160427808,0.4060160427807487,0.04799465240641711
Tennis,MultiGaussian,Simulation Data,31,0.6463402406417111,0.6233957219251336,0.19430147058823527,0.42824197860962565,0.4163602941176471,0.07053810160427808
Tennis,MultiGaussian,Simulation Data,32,0.6652573529411764,0.6295788770053476,0.2214070855614973,0.5079545454545453,0.36656082887700536,0.056216577540106935
Tennis,MultiGaussian,Simulation Data,33,0.6752339572192513,0.6310995989304813,0.19515374331550803,0.476403743315508,0.34754344919786095,0.04468582887700534
Tennis,MultiGaussian,Simulation Data,34,0.6804979946524066,0.6400066844919785,0.19024064171122995,0.49314839572192504,0.395471256684492,0.06326871657754012
Tennis,MultiGaussian,Simulation Data,35,0.65038435828877,0.6853442513368985,0.21330213903743314,0.43616310160427807,0.3960561497326203,0.06417112299465241
Tennis,MultiGaussian,Simulation Data,36,0.6622994652406418,0.666961898395722,0.21255013368983958,0.44115975935828866,0.4045287433155081,0.05406082887700534
Tennis,MultiGaussian,Simulation Data,37,0.6756350267379678,0.660043449197861,0.23270387700534756,0.39391711229946524,0.42057152406417114,0.05282419786096254
Tennis,MultiGaussian,Simulation Data,38,0.6528409090909091,0.6884692513368982,0.17591911764705878,0.48161764705882365,0.39528743315508025,0.06377005347593583
Tennis,MultiGaussian,Simulation Data,39,0.6518382352941178,0.6963903743315508,0.18280414438502673,0.4005347593582888,0.4137867647058823,0.06012700534759359
Tennis,MultiGaussian,Simulation Data,40,0.6723596256684492,0.6802974598930482,0.16818181818181815,0.4745153743315509,0.3418783422459893,0.03925467914438504
Go,,Real Data,1,0.5916945187165775,0.6040274064171122,0.6475434491978611,0.5949030748663101,0.20120320855614976,0.2663602941176471
Go,,Real Data,2,0.38995655080213903,0.3573696524064171,0.3450033422459894,0.33997326203208555,0.27683823529411766,0.13460895721925137
Go,,Real Data,3,0.27957887700534756,0.3532586898395722,0.17976270053475935,0.3198696524064171,0.27180815508021394,0.04844585561497326
Go,,Real Data,4,0.3709224598930482,0.27394719251336896,0.18851938502673798,0.25038435828877015,0.2802807486631016,0.03404077540106952
Go,,Real Data,5,0.3947693850267379,0.35533088235294114,0.15922459893048127,0.3349264705882352,0.33639705882352944,0.013719919786096263
Go,,Real Data,6,0.40294117647058825,0.2780581550802139,0.17118983957219253,0.29532085561497323,0.3430648395721925,-0.0014538770053475869
Go,,Real Data,7,0.3684659090909091,0.3487299465240641,0.24264705882352944,0.3962733957219251,0.3420287433155081,-0.0035929144385026535
Go,,Real Data,8,0.42386363636363644,0.4209224598930481,0.12822526737967915,0.36599264705882356,0.3897393048128343,0.006567513368983963
Go,,Real Data,9,0.379528743315508,0.40666778074866305,0.16353609625668447,0.34047459893048126,0.34831216577540103,-0.03056483957219252
Go,,Real Data,10,0.39587232620320856,0.36946858288770057,0.16383689839572188,0.35619986631016043,0.3611129679144384,-0.03449197860962567
Go,,Real Data,11,0.4084057486631017,0.40711898395721924,0.13014705882352945,0.3741644385026738,0.3866477272727272,-0.03786764705882351
Go,,Real Data,12,0.47541778074866314,0.4025902406417112,0.21096256684491976,0.3320354278074866,0.35250668449197864,-0.014004010695187169
Go,,Real Data,13,0.4572025401069519,0.39507018716577547,0.15962566844919784,0.45487967914438504,0.44049131016042775,-0.014672459893048129
Go,,Real Data,14,0.4240975935828878,0.4154578877005347,0.17540106951871653,0.36504010695187167,0.3835728609625668,-0.03370655080213904
Go,,Real Data,15,0.4973094919786097,0.4865140374331551,0.11729612299465242,0.35907419786096256,0.35011697860962565,-0.04630681818181818
Go,,Real Data,16,0.5140875668449197,0.5221089572192513,0.2022225935828877,0.3930982620320856,0.34241310160427807,-0.024214572192513346
Go,,Real Data,17,0.5228442513368983,0.43912098930481286,0.14710895721925135,0.33131684491978614,0.3360127005347594,-0.03317179144385028
Go,,Real Data,18,0.524649064171123,0.5036430481283423,0.14314839572192514,0.4294786096256685,0.368683155080214,-0.026721256684492
Go,,Real Data,19,0.5456383689839571,0.5564839572192514,0.16270053475935828,0.39313168449197855,0.30865641711229946,-0.03998997326203209
Go,,Real Data,20,0.5602941176470587,0.47027072192513364,0.16759692513368987,0.4662098930481283,0.3829378342245989,-0.025668449197860977
Go,,Real Data,21,0.5397727272727273,0.4852105614973262,0.20307486631016047,0.4276236631016044,0.35030080213903736,-0.030815508021390388
Go,,Real Data,22,0.4985795454545455,0.5139538770053476,0.20566510695187165,0.37062165775401074,0.36186497326203215,-0.0395220588235294
Go,,Real Data,23,0.5196356951871659,0.5394385026737967,0.13957219251336897,0.4189505347593583,0.37362967914438505,-0.04655748663101604
Go,,Real Data,24,0.5481617647058824,0.5436664438502673,0.1511363636363636,0.4074866310160427,0.32984625668449197,-0.044385026737967896
Go,,Real Data,25,0.6028241978609625,0.5550802139037432,0.20100267379679143,0.3329712566844919,0.31811497326203203,-0.04517045454545455
Go,,Real Data,26,0.570187165775401,0.5272058823529412,0.16789772727272728,0.42301136363636366,0.33345588235294116,-0.06261697860962567
Go,,Real Data,27,0.5861463903743316,0.51836564171123,0.17633689839572192,0.44649064171122993,0.34100935828877005,-0.03626336898395724
Go,,Real Data,28,0.6279244652406419,0.5700868983957219,0.13913770053475935,0.4228108288770053,0.40469585561497334,-0.0436163101604278
Go,,Real Data,29,0.5849431818181818,0.5472927807486632,0.1648562834224599,0.4481283422459893,0.370120320855615,-0.03502673796791443
Go,,Real Data,30,0.62697192513369,0.5636530748663102,0.172225935828877,0.4550467914438503,0.38795120320855614,-0.07063836898395723
Go,,Real Data,31,0.6080213903743316,0.624582219251337,0.16380347593582884,0.4584057486631015,0.34692513368983957,-0.041794786096256704
Go,,Real Data,32,0.613201871657754,0.548562834224599,0.19289772727272725,0.44209558823529405,0.27341243315508024,-0.04187834224598931
Go,,Real Data,33,0.6069685828877006,0.5868315508021389,0.12820855614973262,0.4249665775401069,0.35765374331550803,-0.04480280748663103
Go,,Real Data,34,0.6306149732620321,0.6218582887700534,0.1697192513368984,0.43658088235294124,0.34502005347593584,-0.05914104278074868
Go,,Real Data,35,0.6234458556149733,0.618465909090909,0.16844919786096252,0.471206550802139,0.3598596256684493,-0.05947526737967914
Go,,Real Data,36,0.6440006684491979,0.595755347593583,0.18081550802139038,0.44242981283422456,0.30879010695187165,-0.05594919786096257
Go,,Real Data,37,0.6520053475935829,0.5932820855614975,0.1463402406417112,0.3460895721925133,0.3931651069518717,-0.056567513368983934
Go,,Real Data,38,0.6550802139037433,0.6337065508021391,0.16027740641711233,0.4134692513368984,0.3818683155080214,-0.04152740641711231
Go,,Real Data,39,0.6650902406417113,0.6116143048128342,0.1674799465240642,0.41433823529411756,0.3112800802139037,-0.05272393048128341
Go,,Real Data,40,0.640591577540107,0.6335060160427807,0.13943850267379682,0.42775735294117656,0.39271390374331555,-0.04288101604278077
Go,Uniform,Simulation Data,1,0.6012199197860963,0.6423295454545455,0.6175133689839571,0.627139037433155,0.292663770053476,0.26600935828877004
Go,Uniform,Simulation Data,2,0.3462232620320856,0.40232286096256675,0.3270554812834225,0.3163770053475936,0.22012032085561498,0.09929812834224601
Go,Uniform,Simulation Data,3,0.3442680481283423,0.2746323529411765,0.2759024064171124,0.3038602941176471,0.3140374331550802,0.05389371657754009
Go,Uniform,Simulation Data,4,0.2859959893048128,0.3405247326203208,0.14231283422459892,0.2130514705882353,0.32657085561497323,0.020287433155080227
Go,Uniform,Simulation Data,5,0.3000668449197861,0.2811330213903744,0.14974933155080214,0.3456383689839572,0.28920454545454544,0.001821524064171115
Go,Uniform,Simulation Data,6,0.3459558823529411,0.29112633689839573,0.20885695187165773,0.3096758021390375,0.36026069518716575,0.00895721925133689
Go,Uniform,Simulation Data,7,0.3567346256684491,0.3969752673796792,0.13051470588235295,0.2932152406417113,0.33958890374331546,-0.02702205882352941
Go,Uniform,Simulation Data,8,0.32078877005347606,0.37727272727272715,0.1440675133689839,0.37077205882352937,0.41325200534759354,-0.013168449197860976
Go,Uniform,Simulation Data,9,0.3829044117647059,0.39169451871657757,0.18206885026737968,0.4012533422459893,0.37860962566844913,-0.008238636363636387
Go,Uniform,Simulation Data,10,0.4117312834224599,0.34187834224598934,0.17936163101604277,0.3603609625668449,0.3563335561497326,-0.020270721925133694
Go,Uniform,Simulation Data,11,0.48597927807486646,0.44480280748663104,0.14431818181818185,0.40847259358288773,0.3179812834224599,-0.039471925133689856
Go,Uniform,Simulation Data,12,0.46122994652406424,0.4417112299465241,0.14756016042780748,0.41383689839572196,0.36814839572192515,-0.023145053475935817
Go,Uniform,Simulation Data,13,0.47525066844919783,0.452389705882353,0.17526737967914438,0.4154411764705882,0.3270387700534759,-0.0269552139037433
Go,Uniform,Simulation Data,14,0.4473094919786097,0.4518883689839572,0.1482620320855615,0.38166778074866303,0.31975267379679145,-0.02227606951871658
Go,Uniform,Simulation Data,15,0.4906584224598931,0.3983790106951871,0.17505013368983954,0.3866143048128342,0.3724097593582888,-0.046557486631016054
Go,Uniform,Simulation Data,16,0.5460060160427807,0.48544451871657757,0.16266711229946526,0.38619652406417115,0.3283422459893047,-0.05404411764705881
Go,Uniform,Simulation Data,17,0.4674966577540108,0.5293950534759357,0.1254177807486631,0.4310661764705883,0.3329545454545454,-0.015641711229946526
Go,Uniform,Simulation Data,18,0.5573028074866311,0.49792780748663096,0.19368315508021391,0.45949197860962565,0.31303475935828873,-0.04608957219251335
Go,Uniform,Simulation Data,19,0.5600768716577539,0.5143048128342247,0.18056483957219252,0.4223930481283422,0.3396891711229947,-0.033171791443850275
Go,Uniform,Simulation Data,20,0.5207887700534759,0.5073195187165774,0.17782419786096254,0.38584558823529413,0.34268048128342254,-0.02376336898395724
Go,Uniform,Simulation Data,21,0.5004010695187165,0.47222593582887706,0.16559157754010695,0.37536764705882353,0.307302807486631,-0.054378342245989295
Go,Uniform,Simulation Data,22,0.6023228609625668,0.511764705882353,0.13215240641711232,0.4115474598930482,0.3718917112299465,-0.016544117647058838
Go,Uniform,Simulation Data,23,0.5917279411764705,0.5247660427807486,0.17200868983957218,0.44192847593582885,0.3642713903743316,-0.031250000000000014
Go,Uniform,Simulation Data,24,0.5900066844919787,0.5743983957219251,0.1848094919786096,0.3917112299465241,0.35703542780748665,-0.044268048128342244
Go,Uniform,Simulation Data,25,0.5876504010695187,0.5184659090909091,0.18973930481283421,0.3550635026737968,0.35163770053475935,-0.030798796791443823
Go,Uniform,Simulation Data,26,0.5904411764705882,0.557235962566845,0.188552807486631,0.35125334224598925,0.34709224598930477,-0.035862299465240624
Go,Uniform,Simulation Data,27,0.6276737967914439,0.5416610962566845,0.1387700534759358,0.44580548128342257,0.35497994652406417,-0.046657754010695184
Go,Uniform,Simulation Data,28,0.6245487967914438,0.5754010695187165,0.2131183155080214,0.44299799465240647,0.3390875668449198,-0.04553810160427808
Go,Uniform,Simulation Data,29,0.5982954545454546,0.5465073529411766,0.17322860962566847,0.40710227272727273,0.31918449197860965,-0.029244652406417115
Go,Uniform,Simulation Data,30,0.6096089572192512,0.5597927807486631,0.1463402406417112,0.40282419786096246,0.35638368983957214,-0.05553141711229946
Go,Uniform,Simulation Data,31,0.6159592245989304,0.5863302139037433,0.16041109625668454,0.4509191176470589,0.3289104278074865,-0.05710227272727275
Go,Uniform,Simulation Data,32,0.5897225935828878,0.5843917112299466,0.12733957219251338,0.49336564171122993,0.3190842245989305,-0.052306149732620336
Go,Uniform,Simulation Data,33,0.631701203208556,0.5989973262032086,0.14979946524064172,0.3905080213903744,0.32722259358288774,-0.0348596256684492
Go,Uniform,Simulation Data,34,0.6241978609625669,0.5986631016042783,0.19921457219251335,0.42881016042780756,0.3140207219251337,-0.04258021390374333
Go,Uniform,Simulation Data,35,0.592379679144385,0.5999164438502673,0.11696189839572191,0.43252005347593575,0.3146390374331551,-0.056450534759358274
Go,Uniform,Simulation Data,36,0.6296290106951872,0.5841911764705883,0.16351938502673796,0.4358790106951872,0.2833054812834225,-0.06036096256684492
Go,Uniform,Simulation Data,37,0.5785260695187167,0.6188836898395721,0.177456550802139,0.4026737967914438,0.35882352941176476,-0.04595588235294115
Go,Uniform,Simulation Data,38,0.6330882352941176,0.597576871657754,0.18547794117647057,0.3746657754010695,0.35514705882352937,-0.051069518716577535
Go,Uniform,Simulation Data,39,0.6596758021390373,0.6262867647058823,0.18183489304812833,0.4473930481283423,0.33260360962566843,-0.023312165775401066
Go,Uniform,Simulation Data,40,0.5979445187165775,0.6139037433155081,0.15297459893048124,0.4081049465240641,0.3501838235294118,-0.0212566844919786
Go,PL,Simulation Data,1,0.6510695187165774,0.6762533422459891,0.5892379679144385,0.5942513368983956,0.203125,0.28051470588235294
Go,PL,Simulation Data,2,0.35513034759358286,0.4327038770053476,0.32844251336898395,0.394100935828877,0.28796791443850267,0.11789772727272727
Go,PL,Simulation Data,3,0.31228275401069516,0.3502172459893048,0.23582887700534755,0.2676470588235294,0.26666109625668455,0.037449866310160417
Go,PL,Simulation Data,4,0.34062500000000007,0.27244318181818183,0.20018382352941172,0.27722259358288764,0.23960561497326202,0.04515374331550802
Go,PL,Simulation Data,5,0.3512867647058824,0.29226270053475933,0.1492647058823529,0.3392713903743315,0.3004177807486631,0.03467580213903745
Go,PL,Simulation Data,6,0.3720755347593583,0.32822526737967916,0.16716243315508023,0.335043449197861,0.32553475935828874,0.018967245989304826
Go,PL,Simulation Data,7,0.34639037433155073,0.3468917112299465,0.10872326203208557,0.3116811497326203,0.35660093582887703,0.015474598930481276
Go,PL,Simulation Data,8,0.4002172459893048,0.3669786096256684,0.15536430481283423,0.35528074866310155,0.3400401069518716,-0.011647727272727264
Go,PL,Simulation Data,9,0.3890374331550802,0.3979445187165776,0.1571022727272727,0.32560160427807483,0.32625334224598934,0.011380347593582895
Go,PL,Simulation Data,10,0.4043114973262033,0.3954211229946525,0.19635695187165778,0.35359291443850255,0.35892379679144387,0.015992647058823535
Go,PL,Simulation Data,11,0.43883689839572193,0.4245655080213904,0.1407085561497326,0.36525735294117645,0.373913770053476,0.007870989304812831
Go,PL,Simulation Data,12,0.47558489304812834,0.4423629679144385,0.15322526737967915,0.413903743315508,0.2813836898395722,-0.023011363636363646
Go,PL,Simulation Data,13,0.4240808823529411,0.44629010695187166,0.19065842245989303,0.39674131016042785,0.3319685828877005,-0.022727272727272742
Go,PL,Simulation Data,14,0.47197526737967904,0.3944351604278076,0.16148061497326205,0.36153074866310153,0.304177807486631,-0.01811497326203208
Go,PL,Simulation Data,15,0.5491978609625667,0.4588402406417112,0.16343582887700536,0.4173295454545454,0.35658422459893047,-0.024565508021390365
Go,PL,Simulation Data,16,0.525701871657754,0.3893549465240641,0.17352941176470588,0.41131350267379674,0.3636029411764706,-0.0413101604278075
Go,PL,Simulation Data,17,0.4387366310160427,0.4803141711229945,0.18303810160427808,0.41911764705882354,0.30949197860962563,-0.04981617647058823
Go,PL,Simulation Data,18,0.5533088235294117,0.504913101604278,0.16973596256684492,0.35208890374331553,0.368048128342246,-0.016493983957219238
Go,PL,Simulation Data,19,0.5470421122994652,0.45150401069518714,0.1632520053475936,0.3579545454545454,0.395153743315508,-0.035995989304812834
Go,PL,Simulation Data,20,0.49458556149732613,0.4997994652406417,0.1317346256684492,0.384024064171123,0.32917780748663095,-0.011096256684491972
Go,PL,Simulation Data,21,0.5618983957219251,0.5388536096256684,0.1359792780748663,0.40787098930481286,0.3602272727272728,-0.05056818181818181
Go,PL,Simulation Data,22,0.5362299465240642,0.5233622994652407,0.16829879679144383,0.4001838235294118,0.40228943850267374,-0.07403074866310161
Go,PL,Simulation Data,23,0.5651403743315508,0.49764371657754003,0.18830213903743317,0.4354110962566845,0.2953208556149733,-0.02658756684491978
Go,PL,Simulation Data,24,0.5997159090909092,0.504846256684492,0.1805314171122995,0.45583221925133693,0.3629846256684492,-0.04080882352941177
Go,PL,Simulation Data,25,0.5881016042780749,0.5370989304812833,0.17759024064171122,0.4390875668449198,0.3479779411764706,-0.026437165775401072
Go,PL,Simulation Data,26,0.5780080213903744,0.5144217914438503,0.16128008021390375,0.42680481283422467,0.36925133689839573,-0.042262700534759334
Go,PL,Simulation Data,27,0.5812834224598931,0.5626504010695187,0.1917279411764706,0.43826871657754013,0.38111631016042774,-0.03654745989304814
Go,PL,Simulation Data,28,0.5958389037433155,0.5545955882352942,0.1748495989304813,0.40257352941176466,0.36600935828877007,-0.039171122994652384
Go,PL,Simulation Data,29,0.6113636363636366,0.5750501336898395,0.14222927807486632,0.38487633689839573,0.37008689839572184,-0.020805481283422484
Go,PL,Simulation Data,30,0.6148562834224599,0.5450033422459893,0.18427473262032085,0.39567179144385023,0.2990641711229947,-0.07398061497326204
Go,PL,Simulation Data,31,0.5931651069518717,0.5938335561497328,0.16773061497326203,0.4327038770053475,0.3425635026737968,-0.055096925133689835
Go,PL,Simulation Data,32,0.5929144385026739,0.6414104278074866,0.15222259358288773,0.3766209893048128,0.2541276737967914,-0.05740307486631015
Go,PL,Simulation Data,33,0.6211397058823531,0.57576871657754,0.16574197860962564,0.46313502673796786,0.35803810160427807,-0.04607286096256686
Go,PL,Simulation Data,34,0.6025066844919785,0.5953375668449199,0.11666109625668449,0.39717580213903747,0.3255848930481283,-0.048445855614973256
Go,PL,Simulation Data,35,0.6253509358288769,0.61365307486631,0.1619652406417112,0.35285762032085566,0.2963903743315508,-0.040407754010695185
Go,PL,Simulation Data,36,0.6384692513368984,0.6191510695187166,0.20350935828877,0.4447192513368984,0.36022727272727273,-0.024983288770053468
Go,PL,Simulation Data,37,0.5926136363636364,0.5969418449197862,0.16727941176470584,0.42242647058823535,0.38437499999999997,-0.04037433155080215
Go,PL,Simulation Data,38,0.6123328877005347,0.5951370320855615,0.18231951871657753,0.4125167112299465,0.3450701871657754,-0.07727272727272726
Go,PL,Simulation Data,39,0.6604612299465241,0.6287767379679144,0.15688502673796786,0.38669786096256675,0.32972927807486635,-0.04538770053475936
Go,PL,Simulation Data,40,0.6442513368983958,0.6226938502673796,0.16270053475935828,0.4559993315508021,0.3325701871657754,-0.04196189839572193
Go,Normal,Simulation Data,1,0.6425635026737968,0.6221925133689838,0.5953375668449199,0.6310661764705883,0.19254679144385028,0.30985962566844927
Go,Normal,Simulation Data,2,0.31789772727272736,0.3599264705882353,0.3624331550802139,0.426370320855615,0.24893048128342246,0.13088235294117645
Go,Normal,Simulation Data,3,0.30621657754010695,0.274014037433155,0.23885360962566843,0.2627673796791444,0.3491978609625668,0.0374331550802139
Go,Normal,Simulation Data,4,0.33472593582887694,0.2929311497326203,0.17182486631016042,0.23614639037433155,0.3224766042780749,0.044050802139037434
Go,Normal,Simulation Data,5,0.3334057486631016,0.28953877005347595,0.16111296791443852,0.28327205882352935,0.34478609625668455,0.0044117647058823485
Go,Normal,Simulation Data,6,0.34991644385026743,0.2953877005347594,0.14714237967914437,0.34919786096256683,0.353125,0.015942513368983956
Go,Normal,Simulation Data,7,0.3983790106951872,0.3701871657754011,0.16134692513368987,0.29259692513368984,0.3538770053475936,-0.0010695187165775445
Go,Normal,Simulation Data,8,0.3814171122994653,0.38684826203208555,0.20663435828877005,0.40118649732620326,0.4238302139037433,-0.011848262032085577
Go,Normal,Simulation Data,9,0.4252840909090908,0.35108622994652405,0.13317179144385022,0.3189505347593583,0.30021724598930477,-0.0014371657754011003
Go,Normal,Simulation Data,10,0.4276403743315508,0.4107620320855615,0.1461229946524064,0.3880347593582888,0.35411096256684493,-0.03345588235294118
Go,Normal,Simulation Data,11,0.45640040106951885,0.40879010695187157,0.15451203208556147,0.4331885026737969,0.35511363636363635,-0.01610962566844922
Go,Normal,Simulation Data,12,0.43711564171122996,0.4228442513368984,0.1733957219251337,0.3802139037433155,0.34471925133689835,-0.03228609625668449
Go,Normal,Simulation Data,13,0.4685494652406417,0.4195688502673797,0.1337566844919786,0.29398395721925136,0.33161764705882346,-0.01781417112299464
Go,Normal,Simulation Data,14,0.49771056149732623,0.39226270053475937,0.18995655080213902,0.3804645721925134,0.36926804812834224,-0.031166443850267372
Go,Normal,Simulation Data,15,0.5068348930481285,0.48377339572192507,0.18750000000000003,0.43033088235294115,0.31463903743315513,-0.03581216577540106
Go,Normal,Simulation Data,16,0.4899732620320855,0.475701871657754,0.18104946524064172,0.3960728609625669,0.3242479946524065,-0.02324532085561497
Go,Normal,Simulation Data,17,0.5712733957219253,0.48706550802139026,0.1884024064171123,0.4000668449197861,0.3216744652406417,-0.045538101604278076
Go,Normal,Simulation Data,18,0.5324866310160428,0.47723930481283433,0.15071858288770051,0.40614973262032084,0.3258522727272728,-0.05598262032085562
Go,Normal,Simulation Data,19,0.5532085561497325,0.4918449197860964,0.11861631016042784,0.42177473262032084,0.3472426470588235,-0.03253676470588235
Go,Normal,Simulation Data,20,0.5455381016042781,0.46067847593582895,0.1760360962566845,0.3530414438502673,0.2886530748663102,-0.06462232620320854
Go,Normal,Simulation Data,21,0.5319685828877005,0.5703375668449197,0.18399064171122997,0.4307319518716578,0.304812834224599,-0.026955213903743325
Go,Normal,Simulation Data,22,0.5921122994652406,0.5072359625668449,0.17580213903743314,0.4196189839572192,0.3997660427807488,-0.01435494652406415
Go,Normal,Simulation Data,23,0.5748997326203209,0.5261196524064171,0.13606283422459892,0.4091744652406417,0.36753008021390376,-0.03412433155080216
Go,Normal,Simulation Data,24,0.5655247326203209,0.5411597593582886,0.1486798128342246,0.49293114973262037,0.32937834224598933,-0.046106283422459884
Go,Normal,Simulation Data,25,0.5687667112299466,0.5355614973262031,0.17585227272727272,0.3684826203208556,0.34263034759358296,-0.0440173796791444
Go,Normal,Simulation Data,26,0.5917780748663102,0.5192847593582888,0.12850935828877005,0.3940173796791444,0.31567513368983957,-0.02439839572192512
Go,Normal,Simulation Data,27,0.5884859625668449,0.5445521390374332,0.1854612299465241,0.37130681818181815,0.3224933155080214,-0.053826871657754
Go,Normal,Simulation Data,28,0.5828041443850267,0.5652239304812835,0.2052974598930481,0.37934491978609625,0.32063836898395726,-0.04575534759358289
Go,Normal,Simulation Data,29,0.6296290106951871,0.5732787433155082,0.16948529411764707,0.3515541443850267,0.34567179144385024,-0.04707553475935829
Go,Normal,Simulation Data,30,0.6175969251336897,0.5945020053475937,0.1511363636363636,0.4129010695187166,0.3230280748663102,-0.05596590909090911
Go,Normal,Simulation Data,31,0.6236463903743317,0.5706216577540107,0.13932152406417114,0.37030414438502673,0.33549465240641707,-0.061731283422459884
Go,Normal,Simulation Data,32,0.6323195187165774,0.5518215240641712,0.13895387700534761,0.45778743315508025,0.3544117647058823,-0.03815173796791444
Go,Normal,Simulation Data,33,0.6159926470588235,0.5943014705882353,0.12695521390374329,0.4292947860962567,0.35521390374331546,-0.030013368983957206
Go,Normal,Simulation Data,34,0.5555648395721924,0.6012199197860962,0.17792446524064173,0.431567513368984,0.3364304812834225,-0.034408422459893076
Go,Normal,Simulation Data,35,0.6453041443850267,0.6009525401069519,0.140591577540107,0.4029913101604278,0.393716577540107,-0.03968917112299466
Go,Normal,Simulation Data,36,0.5929311497326204,0.6489471925133689,0.16006016042780752,0.4197192513368984,0.3112132352941177,-0.047944518716577546
Go,Normal,Simulation Data,37,0.6190508021390373,0.5832553475935828,0.16208221925133687,0.45100267379679143,0.35870655080213903,-0.0365140374331551
Go,Normal,Simulation Data,38,0.6516711229946525,0.6282419786096256,0.16786430481283424,0.3830882352941177,0.42267713903743315,-0.06497326203208556
Go,Normal,Simulation Data,39,0.6209057486631016,0.6044117647058823,0.1973596256684492,0.40130347593582893,0.3533923796791444,-0.06019385026737969
Go,Normal,Simulation Data,40,0.5972760695187167,0.607302807486631,0.1615140374331551,0.38091577540106947,0.32850935828877004,-0.05143716577540105
Go,MultiGaussian,Simulation Data,1,0.6226437165775401,0.6374331550802139,0.6226604278074868,0.5938836898395723,0.23932152406417115,0.28191844919786097
Go,MultiGaussian,Simulation Data,2,0.42934491978609624,0.36975267379679144,0.3498663101604278,0.3254679144385026,0.21149732620320855,0.09289772727272727
Go,MultiGaussian,Simulation Data,3,0.37374665775401067,0.3294117647058824,0.17063836898395726,0.24415106951871657,0.2389705882352941,0.04543783422459894
Go,MultiGaussian,Simulation Data,4,0.27177473262032087,0.23925467914438497,0.1667947860962567,0.2745487967914439,0.31843248663101603,0.0012867647058823594
Go,MultiGaussian,Simulation Data,5,0.3408088235294117,0.3455381016042781,0.19635695187165775,0.2810995989304813,0.2994151069518717,0.020621657754010685
Go,MultiGaussian,Simulation Data,6,0.32884358288770044,0.30723596256684493,0.15088569518716582,0.3085394385026738,0.34978275401069514,0.007286096256684494
Go,MultiGaussian,Simulation Data,7,0.43903743315508026,0.3251671122994652,0.1588068181818182,0.29712566844919786,0.3658422459893048,0.003943850267379712
Go,MultiGaussian,Simulation Data,8,0.40310828877005356,0.3306818181818182,0.20481283422459895,0.4028409090909092,0.3460728609625669,-0.004428475935828869
Go,MultiGaussian,Simulation Data,9,0.4019050802139037,0.41345254010695187,0.19395053475935828,0.4050635026737968,0.34296457219251336,-0.018699866310160417
Go,MultiGaussian,Simulation Data,10,0.4572025401069519,0.42708890374331554,0.15959224598930483,0.42082219251336905,0.3672125668449198,-0.015023395721925143
Go,MultiGaussian,Simulation Data,11,0.42937834224598925,0.3600601604278075,0.17862633689839572,0.3374832887700535,0.3686664438502674,-0.029227941176470613
Go,MultiGaussian,Simulation Data,12,0.4415441176470587,0.39857954545454544,0.14169451871657754,0.3591911764705883,0.2557820855614973,-0.04978275401069517
Go,MultiGaussian,Simulation Data,13,0.4951871657754011,0.4161931818181818,0.13392379679144384,0.3624331550802139,0.38280414438502675,-0.03419117647058822
Go,MultiGaussian,Simulation Data,14,0.537215909090909,0.44309826203208563,0.1410093582887701,0.3790106951871658,0.367028743315508,-0.03208556149732619
Go,MultiGaussian,Simulation Data,15,0.5324532085561499,0.44364973262032087,0.15852272727272726,0.3838569518716578,0.38490975935828875,-0.04156082887700533
Go,MultiGaussian,Simulation Data,16,0.4899398395721925,0.4969585561497327,0.15668449197860962,0.40997660427807486,0.38163435828877,-0.04321524064171123
Go,MultiGaussian,Simulation Data,17,0.5239639037433156,0.47331216577540103,0.1514872994652406,0.3974933155080213,0.26383689839572194,-0.05441176470588237
Go,MultiGaussian,Simulation Data,18,0.5044284759358288,0.4868148395721926,0.12149064171122999,0.3808656417112299,0.37281082887700545,-0.03238636363636365
Go,MultiGaussian,Simulation Data,19,0.48335561497326207,0.5373328877005348,0.1741477272727273,0.3588402406417112,0.2820855614973262,-0.02383021390374331
Go,MultiGaussian,Simulation Data,20,0.5720755347593582,0.4805481283422459,0.11351938502673795,0.34819518716577547,0.4409258021390374,-0.05516377005347593
Go,MultiGaussian,Simulation Data,21,0.5638368983957218,0.5181483957219252,0.09577205882352942,0.41816510695187165,0.3619986631016042,-0.04348262032085563
Go,MultiGaussian,Simulation Data,22,0.5378008021390375,0.44894719251336906,0.1771557486631016,0.40158756684491986,0.37897727272727266,-0.03960561497326204
Go,MultiGaussian,Simulation Data,23,0.5861463903743316,0.482653743315508,0.1432653743315508,0.37682152406417113,0.3598930481283422,-0.05892379679144385
Go,MultiGaussian,Simulation Data,24,0.5816844919786095,0.5630848930481284,0.20882352941176477,0.446808155080214,0.3674298128342245,-0.039037433155080195
Go,MultiGaussian,Simulation Data,25,0.5659090909090907,0.5411764705882354,0.18577874331550806,0.38343917112299464,0.35429478609625675,-0.043181818181818175
Go,MultiGaussian,Simulation Data,26,0.5981450534759358,0.5331550802139038,0.14132687165775404,0.408673128342246,0.36555815508021383,-0.036631016042780754
Go,MultiGaussian,Simulation Data,27,0.5971089572192512,0.5520387700534759,0.0977774064171123,0.4067012032085562,0.39802807486631,-0.058322192513368974
Go,MultiGaussian,Simulation Data,28,0.6055481283422459,0.5539438502673797,0.2582386363636363,0.40757018716577537,0.36602606951871663,-0.05813836898395723
Go,MultiGaussian,Simulation Data,29,0.578125,0.5582386363636362,0.169451871657754,0.34448529411764695,0.39979946524064175,-0.034692513368983956
Go,MultiGaussian,Simulation Data,30,0.6155581550802139,0.5284759358288771,0.1477272727272727,0.3820187165775402,0.32105614973262037,-0.047242647058823514
Go,MultiGaussian,Simulation Data,31,0.6209057486631017,0.5886864973262032,0.14751002673796793,0.4230949197860962,0.3436998663101604,-0.01886697860962565
Go,MultiGaussian,Simulation Data,32,0.6472760695187164,0.570822192513369,0.12926136363636365,0.3853275401069519,0.37244318181818176,-0.06323529411764704
Go,MultiGaussian,Simulation Data,33,0.6598930481283422,0.5965909090909092,0.184375,0.417413101604278,0.32814171122994645,-0.04075868983957221
Go,MultiGaussian,Simulation Data,34,0.6133188502673798,0.5865975935828878,0.13026403743315504,0.3965407754010696,0.31296791443850275,-0.044418449197860976
Go,MultiGaussian,Simulation Data,35,0.6287433155080213,0.6070521390374333,0.1903576203208556,0.43475935828877005,0.3205381016042781,-0.05046791443850267
Go,MultiGaussian,Simulation Data,36,0.6449699197860962,0.6201036096256686,0.17997994652406413,0.3951370320855615,0.2748161764705882,-0.0809826203208556
Go,MultiGaussian,Simulation Data,37,0.5987633689839573,0.5997326203208556,0.17722259358288772,0.4050300802139038,0.34124331550802145,-0.031316844919786084
Go,MultiGaussian,Simulation Data,38,0.6265207219251336,0.6102105614973263,0.1761029411764706,0.38489304812834224,0.38183489304812834,-0.03104946524064172
Go,MultiGaussian,Simulation Data,39,0.6054979946524065,0.5948362299465241,0.13594585561497324,0.37372994652406416,0.33479278074866314,-0.08248663101604278
Go,MultiGaussian,Simulation Data,40,0.6299966577540108,0.6391711229946525,0.20860628342245988,0.4004512032085562,0.21382018716577544,-0.04035762032085564
Badminton,,Real Data,1,0.6790441176470589,0.6761697860962568,0.6179144385026738,0.6617312834224599,0.19856283422459892,0.21345254010695186
Badminton,,Real Data,2,0.4213903743315509,0.4285427807486631,0.3737132352941176,0.40250668449197863,0.3181985294117647,0.10127005347593583
Badminton,,Real Data,3,0.38526069518716577,0.3992814171122995,0.26183155080213905,0.32341243315508017,0.295471256684492,0.09961564171122997
Badminton,,Real Data,4,0.3714906417112299,0.38454211229946517,0.2424966577540107,0.37757352941176475,0.3585394385026738,0.0674298128342246
Badminton,,Real Data,5,0.4601437165775401,0.36425467914438503,0.17650401069518715,0.3587065508021389,0.37170788770053476,0.06524064171122995
Badminton,,Real Data,6,0.4593081550802139,0.36138034759358284,0.1894385026737968,0.4168282085561496,0.4254679144385026,0.03146724598930481
Badminton,,Real Data,7,0.45895721925133703,0.428191844919786,0.17301136363636363,0.40925802139037437,0.43758355614973254,0.06420454545454546
Badminton,,Real Data,8,0.4353442513368983,0.4011530748663102,0.14704211229946526,0.4509692513368984,0.4452540106951872,0.029979946524064188
Badminton,,Real Data,9,0.5064672459893047,0.4876671122994652,0.1631350267379679,0.42155748663101617,0.4396390374331551,0.06943516042780748
Badminton,,Real Data,10,0.5467580213903743,0.44369986631016045,0.17252673796791443,0.4529745989304813,0.4475434491978609,0.10813836898395723
Badminton,,Real Data,11,0.5668783422459894,0.48088235294117654,0.1913770053475936,0.4650568181818181,0.47391377005347596,0.053743315508021396
Badminton,,Real Data,12,0.5511530748663103,0.5161096256684493,0.21472259358288773,0.41963569518716576,0.4460895721925134,0.06539104278074867
Badminton,,Real Data,13,0.5805314171122995,0.49196189839572196,0.18619652406417114,0.439572192513369,0.4036096256684492,0.09364973262032088
Badminton,,Real Data,14,0.551470588235294,0.5164438502673796,0.1476938502673797,0.4797292780748662,0.3873663101604277,0.10055147058823528
Badminton,,Real Data,15,0.5890708556149733,0.5729110962566846,0.16686163101604276,0.49662433155080227,0.3605113636363636,0.07530080213903742
Badminton,,Real Data,16,0.5690508021390374,0.5341410427807487,0.19473596256684494,0.44547125668449195,0.4550300802139037,0.08074866310160426
Badminton,,Real Data,17,0.5940842245989305,0.5753509358288771,0.1770889037433155,0.4807319518716578,0.43165106951871657,0.04227941176470588
Badminton,,Real Data,18,0.6030247326203209,0.5605949197860962,0.17682152406417115,0.48556149732620335,0.4671624331550803,0.055965909090909094
Badminton,,Real Data,19,0.6654745989304813,0.5855113636363635,0.2027573529411765,0.4560160427807486,0.42728943850267376,0.0914605614973262
Badminton,,Real Data,20,0.6123161764705883,0.5416610962566846,0.20193850267379682,0.4747660427807485,0.4452372994652406,0.09827874331550804
Badminton,,Real Data,21,0.6401570855614973,0.5713736631016041,0.17192513368983958,0.4985962566844919,0.41453877005347595,0.08407419786096257
Badminton,,Real Data,22,0.6462566844919785,0.6097092245989304,0.1535929144385027,0.44105949197860966,0.3872827540106951,0.09525401069518716
Badminton,,Real Data,23,0.6784592245989304,0.5878676470588234,0.1717914438502674,0.4687667112299466,0.4316844919786096,0.0950868983957219
Badminton,,Real Data,24,0.6147727272727272,0.563201871657754,0.21838235294117653,0.49242981283422466,0.4170454545454546,0.07653743315508021
Badminton,,Real Data,25,0.6879846256684491,0.6185327540106952,0.18233622994652404,0.49485294117647055,0.46121323529411756,0.08432486631016042
Badminton,,Real Data,26,0.6982118983957218,0.6174131016042781,0.16420454545454546,0.4257520053475936,0.413870320855615,0.09476938502673797
Badminton,,Real Data,27,0.7065340909090909,0.6207386363636364,0.16570855614973268,0.489605614973262,0.3977606951871658,0.0956885026737968
Badminton,,Real Data,28,0.7026403743315508,0.6080213903743316,0.19961564171122997,0.5224431818181818,0.4268549465240642,0.08714906417112298
Badminton,,Real Data,29,0.7109291443850269,0.6206049465240642,0.1693683155080214,0.4807152406417112,0.4429478609625669,0.08088235294117649
Badminton,,Real Data,30,0.7168449197860963,0.6092413101604278,0.1866310160427807,0.4730447860962568,0.3829879679144385,0.07561831550802142
Badminton,,Real Data,31,0.7262032085561497,0.6473930481283423,0.1649064171122995,0.4703542780748663,0.37700534759358295,0.12165775401069516
Badminton,,Real Data,32,0.7144552139037432,0.6345086898395722,0.15987633689839573,0.4816844919786096,0.4533589572192513,0.11859959893048129
Badminton,,Real Data,33,0.7186163101604278,0.6620989304812833,0.15902406417112297,0.5231784759358289,0.430581550802139,0.08547794117647059
Badminton,,Real Data,34,0.7306316844919787,0.6422292780748665,0.20897393048128343,0.5511196524064172,0.3733622994652407,0.11863302139037432
Badminton,,Real Data,35,0.7162266042780748,0.66134692513369,0.16996991978609627,0.4816844919786097,0.3859458556149732,0.0618816844919786
Badminton,,Real Data,36,0.7246156417112298,0.6576036096256686,0.15842245989304812,0.4942179144385027,0.40521390374331556,0.08019719251336899
Badminton,,Real Data,37,0.7305648395721926,0.6724097593582888,0.18546122994652406,0.4759692513368983,0.40304144385026736,0.0922292780748663
Badminton,,Real Data,38,0.737917780748663,0.6586898395721925,0.12287767379679145,0.47050467914438493,0.3753509358288771,0.09219585561497323
Badminton,,Real Data,39,0.7502506684491979,0.7157754010695185,0.23587901069518719,0.46283422459893053,0.4250167112299466,0.11893382352941177
Badminton,,Real Data,40,0.7273061497326203,0.6845588235294118,0.15265708556149735,0.48942179144385023,0.3769552139037433,0.0879177807486631
Badminton,Uniform,Simulation Data,1,0.6150735294117647,0.6570688502673796,0.6083054812834224,0.633957219251337,0.2536096256684492,0.18236965240641712
Badminton,Uniform,Simulation Data,2,0.37027072192513366,0.41552473262032086,0.417028743315508,0.3926804812834225,0.26597593582887696,0.10750334224598927
Badminton,Uniform,Simulation Data,3,0.4040106951871657,0.3207553475935828,0.20434491978609626,0.3226938502673797,0.2990474598930481,0.044050802139037434
Badminton,Uniform,Simulation Data,4,0.4429478609625669,0.32266042780748666,0.17374665775401069,0.3756851604278075,0.34052473262032085,0.07284425133689842
Badminton,Uniform,Simulation Data,5,0.45645053475935826,0.39343248663101604,0.12389705882352942,0.35289104278074873,0.39022393048128345,0.0013870320855615015
Badminton,Uniform,Simulation Data,6,0.43063168449197864,0.39635695187165776,0.15837232620320854,0.4080213903743316,0.4017713903743316,0.06109625668449199
Badminton,Uniform,Simulation Data,7,0.46453877005347605,0.43322192513368984,0.1653409090909091,0.3972927807486631,0.4679979946524064,0.05598262032085562
Badminton,Uniform,Simulation Data,8,0.4792279411764705,0.4927807486631016,0.14092580213903744,0.4262032085561498,0.45416109625668444,0.06861631016042781
Badminton,Uniform,Simulation Data,9,0.4886864973262032,0.4040775401069519,0.17525066844919787,0.4873161764705882,0.4335060160427807,0.07829211229946524
Badminton,Uniform,Simulation Data,10,0.46380347593582893,0.4787767379679145,0.2168616310160428,0.49227941176470597,0.422576871657754,0.04540441176470589
Badminton,Uniform,Simulation Data,11,0.5036764705882353,0.4941677807486631,0.1607620320855615,0.4143382352941177,0.3335060160427808,0.06941844919786097
Badminton,Uniform,Simulation Data,12,0.5644552139037433,0.5167279411764706,0.15324197860962568,0.4512199197860963,0.496624331550802,0.05003342245989306
Badminton,Uniform,Simulation Data,13,0.5769217914438503,0.5286096256684493,0.19580548128342248,0.44105949197860966,0.3932486631016042,0.0365307486631016
Badminton,Uniform,Simulation Data,14,0.5645220588235293,0.5267045454545455,0.20274064171123,0.5046624331550803,0.4394217914438502,0.09856283422459891
Badminton,Uniform,Simulation Data,15,0.561129679144385,0.49461898395721926,0.18688168449197864,0.4379344919786097,0.3935661764705883,0.07289438502673799
Badminton,Uniform,Simulation Data,16,0.5823195187165775,0.565591577540107,0.176754679144385,0.4740641711229946,0.4048295454545454,0.08669786096256686
Badminton,Uniform,Simulation Data,17,0.6458054812834224,0.5401570855614973,0.17135695187165778,0.4389371657754011,0.4115474598930481,0.03128342245989305
Badminton,Uniform,Simulation Data,18,0.5809324866310159,0.5609458556149733,0.1373495989304813,0.4658923796791445,0.47077205882352946,0.12927807486631018
Badminton,Uniform,Simulation Data,19,0.6318683155080212,0.5957553475935828,0.16841577540106953,0.4202038770053476,0.4520220588235294,0.07738970588235294
Badminton,Uniform,Simulation Data,20,0.6343248663101604,0.5642713903743315,0.16816510695187165,0.4593582887700536,0.4529913101604278,0.10113636363636362
Badminton,Uniform,Simulation Data,21,0.6504344919786095,0.5958389037433154,0.19801136363636368,0.47205882352941186,0.4269385026737968,0.0411096256684492
Badminton,Uniform,Simulation Data,22,0.6553475935828877,0.5871156417112299,0.15743649732620318,0.4882185828877005,0.43180147058823526,0.1026403743315508
Badminton,Uniform,Simulation Data,23,0.6746156417112301,0.5876504010695187,0.14642379679144385,0.5383021390374332,0.4136697860962566,0.09050802139037432
Badminton,Uniform,Simulation Data,24,0.6752172459893049,0.584976604278075,0.16529077540106957,0.4868148395721925,0.499682486631016,0.14002339572192513
Badminton,Uniform,Simulation Data,25,0.6647058823529411,0.5737633689839573,0.1713402406417112,0.47510026737967914,0.42727272727272736,0.08404077540106954
Badminton,Uniform,Simulation Data,26,0.7042613636363635,0.619451871657754,0.1100935828877005,0.4771557486631016,0.42132352941176465,0.1052974598930481
Badminton,Uniform,Simulation Data,27,0.7137199197860962,0.6258522727272727,0.14513703208556147,0.4791610962566845,0.436514037433155,0.11102941176470589
Badminton,Uniform,Simulation Data,28,0.7057152406417112,0.6186330213903745,0.19289772727272725,0.46164772727272735,0.44522058823529403,0.1300133689839572
Badminton,Uniform,Simulation Data,29,0.6925802139037434,0.6424632352941178,0.15486296791443857,0.4702372994652406,0.4321524064171123,0.12327874331550799
Badminton,Uniform,Simulation Data,30,0.7039104278074866,0.6234625668449197,0.18813502673796795,0.46692847593582887,0.43734959893048125,0.08063168449197859
Badminton,Uniform,Simulation Data,31,0.725317513368984,0.6519217914438503,0.1828542780748663,0.46574197860962574,0.40519719251336905,0.10427807486631016
Badminton,Uniform,Simulation Data,32,0.7308656417112299,0.623495989304813,0.21781417112299467,0.501470588235294,0.4299966577540106,0.14351604278074867
Badminton,Uniform,Simulation Data,33,0.7335394385026739,0.6730280748663102,0.1686330213903744,0.42531751336898405,0.4429979946524064,0.08415775401069518
Badminton,Uniform,Simulation Data,34,0.7487800802139039,0.630899064171123,0.16452205882352944,0.4799966577540107,0.4368649732620321,0.14020721925133692
Badminton,Uniform,Simulation Data,35,0.7476771390374333,0.6899565508021391,0.21356951871657753,0.5000501336898396,0.43404077540106956,0.13350601604278078
Badminton,Uniform,Simulation Data,36,0.720504679144385,0.6475434491978609,0.19268048128342247,0.5349933155080213,0.4074866310160428,0.10101938502673798
Badminton,Uniform,Simulation Data,37,0.7285260695187166,0.6384525401069518,0.18394050802139034,0.4588402406417112,0.4351270053475935,0.09141042780748664
Badminton,Uniform,Simulation Data,38,0.7444184491978609,0.6420955882352943,0.1768215240641711,0.48429144385026746,0.46119652406417105,0.050284090909090896
Badminton,Uniform,Simulation Data,39,0.7395721925133689,0.6821858288770055,0.17067179144385025,0.45777072192513374,0.4715073529411765,0.10270721925133688
Badminton,Uniform,Simulation Data,40,0.7487967914438503,0.6890541443850265,0.1759024064171123,0.5322526737967913,0.4346256684491978,0.09490307486631015
Badminton,PL,Simulation Data,1,0.6381350267379678,0.6391544117647059,0.686931818181818,0.6422125668449198,0.23248663101604286,0.20641711229946522
Badminton,PL,Simulation Data,2,0.48760026737967915,0.41179812834224594,0.3224431818181818,0.37192513368983954,0.27852606951871656,0.0952038770053476
Badminton,PL,Simulation Data,3,0.3592413101604278,0.4220922459893048,0.2568516042780749,0.3635695187165775,0.27991310160427807,0.07244318181818181
Badminton,PL,Simulation Data,4,0.40534759358288774,0.4483288770053476,0.21786430481283428,0.3666276737967914,0.3776403743315508,0.08385695187165776
Badminton,PL,Simulation Data,5,0.4036597593582888,0.40295788770053476,0.13562834224598933,0.3676804812834225,0.36420454545454545,0.060561497326203195
Badminton,PL,Simulation Data,6,0.4227105614973262,0.3650233957219251,0.14510360962566846,0.36423796791443847,0.4663101604278074,0.028241978609625677
Badminton,PL,Simulation Data,7,0.4476604278074866,0.44991644385026736,0.1634024064171123,0.36600935828877,0.4429311497326204,0.07394719251336898
Badminton,PL,Simulation Data,8,0.46565842245989303,0.43068181818181817,0.16786430481283426,0.47150735294117646,0.42259358288770044,0.08440842245989304
Badminton,PL,Simulation Data,9,0.5225267379679145,0.4898395721925134,0.20725267379679146,0.39458556149732615,0.45922459893048123,0.03397393048128343
Badminton,PL,Simulation Data,10,0.5053810160427809,0.4830715240641711,0.19699197860962564,0.4447526737967914,0.42266042780748664,0.08332219251336899
Badminton,PL,Simulation Data,11,0.5248830213903742,0.4878676470588236,0.17339572192513378,0.4723596256684493,0.46552473262032096,0.0815842245989305
Badminton,PL,Simulation Data,12,0.5752005347593583,0.47154077540106953,0.16831550802139034,0.4767713903743315,0.5130681818181818,0.08980614973262033
Badminton,PL,Simulation Data,13,0.569385026737968,0.536447192513369,0.1508355614973262,0.4234959893048128,0.4427473262032085,0.07620320855614975
Badminton,PL,Simulation Data,14,0.5324364973262034,0.5345922459893049,0.1785427807486631,0.4447192513368984,0.39766042780748667,0.018917112299465234
Badminton,PL,Simulation Data,15,0.5306985294117647,0.5169451871657753,0.16945187165775402,0.4964237967914437,0.4268883689839572,0.050050133689839585
Badminton,PL,Simulation Data,16,0.5682820855614973,0.5387032085561498,0.1607286096256685,0.4458389037433156,0.4767045454545455,0.07491644385026738
Badminton,PL,Simulation Data,17,0.6094084224598931,0.5291443850267379,0.18111631016042778,0.5060661764705883,0.4300969251336899,0.09715909090909092
Badminton,PL,Simulation Data,18,0.6229110962566844,0.5918114973262032,0.1797292780748663,0.4128175133689839,0.4331550802139038,0.07777406417112298
Badminton,PL,Simulation Data,19,0.5974264705882353,0.5708221925133691,0.1841243315508021,0.5302974598930481,0.4096925133689838,0.07199197860962567
Badminton,PL,Simulation Data,20,0.5952707219251338,0.5752005347593583,0.20726938502673803,0.498696524064171,0.46682820855614987,0.08796791443850266
Badminton,PL,Simulation Data,21,0.63865307486631,0.570320855614973,0.17947860962566847,0.5314338235294118,0.4386697860962567,0.08639705882352941
Badminton,PL,Simulation Data,22,0.6303810160427807,0.617195855614973,0.19393382352941177,0.4470588235294118,0.4335895721925134,0.07037098930481285
Badminton,PL,Simulation Data,23,0.6636196524064171,0.5967413101604279,0.16547459893048128,0.48905414438502665,0.42483288770053473,0.11689505347593583
Badminton,PL,Simulation Data,24,0.6454545454545453,0.6328877005347593,0.21527406417112296,0.49438502673796797,0.49578877005347594,0.08723262032085559
Badminton,PL,Simulation Data,25,0.6589739304812834,0.6332386363636363,0.15494652406417114,0.4204044117647058,0.4410594919786096,0.06913435828877004
Badminton,PL,Simulation Data,26,0.6909425133689839,0.6368482620320854,0.16677807486631016,0.49328208556149733,0.4702372994652406,0.08480949197860962
Badminton,PL,Simulation Data,27,0.709692513368984,0.5994151069518716,0.1550133689839572,0.4983957219251337,0.43091577540106946,0.10746991978609625
Badminton,PL,Simulation Data,28,0.7194017379679145,0.642028743315508,0.173596256684492,0.47725601604278073,0.44258021390374325,0.09059157754010695
Badminton,PL,Simulation Data,29,0.7245655080213902,0.6223094919786095,0.1405247326203208,0.4738302139037433,0.439572192513369,0.07047125668449197
Badminton,PL,Simulation Data,30,0.7519385026737968,0.6107620320855613,0.17057152406417114,0.43903743315508015,0.42566844919786095,0.11539104278074866
Badminton,PL,Simulation Data,31,0.7349766042780749,0.6460728609625669,0.17381350267379678,0.5005180481283423,0.4178141711229946,0.11443850267379677
Badminton,PL,Simulation Data,32,0.7596925133689839,0.6603609625668447,0.19776069518716574,0.44747660427807484,0.37962901069518723,0.1017379679144385
Badminton,PL,Simulation Data,33,0.7217245989304815,0.6650735294117646,0.13581216577540112,0.4551804812834225,0.4548128342245989,0.09177807486631018
Badminton,PL,Simulation Data,34,0.7370153743315507,0.6578877005347594,0.16594251336898397,0.49060828877005347,0.46911764705882364,0.10944184491978612
Badminton,PL,Simulation Data,35,0.733422459893048,0.6561664438502673,0.1526069518716578,0.4591911764705882,0.42175802139037427,0.11199866310160425
Badminton,PL,Simulation Data,36,0.7198863636363636,0.6662934491978609,0.1839572192513369,0.5206049465240641,0.3996156417112299,0.10914104278074865
Badminton,PL,Simulation Data,37,0.7221089572192515,0.6365808823529413,0.18211898395721923,0.5055314171122995,0.4355280748663102,0.11524064171122997
Badminton,PL,Simulation Data,38,0.7353108288770053,0.6902573529411764,0.17859291443850267,0.47570187165775407,0.42658756684491983,0.07703877005347595
Badminton,PL,Simulation Data,39,0.7412767379679146,0.6909090909090908,0.1621323529411765,0.48407419786096256,0.41191510695187167,0.11761363636363635
Badminton,PL,Simulation Data,40,0.7288770053475936,0.6793616310160429,0.17760695187165773,0.5050300802139038,0.4688001336898395,0.10531417112299464
Badminton,Normal,Simulation Data,1,0.662850935828877,0.6387199197860962,0.6278910427807486,0.6282586898395722,0.27282754010695187,0.21427139037433154
Badminton,Normal,Simulation Data,2,0.451437165775401,0.4427974598930481,0.31024398395721925,0.37992981283422456,0.26219919786096263,0.0908923796791444
Badminton,Normal,Simulation Data,3,0.40494652406417114,0.42628676470588234,0.21880013368983958,0.34214572192513365,0.3299799465240642,0.05203877005347592
Badminton,Normal,Simulation Data,4,0.4538602941176471,0.33098262032085557,0.18011363636363636,0.3729946524064171,0.35927473262032084,0.03995655080213903
Badminton,Normal,Simulation Data,5,0.46731283422459907,0.3855614973262032,0.2001002673796791,0.44563836898395726,0.39099264705882353,0.06407085561497328
Badminton,Normal,Simulation Data,6,0.4599097593582888,0.4244485294117647,0.21485628342245988,0.41903409090909094,0.4137199197860963,0.04796122994652407
Badminton,Normal,Simulation Data,7,0.4714070855614974,0.3997827540106952,0.21990307486631017,0.3921958556149733,0.44560494652406424,0.06408756684491977
Badminton,Normal,Simulation Data,8,0.5283589572192513,0.4488469251336899,0.13933823529411768,0.4403576203208557,0.46263368983957226,0.037633689839572194
Badminton,Normal,Simulation Data,9,0.5190340909090908,0.44490307486631026,0.16592580213903743,0.4959893048128342,0.37337901069518725,0.07820855614973263
Badminton,Normal,Simulation Data,10,0.4945354278074866,0.48180147058823525,0.1714070855614973,0.4494986631016043,0.38663101604278083,0.04364973262032084
Badminton,Normal,Simulation Data,11,0.5250668449197862,0.49595588235294114,0.1965574866310161,0.4402573529411765,0.42558489304812835,0.08315508021390372
Badminton,Normal,Simulation Data,12,0.4698362299465241,0.47449866310160427,0.17239304812834225,0.43724933155080203,0.4242312834224598,0.10890708556149735
Badminton,Normal,Simulation Data,13,0.6099431818181816,0.5229779411764707,0.14878008021390374,0.4584725935828877,0.4651069518716577,0.050150401069518714
Badminton,Normal,Simulation Data,14,0.564187834224599,0.5304645721925133,0.17825868983957222,0.46572526737967906,0.4247493315508021,0.058539438502673805
Badminton,Normal,Simulation Data,15,0.5661931818181818,0.574264705882353,0.1717413101604278,0.47269385026737976,0.4283255347593583,0.09742647058823531
Badminton,Normal,Simulation Data,16,0.573529411764706,0.5575367647058824,0.19759358288770054,0.4368482620320856,0.4148729946524064,0.058272058823529406
Badminton,Normal,Simulation Data,17,0.6023562834224598,0.546273395721925,0.2002506684491979,0.5237299465240641,0.40280748663101595,0.11671122994652405
Badminton,Normal,Simulation Data,18,0.6115641711229947,0.5475601604278074,0.20195521390374332,0.46540775401069523,0.4887366310160428,0.04470254010695188
Badminton,Normal,Simulation Data,19,0.6322192513368984,0.5592245989304813,0.16310160427807485,0.5062834224598932,0.40401069518716576,0.08215240641711227
Badminton,Normal,Simulation Data,20,0.636447192513369,0.5702205882352941,0.16893382352941175,0.49251336898395726,0.46768048128342243,0.1023562834224599
Badminton,Normal,Simulation Data,21,0.6150401069518716,0.5607620320855615,0.17047125668449198,0.5172627005347594,0.3901069518716578,0.05125334224598928
Badminton,Normal,Simulation Data,22,0.6494986631016042,0.5960060160427807,0.16452205882352938,0.48442513368983964,0.3734124331550802,0.09558823529411767
Badminton,Normal,Simulation Data,23,0.6823696524064171,0.6073696524064172,0.17030414438502672,0.4761363636363636,0.44968248663101607,0.09064171122994653
Badminton,Normal,Simulation Data,24,0.6683322192513369,0.6078041443850267,0.1952038770053476,0.5159425133689839,0.3913268716577541,0.04074197860962567
Badminton,Normal,Simulation Data,25,0.6810160427807487,0.6160594919786097,0.18836898395721924,0.5447860962566844,0.4280414438502674,0.08330548128342245
Badminton,Normal,Simulation Data,26,0.7013536096256684,0.6035093582887701,0.168432486631016,0.45999331550802125,0.44709224598930486,0.08322192513368987
Badminton,Normal,Simulation Data,27,0.7089070855614974,0.6145053475935828,0.1817179144385027,0.4525066844919786,0.4359291443850267,0.07556818181818183
Badminton,Normal,Simulation Data,28,0.6870655080213905,0.636413770053476,0.17580213903743322,0.43275401069518704,0.4204211229946525,0.09019050802139036
Badminton,Normal,Simulation Data,29,0.7088235294117646,0.6370320855614974,0.190658422459893,0.4798629679144386,0.4286597593582888,0.12733957219251338
Badminton,Normal,Simulation Data,30,0.7154913101604279,0.640842245989305,0.1820855614973262,0.45254010695187175,0.46161430481283416,0.08290441176470588
Badminton,Normal,Simulation Data,31,0.7112967914438502,0.6183823529411764,0.15462901069518714,0.47850935828877006,0.4156082887700535,0.10594919786096255
Badminton,Normal,Simulation Data,32,0.7344251336898394,0.6414104278074866,0.16435494652406418,0.4723596256684493,0.46798128342246,0.12361296791443852
Badminton,Normal,Simulation Data,33,0.7483455882352941,0.6848930481283422,0.21869986631016042,0.46836564171122996,0.4333389037433156,0.08343917112299466
Badminton,Normal,Simulation Data,34,0.7414438502673797,0.6450200534759358,0.22234291443850265,0.47187499999999993,0.4360628342245989,0.10344251336898395
Badminton,Normal,Simulation Data,35,0.736764705882353,0.6532252673796792,0.1788770053475936,0.45416109625668444,0.4374999999999999,0.09328208556149734
Badminton,Normal,Simulation Data,36,0.7386530748663102,0.6599766042780749,0.15967580213903745,0.49172794117647056,0.43091577540106946,0.11243315508021393
Badminton,Normal,Simulation Data,37,0.7396056149732619,0.6513201871657753,0.16903409090909088,0.45066844919786087,0.40635026737967905,0.12234291443850268
Badminton,Normal,Simulation Data,38,0.7407419786096254,0.7259024064171122,0.15531417112299467,0.46736296791443843,0.39602272727272725,0.08803475935828878
Badminton,Normal,Simulation Data,39,0.7478442513368984,0.6995822192513369,0.18927139037433155,0.4978776737967915,0.3932152406417112,0.09794451871657753
Badminton,Normal,Simulation Data,40,0.7208890374331551,0.6969418449197861,0.2068850267379679,0.49171122994652405,0.4995487967914437,0.12271056149732618
Badminton,MultiGaussian,Simulation Data,1,0.6804645721925133,0.6316176470588235,0.6910260695187167,0.6717413101604277,0.2847593582887701,0.19791109625668452
Badminton,MultiGaussian,Simulation Data,2,0.45240641711229934,0.4132520053475936,0.3223262032085561,0.4346089572192513,0.31978609625668447,0.10292446524064167
Badminton,MultiGaussian,Simulation Data,3,0.44640708556149733,0.3388368983957219,0.24253008021390374,0.2995989304812834,0.3143549465240642,0.10043449197860962
Badminton,MultiGaussian,Simulation Data,4,0.40233957219251326,0.41017713903743325,0.21763034759358293,0.36986965240641717,0.32092245989304813,0.03338903743315506
Badminton,MultiGaussian,Simulation Data,5,0.4703709893048128,0.37981283422459894,0.1752339572192513,0.3240474598930482,0.38125000000000014,0.03641377005347593
Badminton,MultiGaussian,Simulation Data,6,0.4065006684491978,0.379144385026738,0.1709558823529412,0.3650568181818182,0.41620989304812844,0.03713235294117649
Badminton,MultiGaussian,Simulation Data,7,0.48257018716577543,0.4464405080213904,0.19348262032085561,0.37959558823529416,0.4703709893048128,0.09468582887700534
Badminton,MultiGaussian,Simulation Data,8,0.46482286096256686,0.4351270053475935,0.14657419786096257,0.4184993315508021,0.48348930481283414,0.028659759358288774
Badminton,MultiGaussian,Simulation Data,9,0.5308155080213902,0.436764705882353,0.19789438502673798,0.38190173796791443,0.3990140374331551,0.07800802139037434
Badminton,MultiGaussian,Simulation Data,10,0.5314505347593583,0.4600601604278075,0.13150066844919786,0.4438001336898395,0.3656584224598931,0.0848596256684492
Badminton,MultiGaussian,Simulation Data,11,0.5474097593582887,0.4368482620320856,0.20584893048128344,0.46721256684491974,0.4379679144385026,0.07130681818181817
Badminton,MultiGaussian,Simulation Data,12,0.5374164438502674,0.4830882352941176,0.1799298128342246,0.4519050802139038,0.4246657754010695,0.06440508021390376
Badminton,MultiGaussian,Simulation Data,13,0.5400401069518718,0.49217914438502663,0.19593917112299467,0.4727439839572193,0.4731116310160427,0.053526069518716565
Badminton,MultiGaussian,Simulation Data,14,0.5676136363636364,0.5505013368983958,0.14430147058823534,0.5227272727272727,0.45162098930481276,0.10591577540106953
Badminton,MultiGaussian,Simulation Data,15,0.5664438502673795,0.545504679144385,0.1427807486631016,0.491326871657754,0.42175802139037444,0.08367312834224598
Badminton,MultiGaussian,Simulation Data,16,0.5995320855614973,0.5377339572192513,0.18492647058823533,0.4905080213903744,0.435043449197861,0.06774732620320857
Badminton,MultiGaussian,Simulation Data,17,0.6532921122994652,0.5431818181818182,0.17545120320855614,0.4454879679144385,0.4028074866310162,0.1081885026737968
Badminton,MultiGaussian,Simulation Data,18,0.5949532085561497,0.5977941176470588,0.16883355614973258,0.5231951871657753,0.43133355614973257,0.058606283422459896
Badminton,MultiGaussian,Simulation Data,19,0.6472760695187165,0.5408088235294117,0.21768048128342246,0.49089237967914434,0.4129512032085561,0.10327540106951871
Badminton,MultiGaussian,Simulation Data,20,0.6351102941176472,0.5882854278074866,0.1622159090909091,0.5040942513368984,0.4572359625668449,0.08569518716577539
Badminton,MultiGaussian,Simulation Data,21,0.6313502673796791,0.5422292780748663,0.1884024064171123,0.4675635026737968,0.43594585561497323,0.059542112299465245
Badminton,MultiGaussian,Simulation Data,22,0.6584893048128342,0.6260193850267382,0.19682486631016038,0.47991310160427825,0.42967914438502675,0.07494986631016044
Badminton,MultiGaussian,Simulation Data,23,0.6438669786096256,0.5729779411764705,0.15631684491978612,0.47891042780748655,0.40035093582887704,0.08506016042780751
Badminton,MultiGaussian,Simulation Data,24,0.6574197860962567,0.6324532085561497,0.1435995989304813,0.5029745989304812,0.4422292780748663,0.0654244652406417
Badminton,MultiGaussian,Simulation Data,25,0.7143716577540106,0.5918616310160427,0.14921457219251338,0.5030414438502675,0.4177306149732621,0.07396390374331552
Badminton,MultiGaussian,Simulation Data,26,0.6626838235294117,0.6178475935828878,0.18447526737967915,0.5326704545454546,0.43659759358288774,0.07598596256684491
Badminton,MultiGaussian,Simulation Data,27,0.7233790106951872,0.6540106951871659,0.16706216577540106,0.4630514705882353,0.43669786096256685,0.12314505347593581
Badminton,MultiGaussian,Simulation Data,28,0.7260026737967913,0.6159592245989305,0.14232954545454546,0.4548462566844919,0.43039772727272724,0.14635695187165773
Badminton,MultiGaussian,Simulation Data,29,0.74100935828877,0.6035427807486632,0.16637700534759362,0.4766878342245988,0.439605614973262,0.09047459893048128
Badminton,MultiGaussian,Simulation Data,30,0.7131684491978609,0.6498495989304813,0.15357620320855608,0.48955548128342247,0.4769385026737967,0.142346256684492
Badminton,MultiGaussian,Simulation Data,31,0.7172794117647058,0.6652406417112299,0.1966076203208556,0.4579545454545454,0.4237800802139038,0.0685327540106952
Badminton,MultiGaussian,Simulation Data,32,0.7062165775401069,0.6332720588235292,0.17204211229946528,0.45309157754010687,0.4589070855614973,0.08328877005347593
Badminton,MultiGaussian,Simulation Data,33,0.7266377005347595,0.6775902406417114,0.17561831550802132,0.45444518716577537,0.4982954545454545,0.08594585561497325
Badminton,MultiGaussian,Simulation Data,34,0.7545788770053475,0.6506517379679144,0.14049131016042782,0.4879512032085561,0.4396724598930481,0.10494652406417113
Badminton,MultiGaussian,Simulation Data,35,0.7355949197860963,0.6687834224598931,0.17615307486631018,0.5201370320855616,0.466293449197861,0.13044786096256686
Badminton,MultiGaussian,Simulation Data,36,0.7334725935828879,0.6798629679144385,0.13913770053475932,0.49146056149732614,0.4339739304812835,0.11500668449197862
Badminton,MultiGaussian,Simulation Data,37,0.7397225935828877,0.6801637700534758,0.18487633689839575,0.5216577540106953,0.393683155080214,0.1094418449197861
Badminton,MultiGaussian,Simulation Data,38,0.7288602941176471,0.6317346256684492,0.15964237967914435,0.5048462566844919,0.46694518716577543,0.10391042780748663
Badminton,MultiGaussian,Simulation Data,39,0.7581049465240641,0.6507018716577541,0.16793114973262036,0.4660427807486632,0.40571524064171127,0.08308823529411768
Badminton,MultiGaussian,Simulation Data,40,0.7359792780748663,0.6898061497326202,0.18363970588235293,0.4966243315508022,0.4265040106951871,0.11154745989304812
