Match,Distribution Type,Data Type,Parameter Type,Parameter,Finish all rounds,Spearman Round Robin,Spearman Swiss Round,Spearman Double Elimination,Spearman Weighted Round Robin,Spearman Round Robin Knockout,Spearman Ladder Tournament,NDCG Spearman Round Robin,NDCG Spearman Swiss Round,NDCG Spearman Double Elimination,NDCG Spearman Weighted Round Robin,NDCG Spearman Round Robin Knockout,NDCG Spearman Ladder Tournament
StarCraft,,Real Data,rounds,1,False,0.31349598930481276,0.1332553475935829,0.14779411764705885,0.3917112299465241,0.2887700534759358,0.01631684491978609,0.3130592454708617,0.11854989832146928,0.16198190380156116,0.47847492139498443,0.30285858234830204,-0.0037855889137837794
StarCraft,,Real Data,rounds,2,False,0.3161764705882352,0.14833556149732624,0.11167780748663103,0.47837566844919793,0.26669786096256687,0.01148395721925135,0.3234179683258132,0.1766290712900063,0.1444101586512119,0.5704135518219561,0.2786048038245367,-0.023583155676186466
StarCraft,,Real Data,rounds,3,False,0.39747994652406426,0.2506149732620321,0.09497326203208555,0.544331550802139,0.2414772727272727,0.027700534759358294,0.3923012967404332,0.30433538449696296,0.10458432042543388,0.6454840218072357,0.2885643342556213,-0.013071854236395333
StarCraft,,Real Data,rounds,4,False,0.40641042780748665,0.2811631016042781,0.11214572192513372,0.6161898395721925,0.32758021390374326,0.009258021390374323,0.43571709237013984,0.34569553789966745,0.12534588891594958,0.7157141218093591,0.3754401982895563,-0.06801700282616299
StarCraft,,Real Data,rounds,5,False,0.4170655080213905,0.31334893048128337,0.09317513368983957,0.6434425133689841,0.3668983957219251,0.008569518716577544,0.43510888330965725,0.3585647665282734,0.072888798936398,0.7411322477160358,0.422702734116735,-0.05859365948490765
StarCraft,,Real Data,rounds,6,False,0.42223930481283417,0.362620320855615,0.0779745989304813,0.6936430481283422,0.407653743315508,0.006483957219251341,0.47061324600924725,0.4298052505369005,0.08751655928401746,0.7760013604078085,0.45997016513164873,-0.05295854905597954
StarCraft,,Real Data,rounds,7,False,0.4481149732620321,0.36266042780748653,0.08411764705882352,0.6966176470588237,0.4075735294117647,0.006236631016042784,0.48332172741012763,0.4430440830026604,0.0589051743919823,0.7836866089517543,0.441091075116643,-0.08517469527052379
StarCraft,,Real Data,rounds,8,False,0.4634625668449198,0.4105347593582887,0.07773395721925136,0.7550668449197864,0.4516510695187164,-0.005655080213903738,0.4947096531231335,0.48177403760483517,0.061855818622889254,0.8238994302460999,0.49215292248593967,-0.06870999184087159
StarCraft,,Real Data,rounds,9,False,0.44482620320855604,0.40340240641711234,0.07447192513368982,0.7602406417112298,0.3998328877005347,-0.012540106951871664,0.4948926886572037,0.45846024652870176,0.056200254558849826,0.8295248119464762,0.4667066402021398,-0.0806644858058295
StarCraft,,Real Data,rounds,10,False,0.4772927807486631,0.44564839572192505,0.09201203208556148,0.7753342245989303,0.43690508021390384,0.00917112299465241,0.527080106159356,0.5050184514952983,0.0926588571531477,0.8391505759318845,0.49829616961516615,-0.06740282311005004
StarCraft,,Real Data,rounds,11,False,0.4665574866310159,0.46295454545454545,0.10395053475935832,0.8156751336898397,0.4073529411764706,0.007593582887700529,0.5039813533552718,0.5293309542152019,0.11496290365587904,0.8674672135168684,0.48970909821535136,-0.046077468161906845
StarCraft,,Real Data,rounds,12,False,0.4941109625668449,0.46539438502673797,0.13278743315508026,0.816811497326203,0.42402406417112304,0.006751336898395732,0.5362960270238425,0.5404498203972277,0.1464176593494391,0.8671900893113917,0.4722890000212925,-0.0721585303764221
StarCraft,,Real Data,rounds,13,False,0.502720588235294,0.4788636363636364,0.06770721925133691,0.8430280748663103,0.36723930481283434,0.01900401069518717,0.5618849072038268,0.5500411349626126,0.07236917344695953,0.8848853130977237,0.4263509108888299,-0.07775311380304513
StarCraft,,Real Data,rounds,14,False,0.5468048128342246,0.5091310160427808,0.0638836898395722,0.8386898395721927,0.3885026737967914,0.005969251336898407,0.5978740835289003,0.5841675272298652,0.04576743187378268,0.8848603458699057,0.43039512298187504,-0.08430616163968137
StarCraft,,Real Data,rounds,15,False,0.5252807486631016,0.45964572192513375,0.0840307486631016,0.8558155080213906,0.37419117647058825,-0.006557486631016041,0.591245669005395,0.5329137059361905,0.09657012260013366,0.8935538175453857,0.4074759703379432,-0.11827444325433699
StarCraft,,Real Data,rounds,16,False,0.5809491978609627,0.4874398395721925,0.07935828877005348,0.8519251336898396,0.41692513368983947,0.007199197860962567,0.6514577719490308,0.5641919280779182,0.08831991878357315,0.8900749156664906,0.46689284560969574,-0.08602333607627109
StarCraft,,Real Data,rounds,17,False,0.6177005347593583,0.4453542780748663,0.07536096256684494,0.867359625668449,0.42033422459893033,0.004084224598930493,0.6722502423041355,0.5039005106781883,0.061828621922860504,0.9048968752188037,0.462372975760265,-0.09309371016521331
StarCraft,,Real Data,rounds,18,False,0.6053676470588236,0.48256684491978613,0.12530748663101604,0.8603810160427807,0.38983957219251336,0.011343582887700541,0.6671021242447549,0.5654596540326584,0.10049060551851344,0.8981002907044854,0.43639384123446734,-0.07937930635589593
StarCraft,,Real Data,rounds,19,False,0.6302807486631017,0.47809491978609636,0.03500668449197861,0.873188502673797,0.40677807486631024,0.04195855614973261,0.6934885866490754,0.5603171994712863,0.030420288346741188,0.9084846044990103,0.46395663103365486,-0.04877114752406054
StarCraft,,Real Data,rounds,20,False,0.6389371657754012,0.4558355614973262,0.09967245989304814,0.8780147058823528,0.4183221925133691,0.017854278074866302,0.6949358576651581,0.5367956267887457,0.09113423344305095,0.911853043075935,0.463040531574693,-0.09759260844410489
StarCraft,,Real Data,rounds,21,False,0.6489572192513369,0.47718582887700534,0.0886965240641711,0.8787767379679142,0.39916443850267386,0.0400735294117647,0.6911537373955003,0.5554382063779616,0.08303447968453143,0.913105393513621,0.44384821562739984,-0.060895698160472495
StarCraft,,Real Data,rounds,22,False,0.6480347593582887,0.4874866310160427,0.07729946524064168,0.8831082887700531,0.41084224598930486,0.027987967914438514,0.7172317417782268,0.5439027269746145,0.06946111795399917,0.9175053449065517,0.46740267686678066,-0.058875740048097695
StarCraft,,Real Data,rounds,23,False,0.6532754010695185,0.501336898395722,0.08097593582887701,0.8981684491978611,0.4103141711229947,0.041483957219251334,0.7036704586245713,0.5758289586607649,0.08874905215540348,0.9260135922160017,0.4447400026815345,-0.05425927025832614
StarCraft,,Real Data,rounds,24,False,0.649385026737968,0.49651069518716584,0.06522727272727272,0.8860561497326203,0.3736764705882352,0.03539438502673795,0.7123050003600084,0.5566714195971136,0.055234023945513966,0.9177369231691037,0.4206091713810362,-0.0566428369161224
StarCraft,,Real Data,rounds,25,False,0.6652339572192517,0.4544385026737969,0.10463235294117647,0.8986564171122997,0.4281550802139039,0.03141711229946525,0.7291916770850745,0.5390573214532354,0.09724136661186215,0.9271961612827839,0.47902220920851746,-0.0507464678068103
StarCraft,,Real Data,rounds,26,False,0.6690508021390373,0.48570855614973263,0.08932486631016041,0.9059625668449196,0.4175735294117648,0.06436497326203208,0.722738147294922,0.5518932947386874,0.10084137567727612,0.9310189844478302,0.46934826823979053,-0.04287049929214337
StarCraft,,Real Data,rounds,27,False,0.6757754010695187,0.46812834224598937,0.09831550802139036,0.9141711229946523,0.39773395721925126,0.044157754010695174,0.7280051166310048,0.5216792419161768,0.10005361432658445,0.9376316735491004,0.4586409587756373,-0.05911276406031465
StarCraft,,Real Data,rounds,28,False,0.6876737967914441,0.49267379679144396,0.09858288770053475,0.9079812834224597,0.42148395721925136,0.06033422459893047,0.7467546454647347,0.5427128032429634,0.09680249431607743,0.932648731799837,0.4726372825673485,-0.04046082771800605
StarCraft,,Real Data,rounds,29,False,0.6946457219251337,0.4403877005347593,0.08257352941176471,0.9178409090909092,0.4137767379679145,0.03328877005347594,0.7541256396583048,0.512029368074832,0.06266542237188827,0.93824296557637,0.4651491459292676,-0.07235010334737278
StarCraft,,Real Data,rounds,30,False,0.6925802139037432,0.44955213903743313,0.0772794117647059,0.917513368983957,0.42367647058823527,0.06366978609625668,0.7460629720047639,0.5149784624068975,0.05979251905303868,0.9416251835914288,0.5005984305940732,-0.039325219539099246
StarCraft,,Real Data,rounds,31,False,0.7039505347593581,0.5165240641711231,0.09455882352941179,0.9130414438502673,0.416664438502674,0.062386363636363636,0.7553454296947812,0.6055232794126646,0.0976271460971731,0.9346387313216951,0.4572902264173429,-0.06123337165436442
StarCraft,,Real Data,rounds,32,False,0.7322526737967917,0.46536096256684495,0.07979278074866313,0.9194518716577542,0.3973997326203208,0.06437165775401069,0.788983864523686,0.5210417738059546,0.06057248614225639,0.9410827510855998,0.4364899463235754,-0.04232807453213506
StarCraft,,Real Data,rounds,33,False,0.7300066844919787,0.4281617647058824,0.07117647058823529,0.9213302139037434,0.4425735294117645,0.05062165775401071,0.7931257398386515,0.4998065201026975,0.04910215851141757,0.9419296860468132,0.49658125438004175,-0.05148115363858453
StarCraft,,Real Data,finish_all_rounds,None,True,0.7084625668449198,0.3388770053475935,0.07586898395721928,0.9245922459893048,0.3818850267379679,0.01589572192513369,0.7738096997487591,0.4090862688838264,0.07241088707759068,0.9460642427764157,0.4420623530641604,0.016824628300575392
StarCraft,Uniform,Simulation Data,rounds,1,False,0.33898395721925134,0.16385695187165772,0.13622994652406417,0.38979946524064163,0.25729278074866313,0.038128342245989315,0.3536798216896828,0.17318063799296135,0.13692487224185076,0.47353032490920804,0.24976703407056014,0.009323848399906
StarCraft,Uniform,Simulation Data,rounds,2,False,0.36993983957219245,0.17208556149732623,0.14131016042780747,0.44709893048128335,0.2633221925133691,0.015822192513368985,0.3313700725319147,0.20651089412922033,0.18847536162400128,0.5448537933060968,0.2650982671644106,-0.029898188039191045
StarCraft,Uniform,Simulation Data,rounds,3,False,0.36023395721925133,0.24401069518716578,0.09141042780748662,0.5701671122994653,0.30974598930481284,0.008475935828877004,0.37544473610070317,0.30863717113247363,0.11128953177639128,0.6656999520925769,0.34268563041432537,-0.023513778664947374
StarCraft,Uniform,Simulation Data,rounds,4,False,0.36346925133689845,0.276437165775401,0.08596925133689841,0.6056684491978609,0.3068649732620321,0.018315508021390373,0.3744743354743971,0.3360229567301719,0.0805504598858782,0.7069241807013974,0.3273990730840979,-0.04138364791353475
StarCraft,Uniform,Simulation Data,rounds,5,False,0.45316176470588254,0.32220588235294123,0.10841577540106952,0.6709491978609625,0.37889037433155076,0.009665775401069525,0.4584934554878376,0.3750458582751092,0.08135849349647817,0.7571335278103316,0.43306776614721976,-0.04564019397756607
StarCraft,Uniform,Simulation Data,rounds,6,False,0.4848328877005347,0.3500401069518716,0.08844919786096256,0.7130815508021392,0.3711096256684492,0.0004612299465240555,0.5038839846608035,0.40662172103209704,0.07336354293351506,0.7893143155389752,0.40798132366147544,-0.0690497960327041
StarCraft,Uniform,Simulation Data,rounds,7,False,0.4522526737967913,0.3812500000000001,0.10076871657754011,0.7226804812834224,0.42606951871657744,-0.008415775401069518,0.49721424213799703,0.4410526861116623,0.11489150628387824,0.8024927576517712,0.4780829603912423,-0.07706219247950002
StarCraft,Uniform,Simulation Data,rounds,8,False,0.4047794117647059,0.39768716577540103,0.08784090909090908,0.7574264705882353,0.43100267379679125,0.00923128342245989,0.4272919344590147,0.4498529487620235,0.050487647327124394,0.8272211995652557,0.48294290196998874,-0.07063696681339288
StarCraft,Uniform,Simulation Data,rounds,9,False,0.4450267379679144,0.4229745989304814,0.08270053475935829,0.7787834224598933,0.42812834224598945,0.006898395721925121,0.49216295552085465,0.4942914839098066,0.08080586261338243,0.8399539460138553,0.48132306480743053,-0.06489345264354328
StarCraft,Uniform,Simulation Data,rounds,10,False,0.44470588235294123,0.4800467914438504,0.06296791443850265,0.7892713903743317,0.39797459893048126,0.0018248663101604356,0.4922516892263061,0.563853852296328,0.05392359101529929,0.8495908230286068,0.43448978736822463,-0.07145551885437174
StarCraft,Uniform,Simulation Data,rounds,11,False,0.4433556149732622,0.4413770053475936,0.06822860962566847,0.8082553475935831,0.4434625668449199,-0.0019318181818181834,0.4659615043205409,0.5172060179368804,0.057039529342326804,0.8620430491508202,0.5043023566523361,-0.061421151850349555
StarCraft,Uniform,Simulation Data,rounds,12,False,0.48032754010695183,0.4629679144385028,0.0674933155080214,0.818489304812834,0.3929077540106952,0.003135026737967912,0.5281548566640573,0.5354700690051999,0.05857830729262595,0.8708884363468679,0.4511985380475187,-0.08823737691551774
StarCraft,Uniform,Simulation Data,rounds,13,False,0.49835561497326203,0.4567914438502674,0.08536764705882349,0.8265842245989306,0.3771122994652407,-0.005715240641711221,0.5594038597249722,0.5236890108209282,0.1035207277092793,0.874660909229801,0.43717938727885836,-0.09252760279400275
StarCraft,Uniform,Simulation Data,rounds,14,False,0.5486497326203208,0.4871590909090908,0.05462566844919785,0.8468114973262033,0.40322192513368976,0.00946524064171123,0.6209886091413157,0.5631321270325081,0.05088257724191922,0.8892049759213367,0.445584220286744,-0.10443742012250075
StarCraft,Uniform,Simulation Data,rounds,15,False,0.5344451871657754,0.4765975935828876,0.08025401069518717,0.8472727272727275,0.42739304812834233,-0.004832887700534756,0.5886438411895974,0.5486480270588393,0.07049988167510986,0.8872383892445491,0.4818162727091069,-0.08536587210951568
StarCraft,Uniform,Simulation Data,rounds,16,False,0.5793917112299466,0.4856283422459893,0.08870989304812835,0.8570120320855615,0.40674465240641716,0.01413101604278074,0.6521379329018435,0.5478324398905712,0.06517298008795173,0.8939313425379666,0.4541585090875786,-0.08111404277973261
StarCraft,Uniform,Simulation Data,rounds,17,False,0.6019919786096255,0.4968048128342246,0.06477941176470589,0.8635160427807489,0.39232620320855616,0.023228609625668462,0.6699696995949544,0.5638673870474954,0.05669032980488344,0.8998412247358442,0.4455294780614676,-0.07697935628992085
StarCraft,Uniform,Simulation Data,rounds,18,False,0.6280347593582887,0.475394385026738,0.06039438502673797,0.8675534759358289,0.4139705882352942,0.016397058823529414,0.6893644769378814,0.5509605679445337,0.05943693907731593,0.9028489132411773,0.46334971981764,-0.11190697328737384
StarCraft,Uniform,Simulation Data,rounds,19,False,0.5961965240641712,0.4509558823529412,0.09554144385026739,0.8691844919786097,0.3926537433155079,0.0029745989304812846,0.6655210544422215,0.5484679091338691,0.09014592442398643,0.9075982991883592,0.43783221772550535,-0.09417649625606521
StarCraft,Uniform,Simulation Data,rounds,20,False,0.6492780748663103,0.4919852941176471,0.08273395721925131,0.8692914438502671,0.415788770053476,0.018389037433155075,0.7026886544784268,0.5592941436233652,0.07382421212681649,0.908636163069645,0.43580863909590195,-0.07361056458266649
StarCraft,Uniform,Simulation Data,rounds,21,False,0.6610360962566844,0.4576403743315508,0.08965240641711231,0.8810828877005347,0.4341310160427807,0.025213903743315527,0.719494217048626,0.5210230755550943,0.09728015463165417,0.9147298267876135,0.5029879933537917,-0.0706981207336292
StarCraft,Uniform,Simulation Data,rounds,22,False,0.6601604278074865,0.482620320855615,0.09622994652406419,0.8917981283422459,0.38957219251336894,0.02663101604278074,0.7237911557954102,0.5444330405271327,0.08662503912724065,0.9231149104046517,0.44361352286026895,-0.06326322629009824
StarCraft,Uniform,Simulation Data,rounds,23,False,0.6706082887700535,0.4581149732620321,0.07683823529411767,0.8896256684491979,0.3871991978609624,0.03033422459893049,0.7243572574202406,0.5225544553901591,0.06861409245537604,0.9199489588425404,0.4390174821070796,-0.054540323269954415
StarCraft,Uniform,Simulation Data,rounds,24,False,0.6374799465240643,0.466042780748663,0.09879679144385026,0.9013435828877009,0.41286764705882356,0.028596256684491984,0.7057638674255386,0.5418366991458451,0.08618534044632212,0.929626861007208,0.4588069434462645,-0.05655533352794153
StarCraft,Uniform,Simulation Data,rounds,25,False,0.6882820855614972,0.4800735294117648,0.07674465240641712,0.9041510695187164,0.4070855614973263,0.039505347593582894,0.75085333112711,0.5635261228826399,0.06517180088376544,0.9301799453266659,0.45168138929206086,-0.045543652281957975
StarCraft,Uniform,Simulation Data,rounds,26,False,0.6718716577540107,0.4834491978609627,0.09132352941176475,0.8996724598930481,0.4199064171122994,0.03065508021390375,0.7283766916058034,0.5494469842725295,0.08356271583682257,0.928143800035103,0.46942776936063974,-0.07811389237487386
StarCraft,Uniform,Simulation Data,rounds,27,False,0.6798729946524066,0.45156417112299463,0.0826403743315508,0.9056082887700534,0.40888368983957224,0.06031417112299465,0.7339806103611002,0.5382819191989526,0.08109552727528266,0.932683594700533,0.4466242151316908,-0.04453501020023151
StarCraft,Uniform,Simulation Data,rounds,28,False,0.6658422459893047,0.4747994652406418,0.061791443850267365,0.9138435828877007,0.37341577540106946,0.05776069518716578,0.7286572005051443,0.5523607215156199,0.08410835965278002,0.937715277473732,0.42069228547234566,-0.044522379109331434
StarCraft,Uniform,Simulation Data,rounds,29,False,0.669672459893048,0.4704946524064173,0.11308155080213898,0.9134224598930482,0.3789906417112301,0.042794117647058844,0.7289486048005231,0.5404120655287018,0.10058341113899719,0.9367253541572578,0.4244487769013449,-0.037858111450974445
StarCraft,Uniform,Simulation Data,rounds,30,False,0.6986229946524064,0.48913101604278075,0.10148395721925133,0.9251002673796791,0.4084358288770052,0.03320855614973262,0.7677934214971163,0.5652650200531417,0.07653416439676564,0.94447694514651,0.4475022010450919,-0.06417831052488737
StarCraft,Uniform,Simulation Data,rounds,31,False,0.7035093582887701,0.4718449197860962,0.07035427807486629,0.9203475935828878,0.4252673796791444,0.06858288770053476,0.7545156766754004,0.5234958577912125,0.09030708640426274,0.9419777655544312,0.4805766519571316,-0.034904124911011324
StarCraft,Uniform,Simulation Data,rounds,32,False,0.7105949197860961,0.48049465240641726,0.05430481283422461,0.9190842245989301,0.39676470588235296,0.05526069518716579,0.7664836771637061,0.5456273180317569,0.043037182631578685,0.9402220735379038,0.4514528315085288,-0.07189273724198039
StarCraft,Uniform,Simulation Data,rounds,33,False,0.7089973262032084,0.4919385026737968,0.08370989304812834,0.924659090909091,0.4263034759358289,0.0456885026737968,0.7663618615485461,0.575722194705802,0.08804144901303614,0.9444047400767446,0.4943796481271846,-0.07456438934290166
StarCraft,Uniform,Simulation Data,finish_all_rounds,None,True,0.718188502673797,0.3275200534759357,0.07739973262032086,0.9178877005347593,0.38756684491978605,0.016377005347593575,0.7768755580457521,0.3874133686270396,0.059402909513116206,0.9406567820673629,0.44843603042092844,-0.004542216351544979
StarCraft,PL,Simulation Data,rounds,1,False,0.28895721925133694,0.14895721925133695,0.1296858288770053,0.4038034759358288,0.2979812834224599,0.021938502673796788,0.28341676479222444,0.13931904304841383,0.14796887214522209,0.48855344534399564,0.28293820110653856,0.011652946410950861
StarCraft,PL,Simulation Data,rounds,2,False,0.3313836898395722,0.15679144385026741,0.10190508021390375,0.42666443850267377,0.23443850267379676,0.022800802139037426,0.31852360126688484,0.1826815848166065,0.14333877880644527,0.542994560272816,0.23111927490556383,-0.02309340813083397
StarCraft,PL,Simulation Data,rounds,3,False,0.3531550802139036,0.22390374331550802,0.07905748663101606,0.5543248663101604,0.29140374331550795,0.01782085561497325,0.35072019850122793,0.28108806084981347,0.10910384081173144,0.6534718652765935,0.3273852150150614,-0.029887091111835646
StarCraft,PL,Simulation Data,rounds,4,False,0.38696524064171145,0.28674465240641717,0.10911096256684491,0.599792780748663,0.3456951871657754,0.017934491978609638,0.42856413376023633,0.3407870154392368,0.09130257841134641,0.6961257533006523,0.3933570575936454,-0.04913158328076473
StarCraft,PL,Simulation Data,rounds,5,False,0.4317847593582887,0.3616443850267379,0.09814171122994654,0.646370320855615,0.39600267379679155,0.013937165775401073,0.4494930472953759,0.4119768160543596,0.08361534452414739,0.7365487830692012,0.45879757532977594,-0.05367118545337011
StarCraft,PL,Simulation Data,rounds,6,False,0.43961229946524055,0.370514705882353,0.064451871657754,0.7119852941176467,0.3363502673796792,-0.009919786096256687,0.47216022952410425,0.4221177499513293,0.052339453876094594,0.791481717808251,0.3751058928914238,-0.08115068005526854
StarCraft,PL,Simulation Data,rounds,7,False,0.41833556149732615,0.392961229946524,0.11135026737967917,0.7170922459893048,0.43045454545454553,-0.0015441176470588113,0.44599485123049093,0.44506995176045494,0.08240451344494394,0.7968611954938922,0.49185600488454634,-0.08758583289550721
StarCraft,PL,Simulation Data,rounds,8,False,0.4831082887700535,0.39522727272727276,0.08455213903743317,0.7453609625668449,0.41679144385026745,0.005314171122994644,0.5156506116537243,0.4892900064107617,0.08498043829698114,0.8175016822743025,0.4848599864337971,-0.0677327014540417
StarCraft,PL,Simulation Data,rounds,9,False,0.4409358288770052,0.444725935828877,0.07094919786096258,0.7712165775401069,0.3901671122994653,0.00040106951871659246,0.4807777544534272,0.50823352072659,0.07163259989902608,0.8365224250617075,0.4596018471676726,-0.0829332068488189
StarCraft,PL,Simulation Data,rounds,10,False,0.4630481283422458,0.44423796791443854,0.08487299465240641,0.7828342245989305,0.39010695187165795,-0.004264705882352951,0.49000208455988603,0.5051392244487429,0.050565507035320055,0.8447467999896007,0.4329612705161289,-0.08208093685569708
StarCraft,PL,Simulation Data,rounds,11,False,0.4603409090909091,0.41883689839572213,0.08758689839572192,0.8120788770053475,0.4023328877005347,-0.008028074866310166,0.5200240720400532,0.47094748384728985,0.07792606889453224,0.8641531559074187,0.4669501642854909,-0.06966690924138946
StarCraft,PL,Simulation Data,rounds,12,False,0.49695855614973267,0.4616310160427808,0.07748663101604278,0.834318181818182,0.41704545454545444,0.005481283422459895,0.5384054482798772,0.5288896461791383,0.08389978456022959,0.8780094356710926,0.46468241091004764,-0.06670516781534964
StarCraft,PL,Simulation Data,rounds,13,False,0.49821524064171113,0.45584224598930484,0.06391042780748661,0.8322727272727274,0.433562834224599,0.01204545454545455,0.5587890443771928,0.5088890284320691,0.0481453250159613,0.8766731241811871,0.4854795893140696,-0.05878724599489126
StarCraft,PL,Simulation Data,rounds,14,False,0.5410227272727273,0.49423128342245976,0.09393716577540107,0.8367713903743315,0.3878542780748663,0.004304812834224609,0.5936329112728866,0.5503846060538584,0.06807615233182596,0.8818455192351847,0.45348090463821505,-0.09016458841344473
StarCraft,PL,Simulation Data,rounds,15,False,0.5450467914438503,0.4574933155080215,0.05252673796791445,0.8592580213903743,0.4309090909090909,0.011871657754010691,0.607205702214,0.5325398005170193,0.04639917715002055,0.8941861975478411,0.4929670135554173,-0.0692667693572702
StarCraft,PL,Simulation Data,rounds,16,False,0.5879812834224599,0.5018783422459893,0.08352272727272729,0.8581550802139039,0.3635962566844919,-0.01030080213903743,0.6447380778980186,0.5713708200142867,0.0793422881953324,0.8938386500088933,0.3935002681284256,-0.08879193667449471
StarCraft,PL,Simulation Data,rounds,17,False,0.6028542780748665,0.4645120320855615,0.06369652406417112,0.8631016042780746,0.37293449197860956,0.016163101604278075,0.6709164083087188,0.5277695930534915,0.08855018408812684,0.9021822211301287,0.4458361389452613,-0.056317121228940586
StarCraft,PL,Simulation Data,rounds,18,False,0.6314906417112298,0.4728475935828876,0.07082219251336899,0.8602941176470591,0.3904411764705882,0.02726604278074867,0.6947850592994143,0.5438457223494653,0.07743774660476367,0.8990961766720186,0.4519826769950046,-0.0752794743650222
StarCraft,PL,Simulation Data,rounds,19,False,0.6291310160427808,0.5145655080213904,0.06760695187165774,0.8762901069518716,0.40618983957219257,0.016390374331550807,0.6888905246272158,0.5958820662203569,0.051414831398578234,0.9107067992665178,0.44130928110329726,-0.09209437243376405
StarCraft,PL,Simulation Data,rounds,20,False,0.6548796791443848,0.46506684491978595,0.09297459893048127,0.8779545454545449,0.43655080213903763,0.022419786096256687,0.7217901240039718,0.5548167015988975,0.11430026223420946,0.9133481611023234,0.4977125515836327,-0.06400802900339649
StarCraft,PL,Simulation Data,rounds,21,False,0.6660360962566844,0.44713903743315503,0.08774732620320855,0.8865708556149733,0.3859425133689839,0.0292312834224599,0.716879448409675,0.5241376725654701,0.08062647560489589,0.9187378621396156,0.4417974207195895,-0.08356353196689188
StarCraft,PL,Simulation Data,rounds,22,False,0.6443649732620321,0.459364973262032,0.08623663101604276,0.8929812834224599,0.4409959893048127,0.03963235294117645,0.7026129304684049,0.5423318499604314,0.06929387360437528,0.9223803496258702,0.4963724622390119,-0.043848738598893496
StarCraft,PL,Simulation Data,rounds,23,False,0.6635294117647057,0.4723262032085563,0.08806149732620318,0.8915641711229948,0.42532754010695206,0.036390374331550804,0.7211531729068875,0.541169437334238,0.10713181361142098,0.9219471721192464,0.4746031959984356,-0.05865998107268864
StarCraft,PL,Simulation Data,rounds,24,False,0.684846256684492,0.45221256684491995,0.10379010695187167,0.8936965240641712,0.41793449197860966,0.03822192513368984,0.7284014017334423,0.5432496729263705,0.0759810137608615,0.9238915530316121,0.4558642353588913,-0.06256772791181342
StarCraft,PL,Simulation Data,rounds,25,False,0.675381016042781,0.480133689839572,0.0878609625668449,0.8968850267379677,0.40166443850267375,0.04705213903743315,0.7280758904666493,0.5617201813394669,0.07069869429555774,0.9238845141000759,0.44639128140687284,-0.0322432393036956
StarCraft,PL,Simulation Data,rounds,26,False,0.676631016042781,0.45102272727272713,0.12183823529411765,0.9035828877005351,0.39046791443850276,0.038475935828877005,0.7366788072458708,0.5356393353999441,0.13187305240057384,0.9303628503903935,0.467897331015372,-0.08234735534745628
StarCraft,PL,Simulation Data,rounds,27,False,0.6709090909090909,0.4543048128342246,0.06215909090909091,0.8973930481283421,0.41189171122994656,0.04100935828877008,0.7201071582150611,0.5397282194026527,0.05531461369684104,0.9254335845566763,0.4678541317401575,-0.05690758268090852
StarCraft,PL,Simulation Data,rounds,28,False,0.6913101604278072,0.45974598930481286,0.10550133689839573,0.9069251336898396,0.3881885026737967,0.03569518716577541,0.7499289205658868,0.5379907294147087,0.08081687403221953,0.9316098788435799,0.45745307387637807,-0.04820982691394473
StarCraft,PL,Simulation Data,rounds,29,False,0.6687566844919786,0.47596925133689827,0.08120989304812838,0.9141510695187164,0.37637032085561495,0.037627005347593584,0.7242373683560795,0.540357550033707,0.08483767238196853,0.935404791109725,0.44712828151377815,-0.05250464155763529
StarCraft,PL,Simulation Data,rounds,30,False,0.695381016042781,0.49866310160427807,0.05828877005347595,0.9170187165775401,0.45665106951871665,0.06872994652406415,0.7679275448846119,0.5668339394618741,0.04298358894519206,0.9370334342025086,0.4983380558838631,-0.0323111828998526
StarCraft,PL,Simulation Data,rounds,31,False,0.7065374331550802,0.4807754010695189,0.07995320855614972,0.9208622994652407,0.4071056149732619,0.05721925133689838,0.7574588730574638,0.5576462748210991,0.05959136067568688,0.940707380843903,0.45462002007829144,-0.06592703245988984
StarCraft,PL,Simulation Data,rounds,32,False,0.7173328877005347,0.47570855614973273,0.11419117647058821,0.9270588235294117,0.3707687165775401,0.06425133689839573,0.7763101913378211,0.5353933186793555,0.10355252522732401,0.9460226520613884,0.4050768606456456,-0.04537053438778607
StarCraft,PL,Simulation Data,rounds,33,False,0.7214371657754011,0.48528743315508016,0.05270053475935829,0.9205147058823526,0.42125668449197873,0.06852272727272729,0.7733509278982641,0.5482496137809658,0.06685930733232025,0.9420382854312925,0.4799661904242523,-0.029353820565689966
StarCraft,PL,Simulation Data,finish_all_rounds,None,True,0.7329077540106952,0.3422058823529413,0.08720588235294122,0.9253074866310158,0.414552139037433,0.005487967914438507,0.7934467047135488,0.4213727656012891,0.08804835525821489,0.9452070400111026,0.4543462005345244,0.001344862310967744
StarCraft,Normal,Simulation Data,rounds,1,False,0.33326871657754026,0.17566844919786095,0.18416443850267375,0.34177139037433174,0.25707887700534754,0.007506684491978619,0.3361703837526085,0.196282597317707,0.18682740374109494,0.43770441386926995,0.2790036659000188,0.0035214351384933247
StarCraft,Normal,Simulation Data,rounds,2,False,0.3499799465240641,0.1631818181818182,0.11648395721925134,0.45129010695187155,0.2529211229946524,0.009017379679144384,0.31340867015304963,0.16826105709993144,0.14168726488706881,0.5638548510889129,0.2290245155281468,-0.01526339989387288
StarCraft,Normal,Simulation Data,rounds,3,False,0.4021657754010697,0.22243315508021386,0.07935160427807487,0.5265641711229947,0.29511363636363636,0.02852272727272728,0.39921444140227513,0.252843828622321,0.10986183247559221,0.630650587184212,0.33313752437849126,-0.04698672483056737
StarCraft,Normal,Simulation Data,rounds,4,False,0.3805080213903743,0.2686430481283423,0.0731216577540107,0.6048262032085562,0.3249732620320856,0.005020053475935835,0.40139116715135936,0.3047113316830188,0.08139463811322172,0.7029117956704556,0.3853004651092233,-0.04348756673892699
StarCraft,Normal,Simulation Data,rounds,5,False,0.42144385026737974,0.3111163101604279,0.07240641711229946,0.6162032085561497,0.3582754010695187,0.021096256684491978,0.45342722006771835,0.36212221988205573,0.0628932566490744,0.7166274721059135,0.42332351258826934,-0.04959590306181406
StarCraft,Normal,Simulation Data,rounds,6,False,0.42901737967914433,0.354605614973262,0.10533422459893046,0.6797994652406417,0.3906751336898395,0.013736631016042788,0.46553251609518137,0.39084125580816986,0.09158567722813463,0.771024827718311,0.45374015147224667,-0.07641713442303152
StarCraft,Normal,Simulation Data,rounds,7,False,0.4667647058823529,0.3809224598930481,0.06357620320855614,0.7328208556149731,0.40430481283422454,0.01204545454545455,0.5118056797497761,0.4413970764393295,0.0553469931398633,0.8073588595868203,0.45782822213447033,-0.0621359895136046
StarCraft,Normal,Simulation Data,rounds,8,False,0.4584157754010697,0.40415106951871665,0.07817513368983957,0.7420989304812834,0.4169251336898394,0.00537433155080214,0.4997196326165326,0.4716170116492347,0.050534508488964465,0.8153189068546147,0.46762728870843623,-0.06704953535521156
StarCraft,Normal,Simulation Data,rounds,9,False,0.45756684491978605,0.44723930481283447,0.06164438502673796,0.7831885026737969,0.39264705882352935,-0.01273395721925134,0.48918438228858463,0.5147776040109955,0.025605249972879413,0.845440982110319,0.4479264066583155,-0.09409754970244377
StarCraft,Normal,Simulation Data,rounds,10,False,0.48810160427807475,0.3982419786096255,0.08877673796791445,0.7960360962566844,0.4604344919786096,0.014645721925133687,0.5328763024261571,0.4502156541658215,0.10810190134855588,0.8542986704793905,0.5134646396058198,-0.10185015575946975
StarCraft,Normal,Simulation Data,rounds,11,False,0.47252005347593595,0.4425334224598931,0.105,0.8050735294117645,0.44352941176470595,0.003863636363636369,0.5170340638828897,0.5064850625148589,0.09429939748852795,0.8600411354135755,0.49101078841036866,-0.09294166223396115
StarCraft,Normal,Simulation Data,rounds,12,False,0.4765508021390375,0.45523395721925136,0.07137032085561498,0.8162165775401067,0.40910427807486627,0.01676470588235295,0.5240884349601083,0.5206278162669034,0.07798372763799734,0.8685139394075285,0.44826208515798427,-0.039579919553581096
StarCraft,Normal,Simulation Data,rounds,13,False,0.47286096256684473,0.4597326203208556,0.06595588235294116,0.8287366310160428,0.4325735294117648,-0.004966577540106954,0.5236974650496752,0.5316956361922616,0.04914431844549698,0.8721992108062286,0.4825539764556715,-0.0984487994633382
StarCraft,Normal,Simulation Data,rounds,14,False,0.5218181818181816,0.473255347593583,0.09547459893048128,0.8360561497326205,0.4012967914438503,0.012292780748663109,0.5816906866600173,0.5449861189914892,0.10752613087492055,0.8807631874690728,0.43943012243011176,-0.07531533586359077
StarCraft,Normal,Simulation Data,rounds,15,False,0.5274398395721923,0.4395521390374331,0.10846256684491981,0.8476403743315511,0.38005347593582894,0.008910427807486626,0.5924998097712458,0.49680274189420737,0.0927511218350232,0.8887598079483463,0.432800133420362,-0.08735033163512679
StarCraft,Normal,Simulation Data,rounds,16,False,0.5920989304812835,0.4536163101604278,0.0808489304812834,0.8592245989304813,0.4150066844919786,0.009344919786096249,0.663201592465906,0.5298411136133124,0.051534647713480784,0.8966927303336171,0.4422085376108565,-0.08939460315243783
StarCraft,Normal,Simulation Data,rounds,17,False,0.6123930481283422,0.4608355614973263,0.06919786096256686,0.8607553475935832,0.373957219251337,0.02129010695187166,0.6811538912145885,0.5308307745486058,0.08607023865020484,0.8949884679988851,0.43143643747181915,-0.08053197490421608
StarCraft,Normal,Simulation Data,rounds,18,False,0.619659090909091,0.46635695187165765,0.0768649732620321,0.8695655080213902,0.40411764705882347,0.009318181818181823,0.6755429926077648,0.5408942965343396,0.08274192160699162,0.9057423652861725,0.4697962523658664,-0.07856758248625835
StarCraft,Normal,Simulation Data,rounds,19,False,0.6016042780748662,0.45798796791443847,0.09696524064171123,0.8684558823529414,0.4116109625668449,0.021604278074866316,0.6654742756329476,0.5197402549637876,0.09956410292029749,0.9063785870888603,0.46450542857549815,-0.0915578720664292
StarCraft,Normal,Simulation Data,rounds,20,False,0.6415106951871656,0.4756951871657754,0.09203877005347592,0.8790708556149731,0.4156149732620321,0.04106283422459893,0.6955180403387122,0.5443070548456992,0.0884503360306258,0.9142565887537596,0.4737657907930361,-0.04343873149244971
StarCraft,Normal,Simulation Data,rounds,21,False,0.6541510695187166,0.4690641711229946,0.0811029411764706,0.888542780748663,0.4119652406417112,0.025073529411764703,0.707652651915652,0.5241846892176848,0.048403546850804176,0.9206907631652612,0.45536397715136595,-0.07402745873230991
StarCraft,Normal,Simulation Data,rounds,22,False,0.6647927807486631,0.448389037433155,0.05272727272727271,0.8861965240641712,0.4009692513368983,0.019017379679144394,0.7191292665678719,0.5084459054047696,0.05834603746756994,0.9192621049413172,0.4667495460884224,-0.07375504136899816
StarCraft,Normal,Simulation Data,rounds,23,False,0.6630414438502674,0.4769251336898397,0.09091577540106954,0.8959358288770055,0.4082085561497326,0.02619652406417112,0.7233351721673277,0.5574535071799839,0.08212556479573284,0.9243292635050245,0.4454730099937049,-0.05714888667679532
StarCraft,Normal,Simulation Data,rounds,24,False,0.6541577540106951,0.4797393048128342,0.07975935828877005,0.8953609625668448,0.43802807486631024,0.033228609625668454,0.6998880523258163,0.54702942022532,0.07523526592586621,0.9250830654467568,0.4812381469238911,-0.07010772522859032
StarCraft,Normal,Simulation Data,rounds,25,False,0.6669786096256685,0.45272727272727276,0.0990374331550802,0.89850935828877,0.38425802139037446,0.05905748663101604,0.7181482604342727,0.5185461301526685,0.08666439891416551,0.9264832681338371,0.45340906081964144,-0.028860123862197083
StarCraft,Normal,Simulation Data,rounds,26,False,0.6720120320855615,0.4611697860962567,0.12670454545454543,0.9056684491978609,0.3719986631016042,0.06005347593582885,0.7336272025823817,0.5372223555387017,0.10708823969416924,0.9320853282087944,0.42642239987969255,-0.05630134227157584
StarCraft,Normal,Simulation Data,rounds,27,False,0.6883221925133689,0.4733556149732622,0.09518048128342248,0.9080481283422459,0.4033957219251335,0.044291443850267384,0.7393513891813741,0.5327389193626412,0.08665891631413292,0.9338720639648213,0.4753510664749323,-0.06686454677092576
StarCraft,Normal,Simulation Data,rounds,28,False,0.6968716577540107,0.4421590909090907,0.07382352941176473,0.911316844919786,0.3663235294117647,0.04326203208556149,0.7516299599386679,0.514573463272832,0.08151025697144376,0.93296886026146,0.42543239199042193,-0.06618011699629767
StarCraft,Normal,Simulation Data,rounds,29,False,0.7032352941176473,0.4571524064171125,0.08217914438502674,0.9207152406417114,0.435307486631016,0.042359625668449204,0.7562841244921021,0.5162548861965888,0.0406570886751525,0.9410524679237955,0.49276458068801426,-0.08515714590857856
StarCraft,Normal,Simulation Data,rounds,30,False,0.6890307486631017,0.4720454545454546,0.08800133689839575,0.9228275401069516,0.4003208556149734,0.07018716577540107,0.7442681213479474,0.553473324016922,0.059126129826453544,0.9435981553900682,0.449763971847498,-0.05738905972541551
StarCraft,Normal,Simulation Data,rounds,31,False,0.7086029411764707,0.4414639037433154,0.07518048128342247,0.9162499999999999,0.46684491978609616,0.04858288770053477,0.7626607870023088,0.5110872506718513,0.05324001657032342,0.9377819216555088,0.5247200447637005,-0.06450437769177306
StarCraft,Normal,Simulation Data,rounds,32,False,0.7044184491978609,0.4667780748663104,0.11925133689839575,0.9226737967914438,0.3873462566844919,0.06167780748663101,0.7587547235039834,0.5465859835787141,0.10850088776264841,0.9430349704040079,0.4226537826983014,-0.04930522824717743
StarCraft,Normal,Simulation Data,rounds,33,False,0.6984759358288771,0.48274064171122993,0.0805548128342246,0.9208422459893048,0.404057486631016,0.0559024064171123,0.7584032704679002,0.5636294382487372,0.07702461658646646,0.9406347653721586,0.42765213496950727,-0.052483631780538206
StarCraft,Normal,Simulation Data,finish_all_rounds,None,True,0.7337232620320856,0.3498863636363637,0.0948395721925134,0.9241778074866309,0.3824598930481284,0.011249999999999993,0.7922248470710401,0.42581189392363333,0.08450734855540436,0.9441215349046844,0.4416792581623181,-0.02490250829156678
StarCraft,MultiGaussian,Simulation Data,rounds,1,False,0.35699866310160433,0.12810160427807485,0.1622994652406417,0.40490641711229947,0.2853810160427807,0.02489973262032086,0.37485330453650173,0.12493565665619305,0.16278966333185185,0.49253111893070356,0.26978510384890947,0.006379644724223488
StarCraft,MultiGaussian,Simulation Data,rounds,2,False,0.3529478609625669,0.1814371657754011,0.15476604278074862,0.46255347593582896,0.2300534759358289,0.021824866310160423,0.3115063986196667,0.21101475919839985,0.19273974805193994,0.5620788811099205,0.2309486972110118,-0.01379232302012152
StarCraft,MultiGaussian,Simulation Data,rounds,3,False,0.42493983957219233,0.21919786096256683,0.11037433155080216,0.5500334224598931,0.2780013368983958,0.01584224598930481,0.43604965612585717,0.2553833311159455,0.13001825109693996,0.6426759435772779,0.3304935297838739,-0.03039245447576622
StarCraft,MultiGaussian,Simulation Data,rounds,4,False,0.3743248663101605,0.3106149732620321,0.09450534759358291,0.6019251336898397,0.3049732620320855,0.007346256684491981,0.4112696581310436,0.34123141370791443,0.10448966670937959,0.7030090641414207,0.3587874518295676,-0.04697130391724468
StarCraft,MultiGaussian,Simulation Data,rounds,5,False,0.4437032085561496,0.3081751336898397,0.09047459893048128,0.6610227272727274,0.3541911764705883,0.00893048128342246,0.4786826639280087,0.3711573230060792,0.07373498863780541,0.7515755647012853,0.39696473895407947,-0.06188888743518975
StarCraft,MultiGaussian,Simulation Data,rounds,6,False,0.45432486631016045,0.3484090909090908,0.09404411764705883,0.6958689839572194,0.40760695187165763,0.015668449197860982,0.4808752556913699,0.41477520341479723,0.07958383637009415,0.7754025717014286,0.44014184571639886,-0.03475346894109623
StarCraft,MultiGaussian,Simulation Data,rounds,7,False,0.4270922459893049,0.38255347593582906,0.07309491978609627,0.7037967914438502,0.4239839572192512,0.003228609625668457,0.45176438932957724,0.42735788528733076,0.08002654801952269,0.7850355305645603,0.4673129671983764,-0.06856278102497627
StarCraft,MultiGaussian,Simulation Data,rounds,8,False,0.4495053475935828,0.39396390374331547,0.07149064171122993,0.7594986631016043,0.43262700534759346,0.011624331550802135,0.4932220022334109,0.4593315617296817,0.02091406507815021,0.8264646853403447,0.5033570996003911,-0.07486707591635441
StarCraft,MultiGaussian,Simulation Data,rounds,9,False,0.4492379679144385,0.39821524064171127,0.10159090909090907,0.7651002673796791,0.40352941176470586,-0.005494652406417107,0.48224397054142293,0.4636266063274514,0.14535215774756208,0.8289352665065518,0.44844912382455576,-0.07242548611198153
StarCraft,MultiGaussian,Simulation Data,rounds,10,False,0.4434024064171124,0.42363636363636353,0.061731283422459884,0.7930080213903744,0.37883021390374333,0.002733957219251344,0.4880645569166706,0.49554669194513584,0.037900056885542426,0.8548084308760484,0.43185251536210734,-0.09295694753439059
StarCraft,MultiGaussian,Simulation Data,rounds,11,False,0.4852339572192514,0.47217245989304824,0.10829545454545457,0.823957219251337,0.41116978609625676,0.0017914438502673713,0.553560680882763,0.551617889422457,0.0849562454369459,0.8722500765103274,0.4659574318655222,-0.0790809035729819
StarCraft,MultiGaussian,Simulation Data,rounds,12,False,0.5091577540106952,0.4478743315508019,0.08643716577540107,0.824652406417112,0.423135026737968,-0.009037433155080215,0.5685979328558508,0.5055447499200088,0.08035244863433734,0.8723198765607109,0.4661148371356266,-0.10557537614911887
StarCraft,MultiGaussian,Simulation Data,rounds,13,False,0.5000802139037434,0.45209224598930503,0.07356951871657752,0.8411029411764704,0.4126938502673797,-6.684491978605766e-06,0.5512426756192351,0.5223747623519047,0.06113102551797376,0.8855255042153378,0.44820399917705045,-0.07304085555011851
StarCraft,MultiGaussian,Simulation Data,rounds,14,False,0.5540708556149733,0.4502540106951872,0.07403074866310161,0.8419117647058825,0.4149398395721925,0.010187165775401064,0.623367884830599,0.5140970014917211,0.07953650097335224,0.8856091591065969,0.45965787827819665,-0.06733408693077564
StarCraft,MultiGaussian,Simulation Data,rounds,15,False,0.5542045454545454,0.446677807486631,0.075548128342246,0.851577540106952,0.3976804812834226,0.0029010695187165815,0.6244035834292498,0.5145819398647969,0.06700256838101114,0.8928033126470081,0.45118509515197774,-0.07656636514309753
StarCraft,MultiGaussian,Simulation Data,rounds,16,False,0.5673729946524063,0.48065508021390374,0.07428475935828878,0.8565909090909091,0.4027005347593584,0.008161764705882348,0.6282310197096508,0.5266974324387015,0.07281145599509953,0.8915407111698757,0.43784133639572415,-0.06334312080848349
StarCraft,MultiGaussian,Simulation Data,rounds,17,False,0.613495989304813,0.5073729946524064,0.03920454545454546,0.8662901069518716,0.40988636363636366,0.009251336898395716,0.6874379826698701,0.5828084510197302,0.0310387436106906,0.901013386797112,0.4481180292230051,-0.07365058421229415
StarCraft,MultiGaussian,Simulation Data,rounds,18,False,0.5895989304812833,0.456798128342246,0.0785427807486631,0.8660026737967915,0.4088435828877007,0.012667112299465245,0.6492189783599177,0.5314258928116399,0.09759659963805406,0.9011877990690449,0.47681598062811703,-0.07895744954169237
StarCraft,MultiGaussian,Simulation Data,rounds,19,False,0.6431350267379677,0.4944719251336898,0.06711898395721926,0.8618449197860965,0.413783422459893,0.03126336898395723,0.7009791332573364,0.5418822354341785,0.054792066625022964,0.8984689829098805,0.4525006182391965,-0.06196036433487326
StarCraft,MultiGaussian,Simulation Data,rounds,20,False,0.6420922459893048,0.5009558823529411,0.08072192513368988,0.8669652406417113,0.4507152406417113,0.03589572192513369,0.7082300489014756,0.5845205688673606,0.07018936047851174,0.9057492020600162,0.4972373996984003,-0.056277378636966614
StarCraft,MultiGaussian,Simulation Data,rounds,21,False,0.6452941176470586,0.4805681818181818,0.07866310160427807,0.8864772727272726,0.381624331550802,0.027306149732620303,0.7140319563720909,0.5656211240684518,0.07010446046215815,0.9185097718957879,0.4348245014650846,-0.049514944019396136
StarCraft,MultiGaussian,Simulation Data,rounds,22,False,0.6493983957219253,0.44276737967914437,0.06679144385026738,0.8858823529411761,0.4457820855614974,0.022185828877005345,0.7180510920715844,0.5334593596254149,0.0633306912163866,0.9179411649111358,0.4976307802449642,-0.07336287583171854
StarCraft,MultiGaussian,Simulation Data,rounds,23,False,0.6857954545454545,0.4651737967914437,0.06687834224598929,0.9022994652406416,0.3719919786096257,0.0454211229946524,0.7419784373002924,0.5264720031169527,0.06676233148311678,0.9310637171131824,0.425124184245375,-0.06130390837154068
StarCraft,MultiGaussian,Simulation Data,rounds,24,False,0.6893516042780748,0.4586296791443852,0.0781283422459893,0.901664438502674,0.4291711229946524,0.019177807486631022,0.739518237636238,0.530966441424329,0.0629312370519823,0.9292751444157302,0.48124716040809123,-0.07393268884536022
StarCraft,MultiGaussian,Simulation Data,rounds,25,False,0.6692179144385029,0.45977272727272733,0.044692513368983965,0.8976737967914437,0.387994652406417,0.04324866310160427,0.721608893217591,0.5208183059730422,0.04080726435647643,0.9271313135915191,0.41913788588445705,-0.05384995163912696
StarCraft,MultiGaussian,Simulation Data,rounds,26,False,0.6636497326203206,0.4516176470588236,0.1077874331550802,0.9037566844919784,0.41919786096256706,0.04524064171122994,0.7148005283296112,0.5241023217269245,0.10397747929945461,0.9305337222073545,0.43776622774447527,-0.03501577148077811
StarCraft,MultiGaussian,Simulation Data,rounds,27,False,0.6691577540106952,0.4657954545454545,0.07531417112299466,0.9046390374331554,0.3953008021390374,0.03524064171122994,0.727342519213101,0.5336858140509547,0.08299058134339476,0.929088069675862,0.462418220826702,-0.04755837526718594
StarCraft,MultiGaussian,Simulation Data,rounds,28,False,0.6780213903743315,0.45506684491978594,0.0849532085561497,0.9145387700534758,0.4209224598930482,0.04262700534759359,0.7398250052578058,0.5454734089764057,0.0896718116082739,0.9373824078295082,0.48761551388398167,-0.06546521119678425
StarCraft,MultiGaussian,Simulation Data,rounds,29,False,0.6791844919786096,0.4854946524064169,0.06818181818181818,0.9152473262032089,0.36201203208556143,0.03462566844919785,0.7342627420110622,0.5607289844483977,0.056329487100286,0.9373212663940462,0.40827967630618117,-0.07350660224617704
StarCraft,MultiGaussian,Simulation Data,rounds,30,False,0.7024665775401071,0.48441844919786115,0.08157754010695184,0.9178475935828878,0.40164438502673794,0.044725935828876996,0.7651500040484676,0.5578923562925754,0.06632145364143079,0.9393024095223957,0.449775154043456,-0.0675101442139777
StarCraft,MultiGaussian,Simulation Data,rounds,31,False,0.7041644385026737,0.48312834224598933,0.0671590909090909,0.9262499999999997,0.37470588235294117,0.05331550802139038,0.7625056209974521,0.5483966394332545,0.05853234644404307,0.9460534204551226,0.41874173135650117,-0.04120479648209259
StarCraft,MultiGaussian,Simulation Data,rounds,32,False,0.7044251336898395,0.46278074866310165,0.0974264705882353,0.9224799465240645,0.3950868983957219,0.05772058823529409,0.7605434868679213,0.529846603258693,0.09483663664819816,0.9428838844188998,0.4519957547370389,-0.041550125470313976
StarCraft,MultiGaussian,Simulation Data,rounds,33,False,0.7093716577540106,0.4803877005347595,0.10306818181818177,0.925414438502674,0.40298128342245987,0.06961229946524063,0.7596410401570473,0.5534004654566728,0.10360639787833119,0.9450879326532963,0.46479736657729914,-0.026677337107410062
StarCraft,MultiGaussian,Simulation Data,finish_all_rounds,None,True,0.7183422459893047,0.34780748663101596,0.07849598930481289,0.9239973262032091,0.4414705882352942,0.00013368983957220192,0.7780081718923442,0.4149337032469468,0.06909634885897332,0.943158201733333,0.48126226522814114,-0.019126325083926855
Tennis,,Real Data,rounds,1,False,0.323255347593583,0.18520053475935833,0.1685026737967915,0.33465240641711236,0.27623663101604284,0.013335561497326197,0.3318311888852709,0.16887660133377344,0.19600572926432175,0.4444537346766188,0.2586961122353693,-0.01793116902705724
Tennis,,Real Data,rounds,2,False,0.3092179144385027,0.17961898395721929,0.13524064171123,0.429385026737968,0.24394385026737975,0.02759358288770054,0.27207270242813236,0.207203025891154,0.1675611470839078,0.5265532677254686,0.25239659078792703,-0.04097024883130525
Tennis,,Real Data,rounds,3,False,0.27417780748663106,0.2046323529411765,0.09012700534759358,0.5087901069518715,0.2969585561497326,0.014425133689839567,0.30286599914203594,0.2643104138338826,0.1368138749571264,0.6152435618560738,0.33185559075690063,-0.012672576706265405
Tennis,,Real Data,rounds,4,False,0.3520989304812836,0.2693582887700536,0.0789438502673797,0.5822994652406418,0.3135762032085561,0.017426470588235297,0.40340691810112084,0.3156760714760081,0.08101793278350927,0.6832449551659491,0.36143049831617724,-0.035711565784904316
Tennis,,Real Data,rounds,5,False,0.3268382352941177,0.30518048128342246,0.08826871657754012,0.5520254010695187,0.323322192513369,-0.005401069518716573,0.3584635448234643,0.3604983000794342,0.08577968736730458,0.6681518011609056,0.37180863172040834,-0.06358035666319634
Tennis,,Real Data,rounds,6,False,0.3614973262032084,0.3693850267379679,0.09834893048128344,0.6521056149732618,0.3867312834224598,-0.0016243315508021384,0.40759300993366504,0.4292878575626427,0.12411093399847511,0.7519618544149571,0.4484107390110661,-0.07198684401471851
Tennis,,Real Data,rounds,7,False,0.3789973262032087,0.3290106951871658,0.07948529411764706,0.6992179144385028,0.3772192513368984,0.01799465240641712,0.442607031196901,0.3981503398135762,0.06586645903804324,0.7861062651505135,0.4201513158735464,-0.056126083628710625
Tennis,,Real Data,rounds,8,False,0.42627005347593583,0.4142379679144384,0.09547459893048131,0.7045120320855612,0.3484826203208556,0.01161096256684492,0.4682401783161149,0.4960996595779882,0.09326710662395604,0.796147930740479,0.4044260854915521,-0.0629913876001666
Tennis,,Real Data,rounds,9,False,0.41586898395721933,0.40349598930481273,0.07990641711229945,0.7283155080213902,0.3543248663101604,0.018649732620320863,0.4626035491994046,0.48166269093237873,0.09858272931325723,0.8128857468044256,0.3975304456243254,-0.07853861925896052
Tennis,,Real Data,rounds,10,False,0.4301069518716577,0.4537700534759358,0.09916443850267381,0.7508221925133689,0.37777406417112297,0.023582887700534766,0.5003737331345129,0.5330220357899242,0.11058277259508639,0.8308306527251033,0.44055830253216527,-0.044522781240609384
Tennis,,Real Data,rounds,11,False,0.4333489304812835,0.4358288770053476,0.07092914438502675,0.7992312834224599,0.3809625668449199,0.01609625668449198,0.5067704974020362,0.5103774851025061,0.09665374904954996,0.8580328065313801,0.45200460162938394,-0.08486988267294873
Tennis,,Real Data,rounds,12,False,0.46762700534759366,0.43626336898395723,0.0678342245989305,0.7931483957219251,0.37731951871657765,0.0074465240641711315,0.5396385583849842,0.5113097303050871,0.057048609741566586,0.8561515673980574,0.4305606898743777,-0.0899200421945717
Tennis,,Real Data,rounds,13,False,0.4768983957219251,0.4571457219251334,0.06036764705882351,0.8066978609625669,0.380855614973262,0.032098930481283414,0.5398696699463101,0.5409281630669651,0.09000456628965217,0.8628775007815815,0.44230917887531523,-0.058654001381970466
Tennis,,Real Data,rounds,14,False,0.49052807486631006,0.4476270053475936,0.10006684491978611,0.8187633689839571,0.3352205882352941,0.00735962566844921,0.57625860819223,0.5218548950446855,0.11595580702215401,0.8705174327070279,0.377105879063123,-0.08680203837754952
Tennis,,Real Data,rounds,15,False,0.5013636363636362,0.4565173796791442,0.09700534759358291,0.8291778074866307,0.3771791443850268,0.03160427807486629,0.5874163355328382,0.5274774015598424,0.0938031581043621,0.8813417770606765,0.4380257307000464,-0.05790392557463403
Tennis,,Real Data,rounds,16,False,0.5385093582887701,0.43975935828876994,0.10571524064171121,0.8394585561497329,0.37912433155080216,0.009859625668449192,0.6415388050487905,0.5404872599774401,0.11424511821546425,0.8862310172437252,0.4306970581327942,-0.08417518504057286
Tennis,,Real Data,rounds,17,False,0.5282820855614974,0.45235294117647057,0.11374331550802141,0.8446390374331548,0.34070187165775406,0.02198529411764705,0.6226685475946713,0.533251164908241,0.12673763969025587,0.8896184019276524,0.3919227434066368,-0.08229810680735153
Tennis,,Real Data,rounds,18,False,0.5847459893048127,0.4935828877005348,0.10229278074866308,0.8571791443850267,0.3768582887700535,0.032286096256684486,0.672370925361068,0.5693592958305982,0.09735612437207941,0.8997282175171967,0.459742626037552,-0.09415985020292285
Tennis,,Real Data,rounds,19,False,0.6143516042780749,0.4586697860962567,0.07423796791443849,0.8592981283422461,0.34881684491978615,0.0328475935828877,0.6864283858085032,0.5493046223921673,0.07317970962908996,0.9014339612050196,0.3863086346957713,-0.0796755910660793
Tennis,,Real Data,rounds,20,False,0.6217513368983959,0.4573529411764705,0.09129679144385024,0.8585561497326202,0.41260026737967903,0.019592245989304813,0.7011039684995634,0.547897379126657,0.10008185602637348,0.9016927124010653,0.4660521325227199,-0.1052793526850537
Tennis,,Real Data,rounds,21,False,0.6146524064171122,0.45120320855614976,0.10161096256684493,0.8614037433155078,0.3613368983957219,0.039258021390374334,0.6957556463313687,0.523047883220857,0.08895363136215623,0.90381348704116,0.4093266452529856,-0.09264949568099289
Tennis,,Real Data,rounds,22,False,0.6010895721925135,0.41963903743315517,0.08518716577540107,0.8805347593582884,0.40550133689839574,0.03929812834224598,0.6818287461390463,0.5007493405367256,0.09620769774384394,0.9166571245977384,0.45697881997298345,-0.07558129839795695
Tennis,,Real Data,rounds,23,False,0.6023061497326202,0.4501002673796791,0.07914438502673797,0.8709826203208556,0.3807553475935829,0.03217245989304813,0.6865010671273203,0.5319388830555121,0.09678018715309993,0.9107033961020273,0.42388803409670955,-0.05311742140986357
Tennis,,Real Data,rounds,24,False,0.6203409090909091,0.438322192513369,0.0787433155080214,0.8887767379679145,0.3911029411764708,0.023910427807486635,0.701151787724506,0.5242426255227445,0.09146195967669232,0.9235286088374159,0.438048611252297,-0.09551908953854643
Tennis,,Real Data,rounds,25,False,0.6093516042780748,0.4465708556149734,0.06622994652406416,0.8881684491978611,0.36778743315508017,0.027526737967914442,0.6909778931665019,0.5299661452966786,0.11196634594086055,0.9227206480556202,0.4322432672921936,-0.07983724420238118
Tennis,,Real Data,rounds,26,False,0.6104411764705883,0.44985294117647057,0.05844919786096254,0.8912232620320856,0.3728609625668449,0.040414438502673795,0.7050702727859343,0.5410221686624823,0.06099197400760519,0.9252984203408136,0.4233219195925759,-0.07556755917475926
Tennis,,Real Data,rounds,27,False,0.6118716577540106,0.4651136363636363,0.07737299465240641,0.9011363636363637,0.3705280748663102,0.03941844919786096,0.6991917017138364,0.5603097767992067,0.0888543331296269,0.9317074305004895,0.4357918013747546,-0.08223118039545416
Tennis,,Real Data,rounds,28,False,0.6056417112299466,0.44224598930481285,0.0951470588235294,0.9007085561497327,0.36501336898395725,0.05401069518716581,0.7072208147132082,0.5363267485786019,0.10384499414322626,0.9309641200909964,0.42196794381708763,-0.06275673431285908
Tennis,,Real Data,rounds,29,False,0.6341911764705882,0.4723328877005347,0.0940975935828877,0.9103074866310159,0.3684759358288769,0.037620320855614994,0.7180303038144917,0.5453379729004234,0.09970466528511518,0.9363243711792067,0.41277034324065487,-0.09616494106939599
Tennis,,Real Data,rounds,30,False,0.6439505347593582,0.45377673796791435,0.08515374331550803,0.9092981283422462,0.3414973262032086,0.05860962566844922,0.7295641648536281,0.5246699558122611,0.10779775265312956,0.9363259480708008,0.43212400492008046,-0.0923860584465493
Tennis,,Real Data,rounds,31,False,0.6555280748663102,0.4313235294117647,0.09701203208556151,0.9063168449197859,0.4134826203208555,0.04734625668449196,0.745009006367034,0.5114998892824076,0.11334866752782016,0.9354934007835928,0.4840110004290259,-0.08135544518460572
Tennis,,Real Data,rounds,32,False,0.6710294117647058,0.4284893048128342,0.09469919786096259,0.9217647058823532,0.39839572192513356,0.026711229946524057,0.7486992814764308,0.49914695946173976,0.10379877488234263,0.945687255485442,0.45548429785010397,-0.11266066400199104
Tennis,,Real Data,rounds,33,False,0.6671991978609624,0.4545922459893047,0.0829745989304813,0.9236898395721925,0.3743315508021391,0.03519385026737969,0.754810680140383,0.5451035105693224,0.08771992390116502,0.9469987143488434,0.425397575424596,-0.08790879476313711
Tennis,,Real Data,finish_all_rounds,None,True,0.6786831550802139,0.36681149732620305,0.05989304812834226,0.9050066844919784,0.3518649732620321,0.021891711229946532,0.7641838486340071,0.420382300574224,0.05812006969291774,0.9339588509986104,0.4233849282258309,-0.004673435105946817
Tennis,Uniform,Simulation Data,rounds,1,False,0.2813502673796792,0.12786764705882356,0.17858288770053474,0.3207018716577541,0.27116310160427803,0.03483957219251337,0.28845436767069593,0.12092777136147179,0.17941005341070093,0.42058242410040464,0.28755957232434687,0.017605891718879767
Tennis,Uniform,Simulation Data,rounds,2,False,0.29959224598930484,0.1732486631016042,0.12002005347593579,0.4275,0.28274064171123003,0.027306149732620327,0.28188245119502026,0.20677477658125057,0.1371628687062191,0.5349359516253002,0.26850167286484755,-0.002685162665313182
Tennis,Uniform,Simulation Data,rounds,3,False,0.31647727272727266,0.23215240641711232,0.10510695187165776,0.5334157754010693,0.24595588235294116,0.019518716577540115,0.31335278397625776,0.2980861817044485,0.12554909501207737,0.6311971211412875,0.27883761285712166,-0.02173044003854725
Tennis,Uniform,Simulation Data,rounds,4,False,0.33479946524064175,0.3093850267379679,0.09052139037433157,0.4947326203208558,0.2915775401069519,0.04469919786096257,0.36735106724607947,0.3464431437015867,0.08692006843373216,0.6230132841617233,0.3266527794673466,-0.017933305360113762
Tennis,Uniform,Simulation Data,rounds,5,False,0.3315106951871658,0.3220187165775401,0.07796122994652405,0.5843582887700536,0.3468516042780749,0.010467914438502694,0.3617273367092768,0.39429518193096036,0.061999891678072364,0.701660399214491,0.4046038348484221,-0.03542457551489413
Tennis,Uniform,Simulation Data,rounds,6,False,0.3720721925133691,0.3594919786096256,0.09334893048128345,0.6387967914438503,0.39006016042780756,0.029799465240641716,0.4243629127791346,0.42383690323244566,0.09218662688521909,0.7403657016988717,0.4667757539215427,-0.05458279389327554
Tennis,Uniform,Simulation Data,rounds,7,False,0.39571524064171126,0.3414973262032086,0.08506016042780748,0.6676470588235293,0.4059959893048128,0.016470588235294112,0.439121148467819,0.4141725327200029,0.10671070140516928,0.7626618050187923,0.48169113589679596,-0.06678397533178886
Tennis,Uniform,Simulation Data,rounds,8,False,0.43105614973262035,0.4164304812834224,0.08254679144385026,0.7132219251336898,0.3793449197860963,0.026711229946524053,0.4806956312959588,0.49136844356861736,0.06281668049309075,0.799474897985992,0.4483566646285513,-0.05797868915360578
Tennis,Uniform,Simulation Data,rounds,9,False,0.46526069518716573,0.41581550802139033,0.10449197860962565,0.7410160427807486,0.3658088235294117,0.011310160427807478,0.5201910804072728,0.49158445782787547,0.1216348121081316,0.8202105829229324,0.4450665255828837,-0.04685028430782823
Tennis,Uniform,Simulation Data,rounds,10,False,0.43582219251336907,0.4060427807486631,0.0778342245989305,0.7708823529411768,0.3927272727272726,0.00017379679144384984,0.5135895436884323,0.47684514476259116,0.07134693391132955,0.8385413688573646,0.4509651364599416,-0.07235742873578153
Tennis,Uniform,Simulation Data,rounds,11,False,0.43554812834224615,0.42771390374331536,0.09465240641711228,0.7809491978609624,0.3789304812834226,0.015594919786096255,0.5064583334056906,0.5025254819731376,0.09598642551695981,0.8478932826952341,0.45135910205322605,-0.06254626609913747
Tennis,Uniform,Simulation Data,rounds,12,False,0.4844117647058823,0.41947860962566835,0.07212566844919788,0.7980548128342246,0.370614973262032,0.02571524064171124,0.5665796088408996,0.5119378772732648,0.07310754060795127,0.8585088741109413,0.4334826581340709,-0.039815431213410864
Tennis,Uniform,Simulation Data,rounds,13,False,0.4577272727272726,0.4356617647058823,0.08011363636363637,0.8008155080213905,0.3989839572192515,0.001109625668449201,0.5322489346715564,0.5093046447702584,0.10745957747866587,0.8621563852660132,0.4794323348944017,-0.09285325071204044
Tennis,Uniform,Simulation Data,rounds,14,False,0.45465909090909107,0.45621657754010697,0.06731283422459892,0.8215574866310162,0.35497326203208546,0.020086898395721923,0.5497975434000368,0.560103950368731,0.07509043355365436,0.8760509362190675,0.41692136356916343,-0.08841231368599872
Tennis,Uniform,Simulation Data,rounds,15,False,0.5010828877005348,0.4455013368983958,0.04914438502673799,0.8308556149732622,0.39123663101604267,0.03252005347593584,0.5881880413579799,0.5187194625119724,0.05960472271662048,0.8812826449630947,0.45154851154266107,-0.06627712511065564
Tennis,Uniform,Simulation Data,rounds,16,False,0.4867981283422459,0.4610227272727274,0.0752005347593583,0.8452139037433155,0.36367647058823543,0.02427139037433154,0.5667016169340092,0.5326948216008379,0.05171155966771031,0.890669125144718,0.4546561050153607,-0.09758391494438659
Tennis,Uniform,Simulation Data,rounds,17,False,0.5157219251336896,0.4484625668449198,0.06053475935828876,0.8516510695187168,0.3874264705882353,0.0056483957219251365,0.6125405471101008,0.5449348372347618,0.03438045117953352,0.8957629683366328,0.4388995326574145,-0.07106135851337413
Tennis,Uniform,Simulation Data,rounds,18,False,0.586557486631016,0.4582820855614974,0.08754010695187166,0.8563368983957218,0.3786430481283423,0.032660427807486646,0.6682505957477032,0.5444471446946335,0.05946775543958352,0.8981506408374283,0.4233250213339549,-0.07771609732869851
Tennis,Uniform,Simulation Data,rounds,19,False,0.5767513368983958,0.42023395721925133,0.12112967914438501,0.8596657754010697,0.38414438502673787,0.02421791443850268,0.6647572761236265,0.497669968870198,0.11554269525237494,0.9011718350330737,0.45673754775472014,-0.09139735676579396
Tennis,Uniform,Simulation Data,rounds,20,False,0.5837299465240642,0.4713168449197862,0.09641042780748663,0.8551069518716577,0.37479946524064156,0.014692513368983952,0.6697382082312473,0.5413980552655174,0.08192550244111203,0.8997294651206467,0.44543395098514516,-0.10075073868851944
Tennis,Uniform,Simulation Data,rounds,21,False,0.587774064171123,0.46165106951871665,0.0711229946524064,0.8737901069518719,0.3808622994652407,0.03147058823529411,0.6523368356440484,0.5332690659796578,0.06466192506140826,0.9135436839326669,0.4301352648751678,-0.07560055038044501
Tennis,Uniform,Simulation Data,rounds,22,False,0.6101069518716579,0.4438435828877006,0.1031283422459893,0.8761697860962571,0.36314839572192503,0.02322192513368983,0.6822731444596996,0.538301460493939,0.12153736063320993,0.9154674794168888,0.4268584057517347,-0.08664801766210312
Tennis,Uniform,Simulation Data,rounds,23,False,0.6248328877005348,0.4683155080213903,0.11137700534759358,0.8859826203208554,0.36269385026737977,0.04550133689839573,0.7052481437696924,0.5618331742914104,0.09435076036418451,0.9212101728574444,0.4148713835226417,-0.06937127187398133
Tennis,Uniform,Simulation Data,rounds,24,False,0.6131216577540104,0.4555080213903743,0.09293449197860962,0.8797459893048127,0.378663101604278,0.04264705882352941,0.6922577494050429,0.5464001766924949,0.11019035777400442,0.9169811002968575,0.443797789903358,-0.06950761391512761
Tennis,Uniform,Simulation Data,rounds,25,False,0.6037834224598929,0.45921122994652414,0.08999331550802142,0.8835026737967913,0.36016042780748664,0.05314171122994654,0.6925228769881059,0.5335017655619554,0.09681515048090343,0.9196457876561324,0.4195553354643733,-0.07485337527085491
Tennis,Uniform,Simulation Data,rounds,26,False,0.6161163101604279,0.44195855614973256,0.09540106951871659,0.8811564171122993,0.37717914438502675,0.016497326203208543,0.6990829679049065,0.5368134774819654,0.08997006588987899,0.9190733837915527,0.4227757358334003,-0.10908639433132856
Tennis,Uniform,Simulation Data,rounds,27,False,0.611677807486631,0.4461363636363636,0.07713903743315507,0.8988168449197862,0.3573863636363636,0.03872326203208556,0.7006296516240796,0.5242852978292185,0.1171358270969135,0.9313191976128071,0.4192308761563091,-0.1009116867347251
Tennis,Uniform,Simulation Data,rounds,28,False,0.6349799465240641,0.464866310160428,0.08762032085561497,0.9005882352941176,0.3935962566844921,0.031864973262032074,0.7167672398372247,0.5428754768064148,0.0746597679403531,0.931261041457729,0.46473669951116436,-0.09041947044880139
Tennis,Uniform,Simulation Data,rounds,29,False,0.6226336898395721,0.46155080213903754,0.08490641711229945,0.9088235294117646,0.3711898395721924,0.03587566844919785,0.717296964871586,0.5523651671609706,0.11082734133489387,0.9357947456197292,0.4280954184916245,-0.07766425645453566
Tennis,Uniform,Simulation Data,rounds,30,False,0.6597794117647059,0.4638435828877006,0.10535427807486633,0.9036363636363638,0.3975735294117648,0.05052807486631015,0.7433406765253856,0.5567097928610324,0.11553700232203042,0.9337433024047628,0.47579497048851394,-0.08716630240787664
Tennis,Uniform,Simulation Data,rounds,31,False,0.6586764705882355,0.46990641711229925,0.08717245989304814,0.9028943850267379,0.3710628342245989,0.0608422459893048,0.7413317301047353,0.5720355846709257,0.10387951976945137,0.9323227569959104,0.43177098371078826,-0.07718497362503988
Tennis,Uniform,Simulation Data,rounds,32,False,0.6815173796791443,0.43024064171123,0.053449197860962555,0.9154344919786093,0.37808823529411756,0.03741310160427808,0.7653038529721681,0.5374507202100789,0.06631627380102509,0.9408200219460384,0.4533263940083142,-0.09614428175327415
Tennis,Uniform,Simulation Data,rounds,33,False,0.6737032085561495,0.4829545454545454,0.08643716577540106,0.9101537433155081,0.381129679144385,0.04088235294117647,0.7600387076194692,0.5704722631234824,0.07309104392613829,0.9374772436417682,0.46275903709541993,-0.08242981998684319
Tennis,Uniform,Simulation Data,finish_all_rounds,None,True,0.6856216577540104,0.35131684491978604,0.07991978609625668,0.9153676470588235,0.3735762032085562,0.01758021390374332,0.7709155268697053,0.42729767463879625,0.0853937541582862,0.9411998304546748,0.4213033127935577,-0.020901070367734732
Tennis,PL,Simulation Data,rounds,1,False,0.2956149732620321,0.12600267379679145,0.20893048128342248,0.3155013368983957,0.2503141711229946,0.02090909090909091,0.29597617048525354,0.12305599264628174,0.22949440114923564,0.408148526537098,0.24747906303063083,-0.02445190718938734
Tennis,PL,Simulation Data,rounds,2,False,0.32473930481283425,0.18889705882352945,0.11081550802139038,0.4503810160427809,0.26210561497326196,0.031383689839572196,0.30812594077666267,0.20901735711628266,0.14634665553896717,0.5586639372337592,0.27139738035539407,-0.019933770726684147
Tennis,PL,Simulation Data,rounds,3,False,0.28028743315508026,0.22598262032085567,0.11350935828877003,0.5140708556149731,0.26316844919786103,0.020835561497326193,0.292490388515989,0.25860809830160486,0.13944847587500758,0.6172187748695113,0.30076619575061225,-0.05377504711105446
Tennis,PL,Simulation Data,rounds,4,False,0.3380882352941177,0.2655882352941176,0.09106951871657755,0.5521323529411764,0.3073395721925134,0.022032085561497324,0.3458620867293817,0.3103142214505314,0.09422110133073228,0.6653949108528769,0.3707081311171144,-0.04416123341208651
Tennis,PL,Simulation Data,rounds,5,False,0.3073529411764706,0.3324197860962568,0.09080882352941176,0.6087098930481285,0.38298128342246,0.010882352941176471,0.34046741949495557,0.40293531291325235,0.08102024524906652,0.7146254387753374,0.44259413756104843,-0.047680925634647583
Tennis,PL,Simulation Data,rounds,6,False,0.3758689839572191,0.2844986631016042,0.09039438502673798,0.6677339572192511,0.35186497326203214,0.011096256684491984,0.4147657070298348,0.3286960321053572,0.07136910201134931,0.7635006780854826,0.4024170393299146,-0.05681931252734749
Tennis,PL,Simulation Data,rounds,7,False,0.36419117647058824,0.37334893048128337,0.08341577540106952,0.6703676470588238,0.3693181818181819,0.020741978609625674,0.41862200402975575,0.45367212214683694,0.07971010098082405,0.7659399126143057,0.4229889324561242,-0.04244961361121599
Tennis,PL,Simulation Data,rounds,8,False,0.42688502673796785,0.41719919786096255,0.08631684491978611,0.7219719251336899,0.39628342245989306,0.027834224598930465,0.4697969085846928,0.4913632108257082,0.0770153584962846,0.8073085102783533,0.4581725754230193,-0.05750516463039832
Tennis,PL,Simulation Data,rounds,9,False,0.4382152406417113,0.45046122994652404,0.06922459893048129,0.7463435828877006,0.36146390374331566,0.02014705882352942,0.5006807919911853,0.5429603671145665,0.08207570397145826,0.8237302274294336,0.4224622272715886,-0.04926506635147959
Tennis,PL,Simulation Data,rounds,10,False,0.45796122994652405,0.3994385026737968,0.07173796791443852,0.7543582887700536,0.4092179144385027,0.017152406417112295,0.528164162176198,0.47003103755917075,0.057013022051185434,0.8279930946877024,0.4786747843138909,-0.06287788612876218
Tennis,PL,Simulation Data,rounds,11,False,0.46030748663101595,0.455394385026738,0.07763368983957221,0.7803208556149734,0.3803810160427807,0.02307486631016042,0.5193593068192852,0.5275368259401432,0.10135181657698503,0.8468506784573638,0.43071206002845586,-0.07259312680609117
Tennis,PL,Simulation Data,rounds,12,False,0.46961229946524063,0.4744719251336899,0.06606951871657755,0.8081885026737965,0.41370989304812816,0.02478609625668449,0.5507514640568121,0.569765428778453,0.09066011819588349,0.8674351645545193,0.46768022393470465,-0.08169590740457325
Tennis,PL,Simulation Data,rounds,13,False,0.45010026737967906,0.43305481283422476,0.0929812834224599,0.8160494652406416,0.40643716577540107,0.03134358288770053,0.5441398512845326,0.5211771613355498,0.1183382744558947,0.8720342474112812,0.4774357345663299,-0.05500697414906127
Tennis,PL,Simulation Data,rounds,14,False,0.4908489304812834,0.46644385026737967,0.07963235294117646,0.8236163101604277,0.37056818181818185,0.024772727272727276,0.5612344418841682,0.5370638208508848,0.09267039961924402,0.8747484467736868,0.4240463231294512,-0.09134751069282462
Tennis,PL,Simulation Data,rounds,15,False,0.5207820855614973,0.407640374331551,0.0921457219251337,0.8310494652406417,0.3970254010695188,0.024739304812834213,0.601847862369303,0.4901450852268402,0.07122173333239933,0.8805969394822891,0.459842849931098,-0.07664739924141135
Tennis,PL,Simulation Data,rounds,16,False,0.49979278074866285,0.44724598930481285,0.07323529411764708,0.8378810160427809,0.36274732620320854,0.038997326203208574,0.5994699351136884,0.534024554774334,0.07973059474353286,0.8827769427475144,0.43408973791892486,-0.08263680003027263
Tennis,PL,Simulation Data,rounds,17,False,0.5721657754010694,0.4998395721925135,0.09538770053475933,0.8520588235294116,0.3658622994652406,0.020434491978609633,0.655792612818415,0.5871370197631053,0.10686569729855408,0.8948079844653088,0.41908764209611304,-0.08810272466403561
Tennis,PL,Simulation Data,rounds,18,False,0.5814237967914437,0.42861631016042784,0.08328877005347593,0.8640173796791442,0.38720588235294123,0.01914438502673796,0.6568536795790882,0.49376323912257236,0.06870489275812894,0.904439681629116,0.42897454241615507,-0.1022378142209735
Tennis,PL,Simulation Data,rounds,19,False,0.5815975935828877,0.4515374331550801,0.07903743315508022,0.8568649732620319,0.4067780748663101,0.019318181818181804,0.6639593434997257,0.5337622296087171,0.0808104249812554,0.8985021071767229,0.4880585219587339,-0.08851275149822879
Tennis,PL,Simulation Data,rounds,20,False,0.6123395721925134,0.45098930481283434,0.08096256684491979,0.8670254010695188,0.4056283422459894,0.011470588235294114,0.6877870823851703,0.530927021900578,0.06976206965981419,0.9065871864487903,0.4589542191766221,-0.09336896338239567
Tennis,PL,Simulation Data,rounds,21,False,0.604933155080214,0.45989304812834225,0.0818582887700535,0.8686631016042778,0.34707219251336885,0.03518716577540106,0.6860776556202345,0.5283456973666084,0.09153312962296818,0.9092629436636885,0.4045984263334439,-0.0812802983585183
Tennis,PL,Simulation Data,rounds,22,False,0.6266377005347593,0.4318983957219251,0.08127005347593581,0.8713168449197856,0.4033957219251338,0.03158422459893048,0.7100297247580687,0.5183586562986062,0.08461812870662272,0.911501150950698,0.47382721439038383,-0.06744668308601377
Tennis,PL,Simulation Data,rounds,23,False,0.6167379679144386,0.4409759358288769,0.07133021390374332,0.8793516042780749,0.3594184491978609,0.026798128342245993,0.6981024120863342,0.5180995319538185,0.09407304116470476,0.9162781903227913,0.39879503849437303,-0.08221131836442193
Tennis,PL,Simulation Data,rounds,24,False,0.5987901069518717,0.43573529411764717,0.0923729946524064,0.8871189839572194,0.34430481283422476,0.026951871657754017,0.6883920648837596,0.5161404597841688,0.1161571239647684,0.9224897982881727,0.4043267664263738,-0.07615423709050775
Tennis,PL,Simulation Data,rounds,25,False,0.5917847593582887,0.43024064171122994,0.08114973262032082,0.8888101604278076,0.39063502673796796,0.03048128342245989,0.6761245960783229,0.5105136906354778,0.07163722634176035,0.9232988673593454,0.4605140396908305,-0.09446698393493146
Tennis,PL,Simulation Data,rounds,26,False,0.6059425133689839,0.49147058823529405,0.07060160427807485,0.8932352941176471,0.39661096256684497,0.041457219251336906,0.6964291077129817,0.5746417245712556,0.08563953749272496,0.9262904453659974,0.4562878032910635,-0.09735454553228577
Tennis,PL,Simulation Data,rounds,27,False,0.6309425133689839,0.4572593582887701,0.07062165775401068,0.8946991978609624,0.4107085561497326,0.027901069518716577,0.7112288762848564,0.5418643458799558,0.07178945883020804,0.9271481569682132,0.44048856462262814,-0.08685574529110518
Tennis,PL,Simulation Data,rounds,28,False,0.6113636363636364,0.4167580213903743,0.09741310160427809,0.8987366310160425,0.4059358288770053,0.0487433155080214,0.708933151356575,0.5077413000931229,0.10272615907689206,0.9294007387834344,0.47184018311611625,-0.06735477269451387
Tennis,PL,Simulation Data,rounds,29,False,0.6427205882352943,0.4499799465240639,0.09495320855614972,0.9018649732620321,0.3548262032085562,0.019525401069518736,0.7228169061303484,0.5485497625352883,0.07891179540429435,0.932227422039804,0.4084205519562337,-0.09900561322141828
Tennis,PL,Simulation Data,rounds,30,False,0.6204679144385028,0.4344652406417112,0.0569251336898396,0.90831550802139,0.3641310160427808,0.04187165775401071,0.7178832087357434,0.5205740300407805,0.04493016521176377,0.9371408044499997,0.44589546947391084,-0.07116666700527403
Tennis,PL,Simulation Data,rounds,31,False,0.6770588235294117,0.4212032085561498,0.08328208556149731,0.9165909090909092,0.37209224598930474,0.042921122994652394,0.7559095703035399,0.5196202153587537,0.06936658520627025,0.9409458211815473,0.4156653680058218,-0.10258853038653472
Tennis,PL,Simulation Data,rounds,32,False,0.6779545454545454,0.4487834224598931,0.06572860962566845,0.9150066844919786,0.4204010695187166,0.05143716577540108,0.75643257049861,0.5426286816113169,0.08842391620287932,0.9406209413401831,0.510746514863147,-0.07706216732906761
Tennis,PL,Simulation Data,rounds,33,False,0.6994318181818181,0.4384491978609625,0.04942513368983959,0.9171724598930482,0.4013502673796792,0.042573529411764705,0.7775987231340402,0.5236381965965881,0.01552378217709197,0.941755462744147,0.45537458673188913,-0.06549971195204309
Tennis,PL,Simulation Data,finish_all_rounds,None,True,0.6995187165775402,0.3519184491978609,0.051864973262032085,0.9167179144385027,0.3919652406417111,0.006798128342245991,0.7788068834297682,0.40861977848259506,0.05134907242019034,0.942662252856772,0.46445650940746525,-0.018649314576288302
Tennis,Normal,Simulation Data,rounds,1,False,0.260120320855615,0.13233957219251333,0.13665106951871664,0.2684358288770053,0.27735294117647064,0.0259024064171123,0.26753802578626934,0.11057731766743098,0.12164014364463452,0.38843770021809043,0.2882790839147475,-0.00780533846848348
Tennis,Normal,Simulation Data,rounds,2,False,0.2755414438502674,0.2166911764705882,0.1359625668449198,0.4371991978609626,0.2467580213903744,0.015100267379679132,0.23977007762653052,0.22231720342010436,0.15857496460312304,0.5462229577898681,0.21559731587643075,-0.015186357025513596
Tennis,Normal,Simulation Data,rounds,3,False,0.3265441176470588,0.2043181818181818,0.08471925133689841,0.5153141711229946,0.2770187165775402,0.012566844919786093,0.3268819353129326,0.2332188619530071,0.11693400661994889,0.6120713289389756,0.31862769534967084,-0.031581674885213094
Tennis,Normal,Simulation Data,rounds,4,False,0.320120320855615,0.28590909090909095,0.10020721925133692,0.558422459893048,0.24540775401069526,0.017767379679144404,0.3302959616773208,0.34557446275167414,0.09186293129023855,0.6698027407319864,0.31245188948378977,-0.01681956794418398
Tennis,Normal,Simulation Data,rounds,5,False,0.35644385026737974,0.32804812834224584,0.035434491978609615,0.577927807486631,0.31350267379679136,0.021243315508021388,0.3782325752318888,0.37813189743108944,-0.009261352578397735,0.6929460769237161,0.4053267891811416,-0.0413189388180256
Tennis,Normal,Simulation Data,rounds,6,False,0.42101604278074867,0.32167112299465245,0.09008021390374331,0.6331350267379677,0.3376804812834225,0.0228475935828877,0.4554915978064753,0.3987595911073965,0.09038379157128779,0.738439233800927,0.41612566402176976,-0.033778856157115206
Tennis,Normal,Simulation Data,rounds,7,False,0.3844652406417112,0.3720053475935829,0.0819385026737968,0.6758422459893048,0.42279411764705893,0.023061497326203207,0.4231289860764301,0.45888140717073717,0.10315140416364327,0.7728114801493343,0.4994540905873497,-0.057013683820356764
Tennis,Normal,Simulation Data,rounds,8,False,0.3687500000000001,0.43081550802139035,0.11287433155080215,0.706183155080214,0.3710360962566845,0.011744652406417113,0.4194694019600524,0.5083747538276991,0.07435465978299698,0.794295121964402,0.4454788662755118,-0.06976747668918237
Tennis,Normal,Simulation Data,rounds,9,False,0.422633689839572,0.40185160427807465,0.09379010695187166,0.7682152406417114,0.360942513368984,0.013235294117647045,0.48841028111416224,0.5005605206994153,0.09852130440875813,0.8394097291107847,0.4208951972654462,-0.045328634267935757
Tennis,Normal,Simulation Data,rounds,10,False,0.4090374331550802,0.4295187165775402,0.0849799465240642,0.7834090909090909,0.33775401069518723,0.021550802139037425,0.4675099871046253,0.5178983304587408,0.09194272000168743,0.850088574667979,0.3941243698356218,-0.05931527124571529
Tennis,Normal,Simulation Data,rounds,11,False,0.4449933155080212,0.3589171122994652,0.06108288770053478,0.7853208556149731,0.3712633689839573,0.020668449197860955,0.5067988318428744,0.44101213428942737,0.07218443915220162,0.8506556791076345,0.44105822624463575,-0.06799237601248949
Tennis,Normal,Simulation Data,rounds,12,False,0.4401403743315507,0.45439839572192525,0.12942513368983952,0.7975200534759359,0.41473930481283433,0.010427807486631024,0.5124741317459723,0.5276126461334226,0.10816132180419,0.8583981614192582,0.4583709008689945,-0.07583313001831472
Tennis,Normal,Simulation Data,rounds,13,False,0.4881751336898394,0.44034759358288766,0.07990641711229948,0.8100935828877006,0.3953743315508022,0.017647058823529405,0.5631701372965081,0.522904209577776,0.07559497164330901,0.8684235989872549,0.45400296104793386,-0.11167119835581872
Tennis,Normal,Simulation Data,rounds,14,False,0.5054077540106953,0.4306283422459894,0.09084224598930478,0.8130548128342244,0.39520053475935824,0.01567513368983956,0.5916509581753736,0.5097947363579732,0.11391524800743752,0.8689849240620455,0.4610061440266771,-0.06137193511244306
Tennis,Normal,Simulation Data,rounds,15,False,0.5102339572192512,0.43765374331550805,0.11147727272727276,0.8355681818181818,0.37225935828877,0.018008021390374333,0.5913441317491802,0.5237910309888744,0.13489396090938727,0.8855559674981709,0.41782368506213713,-0.0781398791613401
Tennis,Normal,Simulation Data,rounds,16,False,0.5120120320855616,0.45396390374331547,0.09201871657754011,0.846544117647059,0.3912901069518716,0.03149064171122994,0.5911102731757762,0.5443100943823569,0.09661008116707537,0.8901504916630786,0.443297563304821,-0.08628428036101338
Tennis,Normal,Simulation Data,rounds,17,False,0.5550601604278076,0.4249465240641711,0.052479946524064174,0.844986631016043,0.39655748663101614,0.041490641711229924,0.638908729695267,0.5093432035479357,0.06433303499071197,0.8899905135736276,0.457624209040378,-0.0872955701817863
Tennis,Normal,Simulation Data,rounds,18,False,0.5760561497326202,0.4633422459893049,0.08865641711229948,0.8488101604278075,0.40065508021390384,0.020922459893048147,0.6640636766995773,0.544584126194867,0.06959641820108703,0.8905630342545932,0.48269930427739327,-0.09065638595280376
Tennis,Normal,Simulation Data,rounds,19,False,0.5798529411764708,0.46610962566844927,0.1062098930481283,0.8478542780748662,0.37081550802139035,0.02130347593582889,0.6679644716048625,0.5511919200493637,0.10494652647978787,0.893232979231135,0.4105849326181026,-0.09953367938172386
Tennis,Normal,Simulation Data,rounds,20,False,0.583783422459893,0.4653676470588236,0.061390374331550805,0.8706684491978608,0.3240441176470588,0.017660427807486632,0.6767386352731267,0.5448176148066578,0.06310070552030257,0.909874646283557,0.3950485786150887,-0.0867362331860251
Tennis,Normal,Simulation Data,rounds,21,False,0.6157152406417112,0.44221256684491983,0.11068850267379682,0.8700935828877006,0.4221791443850269,0.027540106951871653,0.686892122753771,0.5307198482284605,0.10823970678973982,0.910343174627004,0.48039424865811936,-0.09482795025175796
Tennis,Normal,Simulation Data,rounds,22,False,0.6236096256684492,0.4877606951871659,0.1293048128342246,0.8723262032085564,0.38685160427807497,0.035995989304812834,0.7054288335024829,0.5680036519561805,0.14031314373413653,0.9120899331793262,0.4533766606310428,-0.08127733211698908
Tennis,Normal,Simulation Data,rounds,23,False,0.6079745989304811,0.43626336898395723,0.08923796791443847,0.8659558823529413,0.3742245989304812,0.05316176470588235,0.6893043718952184,0.5363549765537462,0.06812701065157525,0.9079188307800048,0.4103494215189522,-0.05191935116091017
Tennis,Normal,Simulation Data,rounds,24,False,0.620086898395722,0.44322860962566835,0.08920454545454541,0.8861697860962571,0.3806082887700535,0.029024064171123003,0.7078122596818602,0.5321185668542492,0.10982894022592472,0.9225510247880709,0.442124605507614,-0.07231181612463895
Tennis,Normal,Simulation Data,rounds,25,False,0.6011697860962567,0.44694518716577547,0.10614973262032086,0.8832018716577538,0.3942914438502676,0.018863636363636364,0.6998691152693566,0.5458513187466801,0.11305063631499661,0.9203569385494059,0.4398554637592103,-0.09786366837103015
Tennis,Normal,Simulation Data,rounds,26,False,0.5830949197860963,0.4578943850267379,0.08873663101604276,0.895153743315508,0.37463903743315513,0.03607620320855617,0.6775248407598947,0.5266342979446782,0.08740250159133563,0.9282612261420548,0.463485273247191,-0.07200726231901838
Tennis,Normal,Simulation Data,rounds,27,False,0.5936564171122994,0.45628342245989306,0.08016711229946527,0.898288770053476,0.36558155080213894,0.04536096256684491,0.6903089225745255,0.5303689724331132,0.09521216208386037,0.9291296889737392,0.4254841739171671,-0.07453297381305365
Tennis,Normal,Simulation Data,rounds,28,False,0.6253275401069519,0.48382352941176476,0.08683155080213903,0.9048328877005352,0.4036430481283423,0.04471256684491978,0.7083138730465839,0.5816134958494515,0.08522020537270464,0.9347121929851556,0.46094409634346467,-0.07053604964476547
Tennis,Normal,Simulation Data,rounds,29,False,0.626524064171123,0.4655414438502673,0.06919117647058823,0.9115240641711231,0.34548128342245993,0.028977272727272706,0.7223393998940405,0.5467534515780137,0.059139636235102995,0.9394563015038342,0.4293921248610984,-0.09023550494132097
Tennis,Normal,Simulation Data,rounds,30,False,0.6448262032085562,0.45158422459893044,0.10491310160427807,0.9116443850267382,0.35229278074866327,0.04221256684491979,0.7336244833631542,0.5488702167593938,0.1203259818320956,0.9385618926715664,0.3884024121411453,-0.1029685871347214
Tennis,Normal,Simulation Data,rounds,31,False,0.6721858288770054,0.4384893048128343,0.06733957219251335,0.9157887700534759,0.37961898395721927,0.05718582887700533,0.7583890484635668,0.5260707641584998,0.09714445736653599,0.9417802713120916,0.4408409392702486,-0.0642477092107735
Tennis,Normal,Simulation Data,rounds,32,False,0.6516377005347591,0.46141042780748676,0.08600267379679144,0.909725935828877,0.3954946524064172,0.06522727272727272,0.7389322757660912,0.545638079529534,0.10315237827262998,0.9371663540570455,0.4669630077981484,-0.058877520063793785
Tennis,Normal,Simulation Data,rounds,33,False,0.6784491978609627,0.4857286096256685,0.10103609625668449,0.9150868983957215,0.37080882352941175,0.025240641711229958,0.7629882435852744,0.5741001617744785,0.10102317226581697,0.9407301001241776,0.42207821823586267,-0.10473918782229846
Tennis,Normal,Simulation Data,finish_all_rounds,None,True,0.6985762032085561,0.3372125668449197,0.06641042780748663,0.9231684491978611,0.3876002673796792,0.010741978609625663,0.7756631235094047,0.3971039662823494,0.06323209941042483,0.946163315422192,0.44448942942363023,-0.018057145958367368
Tennis,MultiGaussian,Simulation Data,rounds,1,False,0.27016042780748667,0.14944518716577546,0.16347593582887704,0.3432085561497326,0.28483957219251343,0.005889037433155071,0.26568202935419194,0.17261690407902436,0.18469653719472454,0.4428624801605631,0.2977617406881606,-0.01758630715017458
Tennis,MultiGaussian,Simulation Data,rounds,2,False,0.3287901069518716,0.1609024064171123,0.12310828877005346,0.43662433155080244,0.2675066844919786,0.033161764705882335,0.33047029195363353,0.1706847151333993,0.13319562439565158,0.5482934822560778,0.2708196464436511,-0.015516726869748627
Tennis,MultiGaussian,Simulation Data,rounds,3,False,0.32138368983957205,0.2127205882352941,0.12165775401069519,0.5300066844919786,0.28444518716577544,0.021430481283422464,0.3352141360512897,0.2550691658456057,0.14830098601671104,0.6323300672613063,0.31441812350955983,-0.015382040983758706
Tennis,MultiGaussian,Simulation Data,rounds,4,False,0.3481885026737968,0.2960762032085561,0.08675802139037433,0.5448328877005348,0.3198529411764707,0.02757352941176471,0.35827290342639173,0.36709614549318254,0.09519701986905015,0.6589278174466677,0.38021049270581925,-0.009883821601152958
Tennis,MultiGaussian,Simulation Data,rounds,5,False,0.38335561497326204,0.2790173796791444,0.08224598930481283,0.5820989304812835,0.3479010695187165,0.02504679144385026,0.43269364776424757,0.3326087100961976,0.07491285258436753,0.693794072885469,0.4029894560535283,-0.0533298129548697
Tennis,MultiGaussian,Simulation Data,rounds,6,False,0.36396390374331544,0.32348930481283417,0.10868983957219251,0.6710427807486633,0.32758689839572197,0.008930481283422467,0.4018690710344876,0.3832485653812263,0.11293603397554886,0.7668609886372155,0.3730712681393411,-0.07507560511861314
Tennis,MultiGaussian,Simulation Data,rounds,7,False,0.3610294117647059,0.3739639037433155,0.0744318181818182,0.6764171122994653,0.4053810160427807,0.01566176470588236,0.3853424166878301,0.43821214867144165,0.07393008418368231,0.7713839333810527,0.4593628088389438,-0.048612433605498044
Tennis,MultiGaussian,Simulation Data,rounds,8,False,0.41925133689839583,0.3968114973262031,0.0989505347593583,0.7154411764705884,0.37808155080213907,0.029431818181818167,0.49678283895470415,0.46270463193492994,0.0872793042657554,0.8024825782986426,0.4429338860803258,-0.05538892493944323
Tennis,MultiGaussian,Simulation Data,rounds,9,False,0.4087098930481282,0.40008021390374326,0.09798796791443852,0.7408155080213905,0.4105280748663101,0.0257687165775401,0.4765962819830971,0.4779171639011214,0.08655069104050654,0.8213858704685209,0.47744129788022105,-0.04555838702664806
Tennis,MultiGaussian,Simulation Data,rounds,10,False,0.4461631016042781,0.41417112299465236,0.08490641711229946,0.7936631016042778,0.3687366310160429,0.027012032085561515,0.49282142466340234,0.5121894163983046,0.10389815412295623,0.8570677180473322,0.4576373625786488,-0.06765500929858574
Tennis,MultiGaussian,Simulation Data,rounds,11,False,0.45094919786096244,0.45237299465240616,0.07262032085561498,0.7871590909090911,0.4185294117647059,0.024852941176470585,0.5203458841170593,0.5397575360366003,0.07213870708472767,0.8510327964086382,0.47643367061102787,-0.06703510820833496
Tennis,MultiGaussian,Simulation Data,rounds,12,False,0.4739171122994653,0.4244050802139037,0.0804211229946524,0.795387700534759,0.3811697860962566,0.019385026737967916,0.5630482527287038,0.5227888172500347,0.058060901174793574,0.8588132756009981,0.4342029913234975,-0.08683277290002053
Tennis,MultiGaussian,Simulation Data,rounds,13,False,0.44729278074866324,0.4232486631016043,0.07599598930481286,0.8115173796791442,0.3746256684491979,0.03264037433155078,0.5289829475665659,0.5207803178415532,0.0741665065889386,0.8678708902478938,0.4443719991534719,-0.06371444281644502
Tennis,MultiGaussian,Simulation Data,rounds,14,False,0.47336229946524055,0.4285762032085561,0.08017379679144385,0.8214572192513369,0.4155949197860963,0.005220588235294108,0.5512816588064673,0.5056599312056235,0.10735212080264425,0.8730534623728162,0.4963502848083275,-0.09365765123505992
Tennis,MultiGaussian,Simulation Data,rounds,15,False,0.4916176470588235,0.4705815508021391,0.0665374331550802,0.8339973262032087,0.37468582887700536,0.013375668449197858,0.5870458301120238,0.5484605534312125,0.06021193880320916,0.883034159442244,0.42568896425042546,-0.09585952747175062
Tennis,MultiGaussian,Simulation Data,rounds,16,False,0.5015307486631017,0.44094919786096265,0.09032754010695183,0.8292312834224599,0.3836764705882353,0.01317513368983958,0.592943408473039,0.4995016368265115,0.11519794327211301,0.8785484822615185,0.43525087193577894,-0.07035373586541764
Tennis,MultiGaussian,Simulation Data,rounds,17,False,0.5406417112299468,0.4208155080213904,0.07601604278074868,0.8536965240641711,0.33915106951871654,0.02177807486631015,0.6335583529880363,0.49527498418622934,0.0950154279125286,0.8972539145275319,0.4171492468063046,-0.07561272765298127
Tennis,MultiGaussian,Simulation Data,rounds,18,False,0.593596256684492,0.4391711229946524,0.0743783422459893,0.8472125668449199,0.37596256684491985,0.004070855614973268,0.686246925640942,0.5299170983112087,0.07657059100682866,0.8911735700771272,0.4218426727761367,-0.11897292237409993
Tennis,MultiGaussian,Simulation Data,rounds,19,False,0.5910160427807486,0.4381684491978611,0.07791443850267381,0.8594184491978613,0.3375,0.040775401069518734,0.6790665619381622,0.5129519460426093,0.0756516864042894,0.9027553094670399,0.3723351271218736,-0.05076639897948875
Tennis,MultiGaussian,Simulation Data,rounds,20,False,0.6101938502673796,0.4429745989304813,0.05485294117647059,0.8676470588235294,0.3450735294117647,0.04872326203208556,0.6851584799591661,0.5341840635835406,0.07746949144975529,0.9082242441622722,0.411811961409935,-0.06083415326414115
Tennis,MultiGaussian,Simulation Data,rounds,21,False,0.6014572192513369,0.4528409090909089,0.06364973262032086,0.8697727272727269,0.40493983957219243,0.029485294117647057,0.6763759581163178,0.543265984144127,0.08888940697098065,0.9093642797908048,0.4658594078368848,-0.0885904079910494
Tennis,MultiGaussian,Simulation Data,rounds,22,False,0.60894385026738,0.4760160427807485,0.09113636363636365,0.8697994652406419,0.4102272727272727,0.0369451871657754,0.6881206816627121,0.550355017445879,0.07340059234177411,0.9094414192284106,0.4750765250058418,-0.07036063531426512
Tennis,MultiGaussian,Simulation Data,rounds,23,False,0.5987299465240643,0.4477005347593584,0.09469251336898395,0.8807085561497325,0.3317112299465241,0.012319518716577538,0.677027260971228,0.5341443544850903,0.10275875499577282,0.9176770781456036,0.37918374497886975,-0.0942922149438608
Tennis,MultiGaussian,Simulation Data,rounds,24,False,0.6207085561497325,0.48173128342246,0.0897192513368984,0.8829144385026738,0.4148195187165776,0.0361764705882353,0.7025211577065846,0.5836577299875443,0.08058207391698265,0.9186357951587606,0.4890683049026398,-0.08053638470082547
Tennis,MultiGaussian,Simulation Data,rounds,25,False,0.5952606951871658,0.4309625668449197,0.07326871657754007,0.887092245989305,0.38888368983957233,0.03917780748663101,0.6795536806767427,0.5074965800272679,0.05211980509866995,0.9224994987509065,0.4473885447338628,-0.08797071636036041
Tennis,MultiGaussian,Simulation Data,rounds,26,False,0.6138502673796791,0.45850267379679144,0.09755347593582889,0.8874999999999997,0.3686363636363636,0.03378342245989305,0.7035300573390445,0.5427017554962477,0.07739107657638726,0.9240095329785344,0.41521905593811,-0.08470377553541406
Tennis,MultiGaussian,Simulation Data,rounds,27,False,0.5858155080213904,0.438048128342246,0.08989973262032085,0.889465240641711,0.3845454545454545,0.05009358288770052,0.675502379027189,0.523307124128238,0.08257349591250432,0.923372448113794,0.44169688436406995,-0.07766066797402126
Tennis,MultiGaussian,Simulation Data,rounds,28,False,0.6309692513368984,0.4576737967914438,0.07232620320855615,0.8977807486631018,0.362961229946524,0.041557486631016056,0.7138358925959235,0.5303869948373524,0.061586877320817364,0.9298485533857154,0.42064822286411124,-0.0902025098752859
Tennis,MultiGaussian,Simulation Data,rounds,29,False,0.6400467914438502,0.46572192513369004,0.11129679144385024,0.90125,0.4050066844919785,0.03709893048128342,0.7259297160170334,0.5432725440738885,0.13409715112749188,0.9321136899715852,0.4649665706138793,-0.08095939192208687
Tennis,MultiGaussian,Simulation Data,rounds,30,False,0.6363836898395723,0.45686497326203207,0.0803342245989305,0.911885026737968,0.37848262032085567,0.03717914438502674,0.731341769982594,0.5430193026557497,0.0676320420597769,0.9393620835176424,0.43548101851190085,-0.07226960639510699
Tennis,MultiGaussian,Simulation Data,rounds,31,False,0.6423930481283421,0.45223262032085565,0.08530748663101605,0.9115040106951873,0.4222326203208556,0.04337566844919785,0.7293677981552261,0.5263684635434986,0.08530455904752376,0.9389258431052447,0.48193563817181534,-0.07460274506046853
Tennis,MultiGaussian,Simulation Data,rounds,32,False,0.6586831550802138,0.4672593582887701,0.09195187165775398,0.9109090909090907,0.3541778074866309,0.05180481283422458,0.7466210318314727,0.5395629686909845,0.11472298105407484,0.9389964084845702,0.4261287073753261,-0.07360756622617305
Tennis,MultiGaussian,Simulation Data,rounds,33,False,0.6806483957219249,0.4873729946524065,0.07604946524064171,0.9122994652406416,0.3530949197860962,0.06250668449197862,0.7593532098125195,0.5736903077702317,0.11543171913831177,0.9399125409905723,0.4112311040860426,-0.0671135209557929
Tennis,MultiGaussian,Simulation Data,finish_all_rounds,None,True,0.670274064171123,0.3543114973262032,0.09249331550802138,0.9093048128342247,0.37681149732620334,0.02544117647058824,0.7588889079657919,0.39820045836175355,0.11175874452208368,0.9378468880196842,0.44006423597656275,-0.017257610390475676
Go,,Real Data,rounds,1,False,0.29237967914438506,0.1431483957219251,0.14913101604278073,0.38078877005347583,0.2412566844919786,-0.0032620320855614947,0.30911859168253014,0.12459379637485707,0.17116564164104114,0.47953009104405175,0.2284049775962595,-0.01864437036046335
Go,,Real Data,rounds,2,False,0.2573462566844919,0.13824197860962567,0.08203208556149733,0.41745320855614987,0.23426470588235293,0.03711229946524065,0.21162496775237005,0.15448949200386802,0.09941157983352608,0.5129646598274199,0.24818477926045798,-0.032792816047754664
Go,,Real Data,rounds,3,False,0.3214639037433155,0.16711229946524062,0.08152406417112297,0.5434024064171123,0.16352941176470587,0.04004679144385028,0.31602266477928864,0.22668909241000662,0.11154881007084626,0.6355669013546236,0.19248127840478005,-0.05680871635000244
Go,,Real Data,rounds,4,False,0.2875334224598931,0.24725935828876996,0.06979946524064169,0.4685294117647058,0.24651069518716578,0.016677807486631016,0.2960729526436671,0.32115683884097296,0.06373756970851342,0.5976993748982556,0.3085441239499206,-0.06526542476701906
Go,,Real Data,rounds,5,False,0.2996122994652406,0.25098262032085566,0.06766711229946522,0.5579077540106951,0.3165574866310161,-0.0009224598930481199,0.34159276018815027,0.3174922144126334,0.06625550357750427,0.6676807111415115,0.3731989877404982,-0.1167450717415097
Go,,Real Data,rounds,6,False,0.34012032085561494,0.3032954545454545,0.03454545454545454,0.6172660427807487,0.3763770053475936,0.0021858288770053493,0.35060175303419555,0.36444672466461336,-0.019847510073136235,0.7156228320731796,0.4347991930113739,-0.1140729374434402
Go,,Real Data,rounds,7,False,0.3054344919786097,0.3219050802139038,0.05800133689839571,0.6583021390374333,0.3186363636363636,0.00714572192513369,0.35514457906659525,0.39600743383205333,0.030045826423819495,0.7549500933631949,0.3810775479597972,-0.11487714704755725
Go,,Real Data,rounds,8,False,0.34043449197860953,0.37362967914438494,0.058495989304812826,0.681885026737968,0.34119652406417134,-0.0025066844919786123,0.3807538982498876,0.42808354072335775,0.009687342685241051,0.7754925529776691,0.39382169051851235,-0.1447073244480122
Go,,Real Data,rounds,9,False,0.3731751336898395,0.36713235294117647,0.04295454545454544,0.7423863636363636,0.3394117647058824,-0.007393048128342263,0.4093857378529582,0.4669127543683359,0.036823234126927784,0.814401595242567,0.4130324522297751,-0.15517470084133547
Go,,Real Data,rounds,10,False,0.3887901069518718,0.34796791443850256,0.03046122994652408,0.7462032085561497,0.32943850267379665,-0.0023729946524064125,0.4304526878943673,0.4196602025365108,0.008173656990150732,0.8236907417448828,0.3915641232366849,-0.15336122717909992
Go,,Real Data,rounds,11,False,0.39649064171122994,0.3786096256684492,0.07493983957219248,0.763181818181818,0.34762700534759355,-0.016590909090909097,0.4353580201060817,0.4534944785490244,0.03983789144886665,0.8314948365781113,0.41460889729077005,-0.16477188200870962
Go,,Real Data,rounds,12,False,0.3920320855614974,0.3912700534759359,0.05977272727272727,0.7925401069518715,0.33268716577540103,-0.014645721925133682,0.45908889046943946,0.4901653090884892,0.04982699033915475,0.8522547575553715,0.3931680104000405,-0.1744815294254747
Go,,Real Data,rounds,13,False,0.4095053475935829,0.40389037433155084,0.06481283422459895,0.7920187165775401,0.3495053475935829,-0.012847593582887706,0.4676001538953791,0.4798672706506163,0.042283172394675335,0.8525130679348348,0.40241501574507915,-0.18305797842867855
Go,,Real Data,rounds,14,False,0.41669786096256695,0.41532754010695183,0.0865775401069519,0.811276737967914,0.33448529411764694,-0.02469251336898396,0.48424496040303516,0.48888297350166354,0.044536725755827115,0.8655542235468906,0.37668273175966427,-0.16424876452940507
Go,,Real Data,rounds,15,False,0.476437165775401,0.38844251336898394,0.06917780748663103,0.8325735294117648,0.3457887700534759,-0.020467914438502675,0.5390517969901363,0.46516537527203927,0.04931476920713376,0.8816125957491064,0.3755383633858378,-0.21121827384609637
Go,,Real Data,rounds,16,False,0.5051804812834224,0.4143783422459892,0.05681149732620318,0.8207219251336895,0.32534090909090907,-0.02830213903743315,0.5767488611306529,0.523053828276526,0.08208371226969334,0.8734652087446273,0.3558145444685492,-0.18708150252722305
Go,,Real Data,rounds,17,False,0.5148195187165777,0.42115641711229956,0.08413770053475936,0.8236898395721927,0.35831550802139034,-0.04308823529411764,0.5979845666008771,0.49651063090049197,0.08771497633975404,0.874142631261374,0.4286877931835545,-0.19804573768392142
Go,,Real Data,rounds,18,False,0.54572192513369,0.36422459893048126,0.06781417112299466,0.8361564171122994,0.340461229946524,-0.03561497326203208,0.6165181031629491,0.4138351997975204,0.034327651558612435,0.8824858636488392,0.40283095978915057,-0.21034184341447998
Go,,Real Data,rounds,19,False,0.503783422459893,0.3874398395721925,0.06331550802139037,0.8493516042780749,0.3833489304812836,-0.03768048128342247,0.5777233099765156,0.4621669166756765,0.07268679197008693,0.8946294250715868,0.4309006602300199,-0.21721432362008194
Go,,Real Data,rounds,20,False,0.5393783422459894,0.4264171122994652,0.04963903743315508,0.8396256684491977,0.35787433155080206,-0.03356951871657755,0.619892996522884,0.513728402497708,0.018054383947274544,0.8899535561417646,0.40448511449695396,-0.21498498925591378
Go,,Real Data,rounds,21,False,0.541610962566845,0.41765374331550803,0.07266042780748665,0.857352941176471,0.32465240641711235,-0.039411764705882354,0.6132364727597618,0.5036680117432047,0.06700887917829902,0.900318753306888,0.38051600524973866,-0.23847012854246738
Go,,Real Data,rounds,22,False,0.5485561497326201,0.40147058823529425,0.07004679144385027,0.8517045454545453,0.3261229946524065,-0.03713235294117646,0.6240925099707301,0.4829593441220467,0.04612527645092369,0.8977601848840494,0.36446305890690406,-0.22384422128395112
Go,,Real Data,rounds,23,False,0.5603743315508022,0.4095120320855613,0.06397058823529413,0.8634625668449195,0.30195855614973266,-0.04360294117647061,0.636088342583675,0.49765613013561677,0.047636312284351084,0.9086497984523814,0.33791863175537323,-0.22834905825365945
Go,,Real Data,rounds,24,False,0.5589973262032086,0.41173128342245996,0.06279411764705883,0.8784157754010695,0.361437165775401,-0.04074197860962567,0.6450600445407605,0.47482854725625934,0.04101519934234808,0.915365957957323,0.4195028464970136,-0.22305236612315088
Go,,Real Data,rounds,25,False,0.5554612299465239,0.4174933155080214,0.0598663101604278,0.8776871657754012,0.3313502673796791,-0.040728609625668453,0.6389587405049318,0.49436529165749027,0.08350286370585225,0.9155936524026697,0.38361705575705957,-0.237397703336677
Go,,Real Data,rounds,26,False,0.5570454545454545,0.3908622994652407,0.05241978609625669,0.8809024064171119,0.33891042780748665,-0.026724598930481288,0.6396911742251413,0.4718117139801066,0.0044611271340623945,0.9175105060677606,0.3843015564684153,-0.2383882538116861
Go,,Real Data,rounds,27,False,0.5549465240641711,0.3954344919786096,0.04001336898395721,0.882653743315508,0.341336898395722,-0.04199197860962567,0.6459961404932641,0.4560590522965684,0.039325668937319515,0.9179714312968974,0.40060554207865634,-0.2419700465857084
Go,,Real Data,rounds,28,False,0.573542780748663,0.41362967914438514,0.051885026737967896,0.8896925133689837,0.3399732620320856,-0.04245320855614974,0.6614523022558021,0.49477970854446945,0.05953854232921898,0.9237159280200707,0.4028263027303959,-0.2513611385413519
Go,,Real Data,rounds,29,False,0.588135026737968,0.38162433155080216,0.02337566844919785,0.8932219251336897,0.34421791443850275,-0.058014705882352934,0.6736794355104965,0.46706313600383015,0.003882358368149047,0.9251337271745704,0.38417940799554023,-0.24964542524232705
Go,,Real Data,rounds,30,False,0.5720521390374332,0.424966577540107,0.06935160427807487,0.901076203208556,0.3284759358288769,-0.040895721925133695,0.6590586750375149,0.5133334705229763,0.030500280085367478,0.9310448382402524,0.3808129746267464,-0.23076732533653746
Go,,Real Data,rounds,31,False,0.5724465240641713,0.42685828877005333,0.08518716577540106,0.9023596256684493,0.35108957219251336,-0.0327807486631016,0.6657610187150685,0.5084465181724814,0.07732817261308775,0.9320429485802633,0.38649057562674544,-0.24402722164122168
Go,,Real Data,rounds,32,False,0.6125334224598931,0.367807486631016,0.05308155080213904,0.9061096256684492,0.3612633689839571,-0.05193181818181818,0.6972178383770813,0.45007282325421827,0.056930413394228704,0.9343024491289666,0.42128990229448277,-0.2379842894552913
Go,,Real Data,rounds,33,False,0.6109625668449198,0.38032754010695186,0.06171122994652406,0.9016644385026737,0.32637032085561496,-0.04566844919786096,0.7028347763511864,0.4682920906012691,0.05833826912715603,0.931663456027127,0.3865662138996666,-0.25324306486185016
Go,,Real Data,finish_all_rounds,None,True,0.6454144385026737,0.3257018716577541,0.07651069518716579,0.90350935828877,0.3508021390374332,0.04133689839572192,0.7244137828676025,0.40745890874217855,0.08773471674866164,0.933525026571226,0.42349834903411276,0.004597470711870093
Go,Uniform,Simulation Data,rounds,1,False,0.21320187165775395,0.16154411764705884,0.08602941176470588,0.31399064171123,0.29254679144385026,0.06161096256684491,0.2185826846687856,0.17173554533861307,0.08218059627711949,0.42341967723658736,0.3062568540584769,-0.03137564523124152
Go,Uniform,Simulation Data,rounds,2,False,0.24749331550802134,0.1591176470588235,0.12251336898395722,0.4085561497326203,0.2250668449197861,0.033041443850267374,0.24139790421387214,0.14423452557156172,0.15501863217794248,0.5028435326336098,0.22856849793273884,-0.03759043344496359
Go,Uniform,Simulation Data,rounds,3,False,0.2864171122994652,0.23289438502673793,0.09288770053475932,0.49583556149732616,0.2269050802139038,0.030133689839572205,0.3126088115935679,0.2995385037467269,0.10422172459512327,0.6054240506157114,0.28415505848576056,-0.05654735649734891
Go,Uniform,Simulation Data,rounds,4,False,0.26231951871657755,0.20859625668449197,0.08617647058823528,0.5054679144385027,0.2783221925133689,0.024431818181818176,0.30513790155471043,0.2280573604698574,0.09171588437360445,0.6175829595269989,0.32078026185929237,-0.07934155871228621
Go,Uniform,Simulation Data,rounds,5,False,0.2861764705882353,0.2773663101604279,0.044786096256684484,0.5902139037433156,0.2945989304812835,0.0054077540106951824,0.30628797972574096,0.33138362485749473,0.002517975103066698,0.6967485975045142,0.34043738177632377,-0.09223090246520423
Go,Uniform,Simulation Data,rounds,6,False,0.31232620320855614,0.35247994652406417,0.05391711229946525,0.6334826203208556,0.3252272727272728,-0.007032085561497341,0.33128859522057985,0.41042298767679286,0.025399781797926554,0.7341120683126902,0.3858489177336195,-0.12515325251873652
Go,Uniform,Simulation Data,rounds,7,False,0.32493315508021403,0.3534491978609626,0.07452540106951874,0.659739304812834,0.366216577540107,0.011497326203208562,0.35743326524868324,0.422846809467625,0.08585546229470639,0.7531429859801108,0.40139461051528846,-0.12544223219800069
Go,Uniform,Simulation Data,rounds,8,False,0.3571390374331551,0.31483957219251335,0.0668048128342246,0.6795588235294118,0.39436497326203196,-0.015675133689839568,0.3842498731873604,0.37500612780742915,0.04087060003473525,0.7759689268023494,0.4709170208731849,-0.14117756227996048
Go,Uniform,Simulation Data,rounds,9,False,0.33465240641711225,0.3645521390374333,0.06564839572192512,0.7196457219251339,0.37015374331550793,-0.0021858288770053493,0.35607393402978493,0.4388360497564172,0.05328288512173027,0.7999954043058182,0.3946153155991706,-0.1614894934885564
Go,Uniform,Simulation Data,rounds,10,False,0.3666109625668449,0.3577874331550803,0.04300802139037433,0.7419652406417111,0.31239304812834223,-0.01842914438502673,0.43269206779628505,0.44001215258440085,0.037966299456824525,0.8178735737781453,0.3518604321780429,-0.16720794194201896
Go,Uniform,Simulation Data,rounds,11,False,0.39379679144385027,0.3974264705882352,0.0692312834224599,0.7722660427807484,0.2999799465240642,-0.031891711229946516,0.47068424684196414,0.45493446188239106,0.03252693883819588,0.8395759919636897,0.3556060953025574,-0.20299989445943506
Go,Uniform,Simulation Data,rounds,12,False,0.34026069518716584,0.3923663101604278,0.05429144385026739,0.7656082887700535,0.35534759358288764,-0.017346256684491974,0.4124092164785362,0.48098082633339545,0.010515213994213138,0.8352600633471152,0.41445891146582964,-0.1740717831050426
Go,Uniform,Simulation Data,rounds,13,False,0.4142112299465241,0.4294652406417114,0.05870989304812836,0.8027205882352942,0.34235962566844935,-0.029471925133689836,0.47418082730772204,0.5083332433804568,0.05846152993242557,0.8600677803802113,0.38600847899153123,-0.18415938768529552
Go,Uniform,Simulation Data,rounds,14,False,0.42112967914438504,0.43983957219251324,0.06776069518716576,0.8039371657754011,0.32987299465240655,-0.026697860962566846,0.4927341319464984,0.5167891348279406,0.05735958092396053,0.8591162365339506,0.394611441139626,-0.2078229826512737
Go,Uniform,Simulation Data,rounds,15,False,0.40834893048128346,0.38465909090909084,0.03915775401069519,0.8314572192513368,0.3153008021390375,-0.029578877005347594,0.49141391730853284,0.47769122371224526,0.030399083240335023,0.8797840695165031,0.38448531846826645,-0.18773882962403043
Go,Uniform,Simulation Data,rounds,16,False,0.48147727272727286,0.3886898395721925,0.06311497326203208,0.8293783422459893,0.36406417112299466,-0.036129679144385037,0.5543741246872271,0.45600624217079966,0.04812055956224632,0.8795048756954225,0.4179874867343911,-0.1916841504852838
Go,Uniform,Simulation Data,rounds,17,False,0.4993850267379678,0.38992647058823526,0.04952540106951872,0.8406082887700534,0.36916443850267383,-0.03147058823529412,0.5657778347616238,0.4483546697057792,0.029283089011389252,0.8855080639290133,0.4449671379331673,-0.21645263463978437
Go,Uniform,Simulation Data,rounds,18,False,0.517947860962567,0.41588903743315514,0.0613903743315508,0.8351604278074867,0.3477005347593583,-0.03686497326203209,0.6017575521412918,0.5023672075914734,0.040105548123411425,0.8841090172608247,0.3857105900790076,-0.2106922006420229
Go,Uniform,Simulation Data,rounds,19,False,0.5268048128342245,0.4139104278074866,0.06946524064171122,0.8430347593582885,0.31249999999999994,-0.04741310160427809,0.5973393822083088,0.4994017668440355,0.049026150444654346,0.8903089864086582,0.3395869011488012,-0.20852296315709784
Go,Uniform,Simulation Data,rounds,20,False,0.5132018716577539,0.45191176470588224,0.06392379679144385,0.8499665775401067,0.33020721925133695,-0.03366978609625668,0.5997793754136902,0.5393114387392426,0.03190173298342955,0.8974441846038488,0.38527969433153564,-0.21311107820494254
Go,Uniform,Simulation Data,rounds,21,False,0.5513770053475936,0.4162433155080214,0.060387700534759364,0.8461564171122994,0.36197192513368975,-0.031056149732620317,0.6373321186935588,0.49822112045570194,0.032659078994401895,0.8940761772455228,0.41570293844108064,-0.22487561451732535
Go,Uniform,Simulation Data,rounds,22,False,0.557232620320856,0.3994585561497325,0.04794117647058826,0.85701871657754,0.34146390374331553,-0.03703208556149733,0.6362290450711967,0.4817465142855547,0.03348648954595293,0.9003969686383054,0.3872824971362182,-0.21930635564069553
Go,Uniform,Simulation Data,rounds,23,False,0.5376270053475934,0.39395053475935815,0.06397058823529413,0.8555013368983957,0.34068850267379674,-0.029679144385026744,0.6017401796243774,0.4838681769282902,0.045774700762964284,0.8997132112015417,0.3909517455735239,-0.21264554912712996
Go,Uniform,Simulation Data,rounds,24,False,0.5510695187165776,0.39359625668449205,0.04064839572192514,0.8721189839572193,0.3539572192513368,-0.03231951871657754,0.6343520624185179,0.46555162630208075,0.04187735668055149,0.9111760348685489,0.38692599211069945,-0.23392653183566345
Go,Uniform,Simulation Data,rounds,25,False,0.5609625668449197,0.40888368983957224,0.04908422459893048,0.8775601604278074,0.29011363636363646,-0.03649732620320855,0.6411279921299231,0.5157726580316208,0.03912649397810026,0.9150143735311369,0.37727526036709846,-0.2382049109882923
Go,Uniform,Simulation Data,rounds,26,False,0.5640775401069518,0.42731951871657736,0.08610962566844922,0.8882286096256685,0.3846791443850266,-0.04264037433155078,0.6462363794312073,0.5043603339684085,0.06299314434917248,0.9217827661675028,0.4199713665304512,-0.21656519596362503
Go,Uniform,Simulation Data,rounds,27,False,0.571951871657754,0.3877941176470588,0.061129679144385024,0.8856283422459893,0.3532754010695186,-0.03568850267379678,0.6682713285361929,0.46267192004751323,0.034490878612332194,0.9215215234076081,0.4027991411160686,-0.2279263769090123
Go,Uniform,Simulation Data,rounds,28,False,0.5725334224598929,0.42146390374331544,0.055394385026737936,0.8946590909090908,0.37600267379679153,-0.026377005347593584,0.6499185329728033,0.4880252597654247,0.03764795920097262,0.9254640849245067,0.4197550705368127,-0.23074285257001523
Go,Uniform,Simulation Data,rounds,29,False,0.5751804812834225,0.3996256684491979,0.07006016042780748,0.892586898395722,0.3151069518716578,-0.035320855614973265,0.6587602772940921,0.45536635675983606,0.04232381728107981,0.9239363870469416,0.3894664963005634,-0.23080164685057497
Go,Uniform,Simulation Data,rounds,30,False,0.6006149732620321,0.4349732620320856,0.05649732620320858,0.9012032085561498,0.3854411764705882,-0.03474598930481283,0.6895525183383623,0.5070291232143234,0.0349063050647842,0.9307439284308993,0.43765467330827384,-0.23187419802483653
Go,Uniform,Simulation Data,rounds,31,False,0.5981684491978608,0.4088569518716578,0.035902406417112294,0.9083823529411764,0.35658422459893047,-0.03268716577540105,0.6839330962063541,0.49702835666161105,0.014029169677017301,0.9353020549642858,0.41878645394027564,-0.24683470964198853
Go,Uniform,Simulation Data,rounds,32,False,0.6205949197860962,0.38724598930481285,0.07037433155080212,0.9072192513368984,0.36306149732620335,-0.029117647058823522,0.7108447919923868,0.46249663447949724,0.0453894386297518,0.9356402867485707,0.4339039423048148,-0.21822339449967465
Go,Uniform,Simulation Data,rounds,33,False,0.6038636363636362,0.3894585561497327,0.08856283422459894,0.904899732620321,0.31729946524064173,-0.048562834224598915,0.6861213371928383,0.45759416318719703,0.09643210071745205,0.9317110266912708,0.34284768109930835,-0.24885567809017822
Go,Uniform,Simulation Data,finish_all_rounds,None,True,0.6282286096256686,0.3304010695187165,0.03587566844919788,0.9075601604278074,0.3980748663101605,0.02221256684491979,0.7061633474896024,0.3832957624667161,0.03244851720400281,0.9344130956144379,0.4545626593720186,-0.010324849197166697
Go,PL,Simulation Data,rounds,1,False,0.2908756684491978,0.15007352941176472,0.11374331550802136,0.3042780748663101,0.23743983957219256,-0.006417112299465244,0.296158629702103,0.1680055198674769,0.09280933811372907,0.408941435775458,0.22397779184630962,-0.027597633470313524
Go,PL,Simulation Data,rounds,2,False,0.2593850267379679,0.11193181818181819,0.08997326203208557,0.4419919786096256,0.21586898395721923,0.013910427807486627,0.26725590740519206,0.12367071718362109,0.13394220171748988,0.5468216213127117,0.21650905119638397,-0.040035855427887956
Go,PL,Simulation Data,rounds,3,False,0.2837032085561497,0.2049264705882353,0.08864304812834226,0.42919117647058813,0.27033422459893053,0.02620320855614975,0.2731163381554977,0.24118789897091827,0.12551647241996466,0.5550862072214813,0.31040271132120933,-0.04749188485640955
Go,PL,Simulation Data,rounds,4,False,0.2637967914438503,0.2512032085561497,0.07984625668449198,0.493168449197861,0.24034090909090908,0.008776737967914445,0.24645108427016876,0.3130366813529839,0.07604970139573226,0.617289033978584,0.2682911863666531,-0.05690352463234737
Go,PL,Simulation Data,rounds,5,False,0.34139705882352933,0.27805481283422456,0.05991978609625666,0.5759024064171122,0.3171256684491978,0.015340909090909093,0.3528586375960378,0.33951605060841605,0.023918133827888564,0.6921302454309943,0.39297464212625516,-0.08970834991894822
Go,PL,Simulation Data,rounds,6,False,0.3078743315508022,0.2922860962566846,0.07142379679144384,0.5896390374331552,0.35898395721925136,-0.004291443850267374,0.32400066467521305,0.3464562629819464,0.04896365152082712,0.705787919652327,0.42749610773629565,-0.14901811591360078
Go,PL,Simulation Data,rounds,7,False,0.3244050802139038,0.325340909090909,0.027713903743315522,0.6568114973262031,0.339846256684492,-0.010501336898395714,0.36912584326621223,0.38128267208621236,-0.01486803059583103,0.7545628686301032,0.3946029723684751,-0.14400501261068166
Go,PL,Simulation Data,rounds,8,False,0.34429812834224593,0.3182754010695188,0.051885026737967924,0.7056885026737969,0.3744786096256685,0.0058890374331550775,0.3797921783115724,0.38966494589431205,0.00838736738849404,0.788082701945533,0.42343261705796487,-0.11860722399991774
Go,PL,Simulation Data,rounds,9,False,0.330822192513369,0.3493516042780748,0.0639639037433155,0.7301470588235296,0.3525,-0.011009358288770053,0.3575387923785322,0.4381146562340365,0.04858116740561636,0.8039685656989589,0.4086732552827971,-0.1477621318002216
Go,PL,Simulation Data,rounds,10,False,0.3507219251336899,0.38287433155080225,0.02438502673796792,0.7453609625668451,0.3164371657754011,-0.005233957219251342,0.4217249145467038,0.47164639940257563,0.014884478368815322,0.8193026729943891,0.37780573626658265,-0.15698361698346694
Go,PL,Simulation Data,rounds,11,False,0.39780748663101606,0.36943850267379674,0.05713903743315509,0.7610695187165775,0.3566644385026738,-0.019659090909090907,0.42667573028596933,0.44336633096756406,0.04205582966674568,0.8308463888597692,0.4195589222805548,-0.16841284572157814
Go,PL,Simulation Data,rounds,12,False,0.38280080213903744,0.41002005347593573,0.05808823529411764,0.7788235294117649,0.36271390374331536,-0.013108288770053472,0.44308809053619186,0.47862976714788474,0.02966912091932269,0.8458546580353157,0.42628005120833257,-0.18209367342178884
Go,PL,Simulation Data,rounds,13,False,0.4023796791443852,0.37408422459893037,0.05591577540106954,0.8002540106951871,0.34441844919786085,-0.03034759358288768,0.4769609723258374,0.426356137819668,0.048467498961332324,0.8585079896900035,0.39190111942848327,-0.20026974244391826
Go,PL,Simulation Data,rounds,14,False,0.44326871657753997,0.39233288770053476,0.06590240641711231,0.8053609625668449,0.36250668449197854,-0.03777406417112301,0.5136973224479457,0.4740983094026218,0.06967235052422907,0.8610907034524825,0.40851429120747346,-0.20740637021602573
Go,PL,Simulation Data,rounds,15,False,0.4743850267379678,0.4050133689839573,0.05197192513368986,0.8206283422459894,0.3401671122994652,-0.02608957219251338,0.545618551158544,0.4803503067885867,0.0520862681548377,0.875316866531267,0.39297530380515794,-0.21050021025367635
Go,PL,Simulation Data,rounds,16,False,0.49530748663101604,0.38272727272727264,0.050828877005347606,0.8345721925133687,0.34296791443850283,-0.026838235294117642,0.5863050946713613,0.47972186722650206,0.01274602139128659,0.8808792307351686,0.40190940594677926,-0.19313687328993265
Go,PL,Simulation Data,rounds,17,False,0.5141911764705881,0.3855548128342246,0.06751336898395724,0.843355614973262,0.3519986631016043,-0.027934491978609626,0.5878164518595076,0.4618381410341565,0.04644252241959282,0.8872472853971713,0.3935783349593591,-0.2086608852457329
Go,PL,Simulation Data,rounds,18,False,0.5205213903743315,0.3849465240641712,0.05269385026737968,0.8314639037433154,0.37992647058823537,-0.032981283422459894,0.5732073002159046,0.47457088778528345,0.03965099075380562,0.881575906545828,0.4493646472410127,-0.1999109629803061
Go,PL,Simulation Data,rounds,19,False,0.5396657754010696,0.4125133689839573,0.025407754010695203,0.8349197860962566,0.3203676470588234,-0.03302807486631016,0.6191412773475372,0.4856317115289746,0.006777750342313308,0.8840032246449587,0.3777896417707553,-0.1994453083448653
Go,PL,Simulation Data,rounds,20,False,0.5104946524064171,0.3721256684491979,0.0503342245989305,0.8416711229946523,0.31080213903743314,-0.02217914438502673,0.5984166315065876,0.4470140586234219,0.041315383113076226,0.8900622727421925,0.37240836987810205,-0.20999294168732527
Go,PL,Simulation Data,rounds,21,False,0.5336363636363637,0.45965240641711225,0.06907754010695187,0.8509425133689841,0.30885026737967913,-0.04181149732620319,0.6138280180880069,0.5239995554156686,0.09202730471810769,0.8966471649951573,0.38786354753940294,-0.23753534464097686
Go,PL,Simulation Data,rounds,22,False,0.5837901069518717,0.38977272727272727,0.0644318181818182,0.8650200534759357,0.33711898395721923,-0.04925133689839572,0.6707346660662449,0.4638779025979087,0.045910402883206435,0.9073953633486852,0.371945998715258,-0.2478474856501573
Go,PL,Simulation Data,rounds,23,False,0.5452272727272726,0.39783422459893036,0.07422459893048129,0.8659157754010697,0.3424598930481283,-0.046818181818181814,0.6249516263919116,0.46619228264595347,0.04211440988398468,0.9074585929615592,0.3971694483489472,-0.2363661629563498
Go,PL,Simulation Data,rounds,24,False,0.5286831550802138,0.3974866310160427,0.03169117647058823,0.8712901069518718,0.3598395721925134,-0.033669786096256676,0.6000948315075627,0.48551846873128107,0.03089569543024919,0.9085800917596412,0.4165168318596129,-0.22259857877084172
Go,PL,Simulation Data,rounds,25,False,0.5449999999999999,0.391336898395722,0.08054144385026739,0.8779745989304811,0.3350066844919787,-0.03673128342245989,0.639844639270261,0.47081665651713694,0.07528899415477638,0.9150116612528343,0.4041031406419942,-0.23558965149732203
Go,PL,Simulation Data,rounds,26,False,0.5649197860962567,0.363836898395722,0.06846925133689838,0.8865106951871659,0.34403743315508023,-0.037780748663101604,0.6389986123186988,0.4442064507076141,0.043986589158447,0.9212522992185808,0.3989965956520098,-0.23000936484955856
Go,PL,Simulation Data,rounds,27,False,0.5657486631016044,0.3872393048128342,0.06075534759358289,0.8823462566844917,0.3042713903743315,-0.0438903743315508,0.656783948850438,0.4642783712967818,0.02973647074969411,0.9184996377775887,0.3534477192775545,-0.23612515129046727
Go,PL,Simulation Data,rounds,28,False,0.5644719251336899,0.40110294117647066,0.05845588235294116,0.8859826203208557,0.3338569518716578,-0.03850935828877004,0.6518884747554283,0.4922203441515818,0.04037065574017144,0.9216808954245691,0.3775492401990045,-0.23925121625500378
Go,PL,Simulation Data,rounds,29,False,0.5877473262032086,0.414846256684492,0.04651069518716578,0.89427807486631,0.34086229946524066,-0.0490307486631016,0.6691163132408673,0.4866042327747771,0.045493487255944,0.9273758327086135,0.4109117655918515,-0.24350926959492716
Go,PL,Simulation Data,rounds,30,False,0.6055213903743315,0.37421791443850266,0.06121657754010692,0.8971457219251335,0.3686965240641713,-0.052245989304812834,0.6899402200012428,0.4336617239810143,0.049038862401699655,0.9297623458113425,0.4158486954621292,-0.2504745570149396
Go,PL,Simulation Data,rounds,31,False,0.6125334224598931,0.4106951871657754,0.09405080213903741,0.901744652406417,0.3239639037433155,-0.0693248663101604,0.6985873088123489,0.49221472789165044,0.08439805517335147,0.9305673817787327,0.3787369573443389,-0.26592333629018994
Go,PL,Simulation Data,rounds,32,False,0.6309558823529412,0.419110962566845,0.03514037433155081,0.8974665775401068,0.312379679144385,-0.04259358288770052,0.7127954224413116,0.5044569654128206,0.016900843764693314,0.9280199599523078,0.33436990079251083,-0.25114858915156246
Go,PL,Simulation Data,rounds,33,False,0.6287834224598932,0.39700534759358286,0.06365641711229947,0.9050267379679146,0.35018716577540104,-0.04906417112299466,0.7128907350426325,0.4826478887622968,0.04991365915329705,0.9316228816327549,0.4171188760220812,-0.2534754054958918
Go,PL,Simulation Data,finish_all_rounds,None,True,0.6234558823529412,0.28851604278074877,0.03661096256684493,0.9116176470588235,0.36752005347593586,0.025193850267379688,0.7097416214878441,0.3342552297026944,0.03250165885638123,0.937688621072951,0.42227156824078826,-0.03582929459317887
Go,Normal,Simulation Data,rounds,1,False,0.2673596256684492,0.17627005347593586,0.10565508021390374,0.30422459893048137,0.2764772727272728,0.02417112299465242,0.27791276802958376,0.1698945124447879,0.08298272897101622,0.4263390089119661,0.29607843613894397,-0.011997469641268717
Go,Normal,Simulation Data,rounds,2,False,0.2702339572192514,0.14649064171122994,0.08262032085561492,0.3866377005347594,0.210822192513369,0.02175133689839573,0.24345604795803794,0.13721032704132663,0.09756861255295421,0.49959686926576397,0.19661533861839417,-0.03853310790690016
Go,Normal,Simulation Data,rounds,3,False,0.29879679144385024,0.19144385026737967,0.07068850267379675,0.4731417112299465,0.24458556149732621,0.012219251336898385,0.31664415768852905,0.22019458689404584,0.08759358042594086,0.5865231765957912,0.2783057728989058,-0.06697649586904658
Go,Normal,Simulation Data,rounds,4,False,0.26967245989304806,0.23274064171122993,0.06574197860962566,0.4792513368983958,0.2342112299465241,0.021778074866310164,0.2709406267868639,0.2544639018360042,0.05286305034889122,0.6049113971258158,0.277397285215129,-0.08386027822086835
Go,Normal,Simulation Data,rounds,5,False,0.26215909090909095,0.28653743315508023,0.04988636363636365,0.5558957219251335,0.32098262032085556,0.007640374331550801,0.2754819735881036,0.35062746257939204,0.02723568659908786,0.6788765621396979,0.36748693580875375,-0.09397451832680564
Go,Normal,Simulation Data,rounds,6,False,0.3232754010695188,0.2959692513368985,0.056671122994652386,0.6177740641711229,0.2914438502673796,0.011818181818181816,0.35323824815649485,0.3686275580598307,0.068416089151686,0.7173173081153444,0.3309737707028717,-0.1110857387489051
Go,Normal,Simulation Data,rounds,7,False,0.3651336898395721,0.3051002673796791,0.09695187165775401,0.6449732620320856,0.3377272727272727,0.002867647058823528,0.37993615351951243,0.3514044871886496,0.060588955326982656,0.7437367634644287,0.385935968078141,-0.13402086502812782
Go,Normal,Simulation Data,rounds,8,False,0.3432954545454547,0.35915106951871656,0.019679144385026746,0.6893449197860961,0.36970588235294116,-0.013068181818181805,0.3902331999083637,0.4330884454053814,-0.00045073015772982783,0.7803860791530147,0.42888835923653895,-0.1425370367754138
Go,Normal,Simulation Data,rounds,9,False,0.36012032085561513,0.3798997326203209,0.044899732620320855,0.708562834224599,0.308355614973262,-0.006784759358288765,0.3873796515393704,0.4476420919553144,0.03762775896371846,0.7961488062993718,0.33863879413146364,-0.13114299063491397
Go,Normal,Simulation Data,rounds,10,False,0.3300401069518715,0.3623262032085562,0.06821524064171122,0.7425133689839573,0.31942513368983966,-0.01075534759358289,0.38987206804894947,0.44234686906310633,0.05138688198773498,0.8176651681254063,0.3848381830698795,-0.16866962801233817
Go,Normal,Simulation Data,rounds,11,False,0.35339572192513385,0.3884425133689841,0.040113636363636386,0.7607152406417111,0.34298128342245987,-0.00489973262032086,0.41004544211003763,0.4514932816142764,0.008725803153644874,0.8292468390631419,0.40600286303875455,-0.17269496430905726
Go,Normal,Simulation Data,rounds,12,False,0.4019919786096257,0.3762767379679145,0.07312834224598928,0.7670721925133688,0.34112299465240653,-0.029084224598930487,0.44082376756695396,0.4427829208600136,0.06398489221254591,0.8350937367597017,0.4186599728204891,-0.17597693950534243
Go,Normal,Simulation Data,rounds,13,False,0.43558155080213923,0.4188836898395723,0.04819518716577537,0.8026270053475935,0.3487366310160428,-0.013689839572192507,0.48864025172744674,0.5086272169789438,0.004369349314263477,0.8603998195145454,0.39317726306475265,-0.18467300726432467
Go,Normal,Simulation Data,rounds,14,False,0.41785427807486625,0.4268382352941175,0.04747326203208556,0.8215307486631018,0.3522860962566844,-0.0263903743315508,0.47720576628072314,0.5027601462529302,0.01670828764457472,0.8755469809089145,0.4234384277978773,-0.15840055002406125
Go,Normal,Simulation Data,rounds,15,False,0.42395721925133695,0.361183155080214,0.039966577540106955,0.8257286096256685,0.3578943850267378,-0.035995989304812834,0.4845099245093576,0.44142851496673385,0.01250554854285911,0.8752660754471243,0.42560948142687816,-0.19257105262444008
Go,Normal,Simulation Data,rounds,16,False,0.5070120320855616,0.41371657754010693,0.061336898395721935,0.8479946524064168,0.3419050802139037,-0.03143716577540108,0.6004572756018723,0.4882956267029176,0.01844080570109998,0.891687807759101,0.3944548945624468,-0.20341650607916203
Go,Normal,Simulation Data,rounds,17,False,0.5125802139037432,0.39907754010695196,0.07231951871657755,0.8386363636363636,0.3521122994652406,-0.02993983957219252,0.5697551845022335,0.4646676069800565,0.06460963289356839,0.8841990472732679,0.4108977191626541,-0.1931484872415553
Go,Normal,Simulation Data,rounds,18,False,0.5184893048128343,0.41610294117647073,0.021149732620320855,0.8306417112299463,0.3268582887700536,-0.03783422459893047,0.5787372271630263,0.5025631778486485,-0.014223597532947106,0.8782951265663059,0.39986128071272126,-0.2107522919892888
Go,Normal,Simulation Data,rounds,19,False,0.5270053475935828,0.4016042780748663,0.07677807486631022,0.8473997326203208,0.3764037433155082,-0.04271390374331551,0.5899601213642125,0.4677034360365579,0.08731773373613415,0.8927390728441772,0.43745342550143035,-0.20841886648928448
Go,Normal,Simulation Data,rounds,20,False,0.5084826203208557,0.40104278074866323,0.03558823529411764,0.8475267379679144,0.31452540106951865,-0.0553475935828877,0.586349253481681,0.4716416038358734,0.014479676456078127,0.8951898402429848,0.3873913335527813,-0.22422877613883016
Go,Normal,Simulation Data,rounds,21,False,0.5680414438502676,0.3974532085561498,0.053903743315508026,0.8507754010695189,0.3595989304812833,-0.026570855614973254,0.644011340127933,0.47372090897792046,0.06452054457179307,0.8966958249071362,0.40245282425119194,-0.21996127060958812
Go,Normal,Simulation Data,rounds,22,False,0.5383689839572192,0.40858957219251346,0.09308823529411767,0.8579745989304814,0.32548128342245986,-0.037881016042780734,0.6219846066057999,0.5054117925218415,0.08828216225813407,0.9017478142628156,0.3777005652726665,-0.22760549868702898
Go,Normal,Simulation Data,rounds,23,False,0.5697259358288769,0.418683155080214,0.03556818181818182,0.8595788770053477,0.3289237967914439,-0.041798128342245985,0.6543785204932759,0.4912319496284177,0.038975816000504364,0.9042222771562537,0.3868942520594592,-0.22596917766458152
Go,Normal,Simulation Data,rounds,24,False,0.5702941176470587,0.41182486631016063,0.06209224598930482,0.8731885026737969,0.34797459893048127,-0.03937834224598933,0.6463677895236356,0.49178553863138413,0.06278205984851928,0.9113280092005145,0.4192903008954177,-0.24076081537237756
Go,Normal,Simulation Data,rounds,25,False,0.5641377005347593,0.40624999999999983,0.046911764705882354,0.8714572192513372,0.3659759358288771,-0.04816176470588236,0.6392510988965331,0.49134533561786087,0.026954624424599914,0.9121626313662412,0.42142264145671904,-0.23683108279799792
Go,Normal,Simulation Data,rounds,26,False,0.5988368983957222,0.4152005347593583,0.07045454545454545,0.87451871657754,0.38420454545454547,-0.027987967914438493,0.6774691825383653,0.47589513644572884,0.05414424899427114,0.9123276228244092,0.43461559255323434,-0.2348581777305011
Go,Normal,Simulation Data,rounds,27,False,0.5676737967914437,0.3417780748663102,0.055568181818181836,0.8875868983957218,0.3307085561497327,-0.03717914438502674,0.6388529302809753,0.42590468718470254,0.031182533310114013,0.921458843484208,0.3972803794161316,-0.24199985461559603
Go,Normal,Simulation Data,rounds,28,False,0.5604812834224598,0.3886363636363636,0.04461898395721924,0.8906885026737971,0.34880347593582883,-0.04584224598930483,0.6601591159690332,0.466226926340228,0.02235959099003087,0.9247476120498359,0.38354715158289265,-0.23846082488196071
Go,Normal,Simulation Data,rounds,29,False,0.6010494652406418,0.4006751336898396,0.04774064171122994,0.8931483957219253,0.348409090909091,-0.033409090909090916,0.6843223853987844,0.46002985882454545,0.04433680781823243,0.926684574353807,0.4010832111968775,-0.22784048997356554
Go,Normal,Simulation Data,rounds,30,False,0.5768048128342246,0.3803676470588233,0.06125668449197862,0.902520053475936,0.32395721925133686,-0.027132352941176455,0.6706590941605559,0.4572297298392356,0.06915352718305466,0.9312031751587777,0.3820886096819319,-0.23880066859045612
Go,Normal,Simulation Data,rounds,31,False,0.5964973262032087,0.3902740641711228,0.05384358288770053,0.9099532085561495,0.35390374331550795,-0.04028743315508023,0.6817185423035065,0.4556718243964857,0.06612037266178562,0.9361772664237429,0.42019536601955465,-0.23258818557163063
Go,Normal,Simulation Data,rounds,32,False,0.6327473262032084,0.3933288770053477,0.06378342245989305,0.9083622994652406,0.36086898395721934,-0.036717914438502676,0.7065216718870535,0.4711774182112765,0.07856255637054532,0.9362647178826726,0.4083601064198467,-0.249297187075832
Go,Normal,Simulation Data,rounds,33,False,0.6299197860962565,0.46236631016042795,0.08271390374331551,0.9073462566844916,0.3504478609625668,-0.061911764705882374,0.7121611471768021,0.5372236667624799,0.09635551625028814,0.9342201354886783,0.4390654103710695,-0.26265971133071203
Go,Normal,Simulation Data,finish_all_rounds,None,True,0.6110427807486631,0.30749331550802134,0.05525401069518718,0.8979278074866314,0.40276069518716584,0.04523395721925132,0.6928492057359251,0.40242248857581037,0.04440779108945938,0.9284791082952605,0.4392035962756159,0.011005697214622554
Go,MultiGaussian,Simulation Data,rounds,1,False,0.27987299465240645,0.1246590909090909,0.08691176470588237,0.3156550802139036,0.2789171122994653,0.002967914438502679,0.2615801101699471,0.14311529412686608,0.04224580998497271,0.4257367461297785,0.2888613196814577,-0.022941435967071416
Go,MultiGaussian,Simulation Data,rounds,2,False,0.24957887700534762,0.14528074866310164,0.12332887700534759,0.4103342245989305,0.21726604278074865,0.010407754010695198,0.23893140761001605,0.14091772227577637,0.16648352755251308,0.5063465599623507,0.2020721717725939,-0.03649509887389179
Go,MultiGaussian,Simulation Data,rounds,3,False,0.29764705882352954,0.1799131016042781,0.10663101604278072,0.4718516042780748,0.21970588235294122,0.020247326203208557,0.3220487133278421,0.2270493463946222,0.14014488840370548,0.5878273840233433,0.2592219065826456,-0.059085187514170745
Go,MultiGaussian,Simulation Data,rounds,4,False,0.28034759358288774,0.24914438502673794,0.0733890374331551,0.5067580213903742,0.22972593582887696,0.021370320855614987,0.3184606908097406,0.2796232357004493,0.06853584300513015,0.6295082065686597,0.24653255520845213,-0.0760186234996487
Go,MultiGaussian,Simulation Data,rounds,5,False,0.27745320855614974,0.25674465240641714,0.049197860962566856,0.5628141711229947,0.311644385026738,-5.347593582887278e-05,0.29381666328712097,0.312655366871573,0.002222338161863463,0.679668341729318,0.3552970395014012,-0.10067377389509398
Go,MultiGaussian,Simulation Data,rounds,6,False,0.3098863636363637,0.3063168449197861,0.046978609625668424,0.6126136363636363,0.34817513368983943,0.009244652406417116,0.31699925569146825,0.36989448192840835,0.04859094396690342,0.7139972349147437,0.403402700236793,-0.10865273559236338
Go,MultiGaussian,Simulation Data,rounds,7,False,0.3288435828877006,0.28080213903743323,0.08812834224598932,0.6679344919786097,0.3359491978609626,-0.003923796791443847,0.34189375882063316,0.3494515853829045,0.03575163795884485,0.7588455513486541,0.39199363173850105,-0.16290151559993646
Go,MultiGaussian,Simulation Data,rounds,8,False,0.35027406417112283,0.3698395721925134,0.014659090909090892,0.6795855614973262,0.36705882352941166,-0.011250000000000003,0.3801385928530047,0.4508877681096311,-0.020163436032186764,0.7770746481844385,0.4365929137503028,-0.15989019062414153
Go,MultiGaussian,Simulation Data,rounds,9,False,0.3407954545454545,0.3623262032085562,0.06114973262032084,0.7440842245989306,0.3318783422459892,-0.006203208556149726,0.36586131353900375,0.4249225136774897,0.07505241418086497,0.8181774694773162,0.3851460135126362,-0.14048486054103684
Go,MultiGaussian,Simulation Data,rounds,10,False,0.3494719251336899,0.3855882352941176,0.04735962566844917,0.7384024064171125,0.3542312834224599,-0.018362299465240636,0.39593718684416096,0.4610888704479843,0.016549675150412363,0.8141478742286548,0.4082794286131044,-0.154541140644029
Go,MultiGaussian,Simulation Data,rounds,11,False,0.3731283422459893,0.38414438502673787,0.07820187165775402,0.7638569518716578,0.357894385026738,-0.021490641711229923,0.4290189485533256,0.4606504731004268,0.07486120659355816,0.8326861360305041,0.4051792018581398,-0.1611760455076145
Go,MultiGaussian,Simulation Data,rounds,12,False,0.36176470588235304,0.4281417112299465,0.02901737967914439,0.7946457219251336,0.3334491978609624,-0.006370320855614968,0.43715893723333726,0.5015362144561866,0.02513025456848163,0.8517642226569105,0.40285364570093335,-0.1893538426723995
Go,MultiGaussian,Simulation Data,rounds,13,False,0.44619652406417126,0.35150401069518705,0.06268048128342243,0.799318181818182,0.31567513368983957,-0.03088903743315509,0.5108307251683898,0.42606789756594493,0.035132545469352704,0.8594152719148588,0.3732703938213551,-0.2135038726317287
Go,MultiGaussian,Simulation Data,rounds,14,False,0.4138636363636363,0.37244652406417117,0.06945187165775403,0.8132820855614967,0.33625000000000005,-0.03758689839572193,0.4749866124526433,0.45024773524802547,0.07351020546290882,0.8667543785596306,0.3733786710163396,-0.20056865246670685
Go,MultiGaussian,Simulation Data,rounds,15,False,0.4705748663101605,0.3874197860962566,0.057566844919786114,0.8249933155080214,0.33792780748663104,-0.029458556149732598,0.5217909779850857,0.4647669477301427,0.021436623128482588,0.8754972393740138,0.4050229517184221,-0.1900854139980391
Go,MultiGaussian,Simulation Data,rounds,16,False,0.484826203208556,0.37676470588235283,0.05806818181818182,0.8458689839572192,0.36610962566844923,-0.0273596256684492,0.5656104790022987,0.4646528130680176,0.057428015769449205,0.8902596503084749,0.43232225048733797,-0.20906581008288277
Go,MultiGaussian,Simulation Data,rounds,17,False,0.5165508021390373,0.3685160427807487,0.046644385026737976,0.8377606951871656,0.39543449197860964,-0.03152406417112299,0.58145021888003,0.45782443728138067,0.030996548703053926,0.8832978981731158,0.45882796602941556,-0.19963107480281247
Go,MultiGaussian,Simulation Data,rounds,18,False,0.5033890374331551,0.4191109625668449,0.05183155080213903,0.847192513368984,0.36381016042780745,-0.03369652406417113,0.5764294414603244,0.5086080955569368,0.03809765334020909,0.8912983779197968,0.40639612458811714,-0.22118752099172645
Go,MultiGaussian,Simulation Data,rounds,19,False,0.5117245989304812,0.39776069518716584,0.0671590909090909,0.83399064171123,0.3460427807486631,-0.01893048128342246,0.58106095338178,0.4870446372014596,0.04609998588639745,0.8852880965975907,0.3953721014253061,-0.21544390756885765
Go,MultiGaussian,Simulation Data,rounds,20,False,0.541370320855615,0.4040240641711229,0.08198529411764706,0.834779411764706,0.34721256684491975,-0.031644385026737984,0.6052362693240336,0.48883362384440077,0.08165318095747877,0.8854227474592916,0.3963862989132837,-0.22669013337441254
Go,MultiGaussian,Simulation Data,rounds,21,False,0.5479478609625669,0.32890374331550803,0.0695053475935829,0.8409959893048128,0.3689171122994653,-0.042172459893048124,0.6360749905085544,0.4097239290117241,0.06920116613237562,0.890338167187554,0.42070753854536186,-0.23181502935120424
Go,MultiGaussian,Simulation Data,rounds,22,False,0.5377139037433156,0.422533422459893,0.07894385026737968,0.8566176470588232,0.395922459893048,-0.03899064171122998,0.627495134931188,0.5201807087206005,0.08072072989367611,0.901445935204491,0.45694983577331394,-0.22662618141652147
Go,MultiGaussian,Simulation Data,rounds,23,False,0.5630347593582887,0.38982620320855604,0.06957887700534757,0.8645387700534759,0.3753810160427807,-0.04828877005347595,0.6402582875207885,0.4795633795249703,0.09002173979917659,0.904422881787864,0.4227196092804975,-0.25106539186312743
Go,MultiGaussian,Simulation Data,rounds,24,False,0.5332754010695188,0.4279745989304813,0.06079545454545451,0.8688435828877004,0.36593582887700526,-0.02419786096256685,0.6064387956224578,0.5184084566123521,0.04296651856814795,0.9096595811530064,0.4225822335401228,-0.2193735672606334
Go,MultiGaussian,Simulation Data,rounds,25,False,0.5676671122994653,0.4353141711229947,0.031176470588235295,0.8803342245989305,0.3335762032085562,-0.03939839572192513,0.6603882021624409,0.5148232856316816,0.0034604218762542484,0.9166896594781696,0.35892759930998447,-0.24706827780443372
Go,MultiGaussian,Simulation Data,rounds,26,False,0.5633088235294117,0.3777072192513369,0.05802807486631016,0.8784692513368985,0.3424866310160428,-0.024491978609625667,0.6409193894811038,0.4535988563646449,0.058621743537195764,0.9156666063919684,0.37452920547574886,-0.23132275273065414
Go,MultiGaussian,Simulation Data,rounds,27,False,0.5850601604278074,0.38417780748663105,0.06241310160427807,0.8808288770053475,0.348903743315508,-0.04096256684491978,0.667366765252763,0.4443244723695814,0.07793281017805564,0.9178636302034442,0.39833445482127083,-0.23978895489352664
Go,MultiGaussian,Simulation Data,rounds,28,False,0.5687232620320856,0.4044318181818181,0.05858288770053477,0.888663101604278,0.3660160427807486,-0.043977272727272705,0.6465672703818541,0.4802383290514547,0.05405766686998146,0.9217204976765645,0.42666416320128275,-0.24092885072541825
Go,MultiGaussian,Simulation Data,rounds,29,False,0.599331550802139,0.3894251336898396,0.03850935828877004,0.8924264705882353,0.34535427807486635,-0.03386363636363636,0.6903913691705665,0.4538470825406122,0.027620827592075816,0.9244290714602466,0.3986881102756933,-0.2364960800618776
Go,MultiGaussian,Simulation Data,rounds,30,False,0.5845855614973263,0.4111831550802138,0.05933155080213906,0.8986430481283422,0.2938836898395723,-0.04016711229946524,0.6698332086998563,0.4931474714703519,0.014188724425831207,0.9287918958494873,0.32278409531366997,-0.23749436596432488
Go,MultiGaussian,Simulation Data,rounds,31,False,0.5956216577540107,0.4205748663101605,0.05709893048128343,0.9019852941176469,0.3044318181818182,-0.050862299465240624,0.6791124024853425,0.49621300632894294,0.03919050773378943,0.9305058978761613,0.3691426373568179,-0.24664366784728056
Go,MultiGaussian,Simulation Data,rounds,32,False,0.6084625668449198,0.40221256684491963,0.06457219251336897,0.8976403743315506,0.34157754010695185,-0.037045454545454534,0.688643380932939,0.4777938438435017,0.04146015904733193,0.9297433748519853,0.40141197715199106,-0.2384331267489353
Go,MultiGaussian,Simulation Data,rounds,33,False,0.622760695187166,0.4402072192513369,0.06854946524064168,0.9131082887700533,0.3582954545454546,-0.054572192513368985,0.7026119406248837,0.5309878932660561,0.04529224734990279,0.9381183026874145,0.400800400262299,-0.24854415362442137
Go,MultiGaussian,Simulation Data,finish_all_rounds,None,True,0.602446524064171,0.27638368983957223,0.05987967914438503,0.908121657754011,0.3255213903743316,0.017078877005347597,0.7027665903551887,0.3316686785640062,0.042386330815271364,0.936494671865972,0.3656784563157224,-0.025597089817873463
Badminton,,Real Data,rounds,1,False,0.12225267379679154,0.16711898395721922,0.19609625668449202,0.17342914438502674,0.26408422459893044,-0.01608288770053476,0.13172664548633553,0.1848411381642244,0.21048951320284323,0.34782644457064976,0.2739437185479652,0.043684414436723495
Badminton,,Real Data,rounds,2,False,0.10213235294117648,0.19313502673796784,0.15437834224598931,0.18313502673796792,0.14205213903743316,0.009719251336898403,0.08810009254932695,0.20485691399234165,0.18438066826250119,0.3378497152506188,0.12659214886490266,0.09710434501300048
Badminton,,Real Data,rounds,3,False,0.032105614973262024,0.2892713903743316,0.09300133689839572,0.24217245989304811,0.18327540106951867,0.015260695187165775,0.06672891163913004,0.3419083450535378,0.11669235793815953,0.42752343126427605,0.2093228609125533,0.11205744558443982
Badminton,,Real Data,rounds,4,False,0.056597593582887705,0.30270721925133687,0.06977941176470588,0.30878342245989304,0.20536096256684494,0.014598930481283417,0.09112277574160366,0.36004658186024663,0.07590069970246172,0.4901040975489419,0.2461783457658787,0.11597937582739258
Badminton,,Real Data,rounds,5,False,0.07528743315508021,0.3919585561497325,0.08275401069518713,0.4138703208556149,0.31772058823529403,0.022961229946524053,0.10578863762525245,0.4688986508542006,0.05110380171873053,0.5751886688783053,0.3818784194712428,0.1167809986865584
Badminton,,Real Data,rounds,6,False,0.07324197860962568,0.3804745989304813,0.062292780748663096,0.45758689839572175,0.34278743315508015,0.015701871657754007,0.12404598459883097,0.4658749024713438,0.041124771495913245,0.6046360118372339,0.3926879691037331,0.11130517933348455
Badminton,,Real Data,rounds,7,False,0.08987299465240639,0.4009625668449198,0.08656417112299465,0.5479679144385026,0.4106283422459892,0.01735962566844919,0.13288895140080362,0.49008934628453665,0.05520266441422116,0.672151935923139,0.46751427990734845,0.12964927362089262
Badminton,,Real Data,rounds,8,False,0.13373663101604275,0.4028208556149731,0.037881016042780775,0.5766978609625667,0.43016711229946525,0.040427807486631,0.1540978420390204,0.4866659384629324,-0.006992725676141498,0.695661709240172,0.47610776227710355,0.14326599827302877
Badminton,,Real Data,rounds,9,False,0.16991310160427808,0.4796122994652407,0.029518716577540093,0.6277005347593584,0.37683823529411753,0.06375668449197862,0.1863034137018387,0.5724254925674978,0.0008094024197918059,0.7346777009655593,0.43594560701282875,0.14987554019312296
Badminton,,Real Data,rounds,10,False,0.15258689839572195,0.46846925133689815,0.06348262032085561,0.6367914438502674,0.385581550802139,0.03473930481283423,0.19539444489488328,0.5710585490434248,0.03830854264609469,0.7389965573466211,0.445804834528204,0.14214358506601746
Badminton,,Real Data,rounds,11,False,0.20271390374331552,0.47834893048128335,0.06866978609625671,0.683596256684492,0.43118315508021404,0.052774064171123,0.27522086307087223,0.5758495865032502,0.055322684342532104,0.7766883169807848,0.4924321871534428,0.15588352446795267
Badminton,,Real Data,rounds,12,False,0.17640374331550807,0.47042780748663104,0.06129679144385028,0.6966243315508023,0.3980748663101604,0.04542112299465242,0.2697876866742222,0.5449902498929045,0.033545050007477685,0.7856096205842004,0.44855030755497277,0.1572857925024678
Badminton,,Real Data,rounds,13,False,0.2689171122994652,0.47703877005347584,0.06261363636363637,0.7569117647058821,0.3636430481283421,0.06591577540106953,0.35462122794684037,0.5778585394377632,0.05455525786815489,0.8296930470677872,0.44355593769958546,0.1784058495877747
Badminton,,Real Data,rounds,14,False,0.2452005347593582,0.5057018716577539,0.08016042780748664,0.7842713903743317,0.36350935828877,0.07330882352941176,0.36480115423680054,0.5951567318577726,0.04009698129812602,0.8501846890038111,0.4176008949380071,0.18158162529556365
Badminton,,Real Data,rounds,15,False,0.3361697860962567,0.4601002673796792,0.06971925133689841,0.8153074866310159,0.3906149732620321,0.06100267379679145,0.43367062379431004,0.5711412079764555,0.021933867809456525,0.87177209519311,0.4567854360181112,0.17391397819698756
Badminton,,Real Data,rounds,16,False,0.4167179144385026,0.49016042780748653,0.07181818181818182,0.8326938502673795,0.38446524064171106,0.05399064171122995,0.5104563982131258,0.5848151163108678,0.03963551435912486,0.8815304518704994,0.4453008789936409,0.1687861472168314
Badminton,,Real Data,rounds,17,False,0.5110227272727272,0.5100802139037433,0.06116978609625668,0.8481483957219251,0.3592780748663102,0.09375668449197859,0.6183777052133005,0.6124198058146973,0.05137924987067872,0.8941541841045105,0.42116955832143615,0.19397138220520221
Badminton,,Real Data,rounds,18,False,0.5660026737967915,0.4982419786096257,0.07686497326203207,0.8627473262032086,0.439124331550802,0.05967245989304812,0.6521012766847174,0.5943430542295566,0.04556431193242027,0.9039739667690637,0.5014563997554927,0.1791297076535078
Badminton,,Real Data,rounds,19,False,0.609398395721925,0.5106016042780748,0.07377673796791444,0.8814371657754009,0.37474598930481284,0.06540106951871659,0.685163095152711,0.594778102105566,0.031294930989086055,0.916368610486761,0.43880079662268573,0.17270789979018056
Badminton,,Real Data,rounds,20,False,0.618803475935829,0.5175066844919786,0.0718783422459893,0.8804344919786096,0.38542112299465253,0.07581550802139037,0.6899609727080231,0.5997576095603386,0.06320056974061451,0.9148272310750383,0.45737359460816635,0.18047476984689687
Badminton,,Real Data,rounds,21,False,0.6636564171122994,0.5015708556149732,0.06256016042780747,0.8908957219251338,0.4005013368983958,0.07052807486631017,0.7322016873445425,0.591100824029078,0.051401414297531894,0.9245777440579898,0.4946623902107153,0.1805254340940892
Badminton,,Real Data,rounds,22,False,0.6802339572192514,0.4679211229946523,0.06225267379679148,0.9022860962566847,0.39270053475935823,0.08012700534759358,0.7499134744699296,0.551958855596171,0.047953779744257144,0.9330381522533557,0.44565430453985727,0.1868975509296015
Badminton,,Real Data,rounds,23,False,0.6962700534759361,0.47924465240641717,0.10664438502673798,0.8981550802139037,0.37505347593582883,0.07733957219251338,0.7664386092573064,0.5721776715501075,0.07731891312706006,0.928075285123413,0.42566854388473885,0.18979105353404857
Badminton,,Real Data,rounds,24,False,0.6746056149732621,0.5067914438502671,0.043235294117647066,0.8993382352941175,0.38925802139037446,0.0943850267379679,0.7509616820037648,0.6028939593288681,0.00370206369173031,0.9314697600710667,0.4825917945751879,0.20099847812960628
Badminton,,Real Data,rounds,25,False,0.6876604278074865,0.4572994652406418,0.07752673796791441,0.8989171122994649,0.3857754010695188,0.08929812834224599,0.765644375234216,0.531341008794292,0.024676641271743217,0.9307433413448202,0.44674834020687415,0.19341584533411493
Badminton,,Real Data,rounds,26,False,0.7133622994652405,0.48564839572192525,0.08301470588235293,0.9023863636363637,0.3955748663101604,0.08543449197860963,0.7861349281245253,0.5798034622534064,0.049141459046545294,0.9336609647097959,0.4667240194852213,0.19229435807474515
Badminton,,Real Data,rounds,27,False,0.6872459893048126,0.4902406417112298,0.07713235294117644,0.9049197860962568,0.39210561497326213,0.1074264705882353,0.7651478338199046,0.5845470189187558,0.04332468532693119,0.935477387609433,0.45715984007618177,0.20236148006104596
Badminton,,Real Data,rounds,28,False,0.7083489304812833,0.49951871657754027,0.07504679144385028,0.91596256684492,0.3980882352941177,0.0998596256684492,0.7837318395037682,0.5968685790814064,0.01971626682906672,0.9418586665647435,0.4633902284377614,0.20358509107928338
Badminton,,Real Data,rounds,29,False,0.6948195187165775,0.49788101604278073,0.04348262032085561,0.9172727272727276,0.4017513368983957,0.10008021390374329,0.7759678925128908,0.5995331147869136,0.012672084406722189,0.9403412329925799,0.4614630091959404,0.19968519353104913
Badminton,,Real Data,rounds,30,False,0.7210561497326203,0.5019184491978609,0.07901737967914439,0.9200668449197859,0.3961631016042779,0.09580882352941178,0.7929459481118668,0.5967757561505697,0.06866426605276932,0.9429593438423888,0.4799990191737084,0.2065083062960878
Badminton,,Real Data,rounds,31,False,0.7163168449197861,0.472346256684492,0.07457219251336898,0.9196858288770055,0.3802272727272726,0.0836831550802139,0.7906282026130446,0.5660102967531266,0.009208285605807099,0.9418042640658482,0.45823844820818527,0.19531781646452398
Badminton,,Real Data,rounds,32,False,0.7319385026737966,0.5113235294117648,0.0761229946524064,0.9203810160427806,0.38760695187165767,0.08901069518716576,0.80700928197307,0.609579187590526,0.04073883595054048,0.943349673786769,0.4437656692307901,0.19766690611813942
Badminton,,Real Data,rounds,33,False,0.7108221925133692,0.49544786096256677,0.07425802139037431,0.9142379679144387,0.3942513368983957,0.08985962566844923,0.790206317625964,0.5871474213442507,0.047972273327014474,0.9389711578582843,0.45490354641172315,0.19554601159933793
Badminton,,Real Data,finish_all_rounds,None,True,0.7064505347593582,0.3881550802139037,0.04024064171122993,0.9154612299465243,0.3767513368983957,0.009893048128342246,0.7849060590830961,0.4699378676637668,0.015227453272500573,0.9403795360666475,0.435660328500768,0.07076782950664494
Badminton,Uniform,Simulation Data,rounds,1,False,0.08935828877005349,0.2042245989304813,0.12147727272727277,0.19076203208556142,0.20579545454545461,-0.004799465240641716,0.11067912181675275,0.21859887358304522,0.10984571690099486,0.3655520791796409,0.23615857120597958,0.06456150821426569
Badminton,Uniform,Simulation Data,rounds,2,False,0.08010695187165778,0.18237299465240642,0.13114304812834227,0.25979278074866313,0.15778743315508023,0.0013770053475935828,0.08645662967955832,0.19098027691717953,0.15979603798301217,0.40109171373533153,0.17765538785757518,0.08184508859640138
Badminton,Uniform,Simulation Data,rounds,3,False,0.047553475935828864,0.26562834224598936,0.09613636363636367,0.2521323529411765,0.17484625668449194,0.006744652406417111,0.1059697837316656,0.3050528225237154,0.10722433841974648,0.4323019442506048,0.19094074848676815,0.09162224012620575
Badminton,Uniform,Simulation Data,rounds,4,False,0.0777139037433155,0.31392379679144394,0.05362967914438503,0.2844117647058825,0.22472593582887712,0.027580213903743305,0.1352248945337332,0.35139728539395176,0.034798641163825465,0.46455820907604106,0.2763780978371708,0.1115913985429779
Badminton,Uniform,Simulation Data,rounds,5,False,0.09386363636363634,0.33022727272727276,0.07651069518716577,0.44786096256684504,0.32322192513368975,0.014645721925133687,0.12205549512593654,0.38958585209228097,0.06230407949743204,0.5983543029553499,0.3726087237417476,0.12059252862135919
Badminton,Uniform,Simulation Data,rounds,6,False,0.09579545454545453,0.4179010695187166,0.09089572192513368,0.48874331550802125,0.355394385026738,0.03283422459893048,0.1494436548928515,0.5037850780631153,0.07443254966777134,0.6237259782361843,0.41054858649152715,0.13603549413805333
Badminton,Uniform,Simulation Data,rounds,7,False,0.08819518716577537,0.4094652406417112,0.08209893048128343,0.5260561497326202,0.4145922459893049,0.03685828877005348,0.13369781583493126,0.4888547298815699,0.049261373707306315,0.6562266759939388,0.4667821187219674,0.13494734574358266
Badminton,Uniform,Simulation Data,rounds,8,False,0.11762700534759359,0.4056016042780748,0.09124331550802138,0.5979612299465241,0.4237032085561498,0.03316176470588235,0.15709863664866922,0.5015392006277586,0.023449883801219006,0.7054306355749587,0.5011651345537966,0.13810986169689074
Badminton,Uniform,Simulation Data,rounds,9,False,0.14123663101604278,0.4663703208556149,0.06512700534759358,0.6326069518716577,0.368562834224599,0.04973262032085561,0.1725071164074735,0.5509838893118466,0.044406484443130084,0.7349216872085642,0.4320895915792445,0.15848388314422535
Badminton,Uniform,Simulation Data,rounds,10,False,0.15320855614973264,0.4894117647058824,0.07676470588235297,0.6455882352941176,0.39979278074866315,0.05068181818181822,0.22252153676780703,0.586569777645142,0.06139485216651517,0.7450887869668353,0.469444132738315,0.14469515033974126
Badminton,Uniform,Simulation Data,rounds,11,False,0.21648395721925145,0.4819385026737967,0.06646390374331552,0.6968181818181819,0.3706082887700534,0.05076871657754012,0.3191478480300256,0.5811403418102846,0.025747315760776254,0.785548098907597,0.42864790201053504,0.15683922260436733
Badminton,Uniform,Simulation Data,rounds,12,False,0.18411096256684487,0.4882620320855615,0.06572860962566845,0.7196056149732619,0.38771390374331544,0.055280748663101606,0.2620217244398355,0.5779498893585844,0.03791568351394208,0.8013271896591055,0.44186416929307953,0.15844052109787715
Badminton,Uniform,Simulation Data,rounds,13,False,0.22114973262032084,0.510294117647059,0.0885695187165775,0.7445922459893051,0.3890106951871659,0.05650401069518719,0.31102709666478157,0.585619630175893,0.07049181751858469,0.8221584319611956,0.45799914575557304,0.16556178124884013
Badminton,Uniform,Simulation Data,rounds,14,False,0.28767379679144384,0.47780080213903736,0.08536096256684492,0.7992245989304811,0.3884291443850268,0.0303475935828877,0.37609444866144826,0.5713542865410531,0.06871609483005277,0.8570019505537655,0.43787464968222806,0.14731126858072258
Badminton,Uniform,Simulation Data,rounds,15,False,0.35935160427807483,0.5153609625668449,0.10080882352941174,0.8123796791443851,0.4049465240641711,0.08019385026737968,0.45498668183864266,0.6070702772488642,0.06985286222584937,0.8699449397757152,0.46589548850640455,0.18240619763858767
Badminton,Uniform,Simulation Data,rounds,16,False,0.42144385026737974,0.48995989304812826,0.08182486631016045,0.8346791443850266,0.35673796791443857,0.04720588235294117,0.5155316159796822,0.5777349250556499,0.0479558697139403,0.8821407886266479,0.4205750279815893,0.15900242713878082
Badminton,Uniform,Simulation Data,rounds,17,False,0.4896457219251337,0.5129745989304813,0.03862967914438501,0.8578943850267379,0.42282754010695195,0.08061497326203206,0.5747446790016069,0.6042989089619024,0.019853877614671608,0.9000285315449791,0.48390007164975574,0.17632335303550029
Badminton,Uniform,Simulation Data,rounds,18,False,0.5994585561497328,0.508923796791444,0.07524732620320855,0.8483622994652406,0.3989973262032084,0.05879010695187166,0.6820638135034497,0.5882813594722885,0.07025191907973101,0.892094223162532,0.45257090392557786,0.16931814349666063
Badminton,Uniform,Simulation Data,rounds,19,False,0.5961831550802138,0.49087566844919783,0.06419117647058824,0.8788903743315508,0.4262032085561497,0.07638368983957218,0.66863688578663,0.5874445460139616,0.02793632453152661,0.9135949340470954,0.49285017964315514,0.18350090688932488
Badminton,Uniform,Simulation Data,rounds,20,False,0.6076804812834226,0.5134759358288769,0.06308155080213904,0.8751270053475936,0.367346256684492,0.06887032085561495,0.6824527255376287,0.5989432114254764,0.02754856542827002,0.9122790060133782,0.43654254916191887,0.17964349227241144
Badminton,Uniform,Simulation Data,rounds,21,False,0.6588970588235296,0.4983489304812834,0.05879010695187166,0.8872927807486631,0.360975935828877,0.078355614973262,0.7246842003730478,0.5830594980803676,0.040057068356309615,0.9205414196257513,0.4126243617370145,0.18987069843212206
Badminton,Uniform,Simulation Data,rounds,22,False,0.6821457219251337,0.5267713903743316,0.08372994652406414,0.8899465240641709,0.3921791443850266,0.10290106951871655,0.7518017787776039,0.612477706183532,0.05799039758508294,0.9234464910132019,0.4597777865971059,0.1976779055960824
Badminton,Uniform,Simulation Data,rounds,23,False,0.6909358288770053,0.4990307486631015,0.07338903743315506,0.9007419786096257,0.39624331550802144,0.08807486631016044,0.7616789577734981,0.5878885849577324,0.03927345238557525,0.9302432457338989,0.4699042146309904,0.18997784171789175
Badminton,Uniform,Simulation Data,rounds,24,False,0.6812967914438502,0.5230614973262032,0.08384358288770052,0.8924064171122995,0.3649064171122993,0.09201203208556148,0.756906102952101,0.6179305427995346,0.06602028159212017,0.9262786782173332,0.4297454561488477,0.2018110213698928
Badminton,Uniform,Simulation Data,rounds,25,False,0.6695721925133691,0.4819184491978609,0.07623663101604278,0.8969986631016043,0.3975334224598931,0.09955882352941176,0.7512372771642565,0.5760200703510477,0.0483336768321302,0.929556243078355,0.47112028690163354,0.20934378494124034
Badminton,Uniform,Simulation Data,rounds,26,False,0.7026804812834223,0.5179679144385027,0.06859625668449199,0.8972794117647058,0.3855347593582886,0.09243315508021388,0.7818915351070876,0.616211557496996,0.03289310363556187,0.930511511352658,0.4439639319172414,0.20877247217230704
Badminton,Uniform,Simulation Data,rounds,27,False,0.7003542780748666,0.5049732620320856,0.10242647058823529,0.9015106951871655,0.3604545454545455,0.08179144385026739,0.7763020058025739,0.5909340671736423,0.08729190523207132,0.9317130801041753,0.418252550235798,0.18938214761772532
Badminton,Uniform,Simulation Data,rounds,28,False,0.7141243315508022,0.4983422459893049,0.05895721925133694,0.9115040106951873,0.38272727272727275,0.09778074866310162,0.7953335287901356,0.5894082964121675,0.02223300235339555,0.9378581693914428,0.4403010725803138,0.20798682451227607
Badminton,Uniform,Simulation Data,rounds,29,False,0.704725935828877,0.49514037433155084,0.08114304812834228,0.9169852941176473,0.3667513368983958,0.11643716577540106,0.7813199547453086,0.5888987784051245,0.06157626014030279,0.9425907684284163,0.4153460582522622,0.20501410615109145
Badminton,Uniform,Simulation Data,rounds,30,False,0.7278475935828876,0.5315173796791445,0.10729946524064168,0.9170387700534761,0.4001671122994652,0.09386363636363637,0.7961335989268287,0.6083079588901444,0.07889632310150498,0.9408710834377578,0.4448873426154711,0.20264713600587045
Badminton,Uniform,Simulation Data,rounds,31,False,0.7364639037433157,0.4945788770053477,0.058208556149732596,0.9183221925133691,0.3708088235294118,0.10235294117647056,0.8052994016826499,0.5876272160258883,0.046830734397128794,0.94208051306923,0.4197355331067316,0.20668253175028403
Badminton,Uniform,Simulation Data,rounds,32,False,0.7427606951871663,0.5015173796791444,0.05502673796791445,0.9244385026737967,0.4105748663101604,0.09219919786096256,0.8146734732653413,0.6001067781573522,0.0421800937217385,0.9472187718108376,0.4660334124060392,0.19338052846733578
Badminton,Uniform,Simulation Data,rounds,33,False,0.7070922459893049,0.4869919786096256,0.06196524064171123,0.9142580213903743,0.42205213903743305,0.11262700534759357,0.781851032200358,0.5689337631478224,0.04724006067066938,0.9398962608777244,0.48619690612255306,0.20971468455651382
Badminton,Uniform,Simulation Data,finish_all_rounds,None,True,0.7124799465240642,0.3810762032085562,0.08466577540106948,0.9186296791443849,0.37336898395721924,-0.004792780748663099,0.7906201705205451,0.4687075047442456,0.06354092827551053,0.942335014668472,0.4042759047514103,0.05874246098846186
Badminton,PL,Simulation Data,rounds,1,False,0.1315374331550802,0.1858489304812835,0.17220588235294115,0.17236631016042778,0.1892847593582888,-0.014278074866310166,0.11584609873522195,0.1824539058209031,0.18794422017438933,0.3544956577400321,0.21414790969103187,0.05286293429210316
Badminton,PL,Simulation Data,rounds,2,False,0.11256684491978611,0.19717914438502673,0.14144385026737968,0.23733288770053476,0.155153743315508,-0.03131016042780749,0.11827159739503307,0.21159381079521336,0.19174232167457575,0.3827291039207155,0.15634317980464812,0.062423205803429714
Badminton,PL,Simulation Data,rounds,3,False,0.027847593582887686,0.261798128342246,0.0859491978609626,0.25419786096256686,0.13640374331550803,-0.004973262032085573,0.05272433015208702,0.31434233187748445,0.10359667581086278,0.4420377960737729,0.13799873270593768,0.0959003290075044
Badminton,PL,Simulation Data,rounds,4,False,0.07525401069518715,0.33597593582887697,0.04928475935828876,0.3051069518716577,0.186677807486631,0.019973262032085562,0.12397714513661573,0.3795038916154222,0.020926675988377927,0.482075396414294,0.2327547816188861,0.11291218683420079
Badminton,PL,Simulation Data,rounds,5,False,0.08990641711229948,0.35961229946524065,0.07122994652406416,0.4219852941176472,0.2883288770053476,0.034385026737967894,0.12333217485601602,0.42624738006833207,0.04990617901253749,0.5772335848218965,0.3266112225446185,0.12330959713061668
Badminton,PL,Simulation Data,rounds,6,False,0.06883689839572191,0.372774064171123,0.054070855614973254,0.4778074866310159,0.37403074866310143,0.03735294117647059,0.1227712030077369,0.4473502552486152,0.014013708393559993,0.6121178281756263,0.4281675851496346,0.13627621439218784
Badminton,PL,Simulation Data,rounds,7,False,0.0883422459893048,0.4045655080213904,0.06296122994652407,0.5442312834224599,0.3767580213903743,0.03709893048128342,0.14627614465739147,0.49125424954856156,0.037661021238087504,0.6698528476280101,0.43497853040184403,0.14357002807387062
Badminton,PL,Simulation Data,rounds,8,False,0.10334224598930483,0.44758021390374336,0.061136363636363635,0.5951671122994653,0.4139237967914438,0.0315975935828877,0.12990675167874752,0.5346685417159395,-0.012859584979441913,0.7079713234040692,0.4853774050441523,0.12227030075714637
Badminton,PL,Simulation Data,rounds,9,False,0.16237299465240645,0.4521991978609627,0.05848262032085562,0.6203409090909089,0.3669852941176471,0.07088235294117648,0.20408452240265468,0.5447181412787274,0.03761541036811197,0.726017969103661,0.43931424315432904,0.1633816792782119
Badminton,PL,Simulation Data,rounds,10,False,0.16480614973262028,0.47802139037433145,0.08900401069518715,0.6313034759358289,0.38044786096256694,0.053302139037433124,0.21969369914884734,0.5754885898848972,0.05424357418344679,0.7386590777487909,0.4196953347504142,0.16215265407880952
Badminton,PL,Simulation Data,rounds,11,False,0.2042513368983958,0.44739304812834213,0.07850935828877004,0.7034224598930482,0.4363235294117647,0.04657754010695186,0.27629553203908686,0.5456679068101659,0.027902162333535332,0.7892552943137936,0.4950927073321323,0.1505179294028715
Badminton,PL,Simulation Data,rounds,12,False,0.19571524064171122,0.5175,0.06459893048128344,0.702426470588235,0.4371256684491979,0.05160427807486631,0.28141081744074675,0.6172118785246821,0.0339227008010955,0.7880556021214785,0.5090775406752679,0.15576360529185707
Badminton,PL,Simulation Data,rounds,13,False,0.21971256684491977,0.489672459893048,0.0572860962566845,0.761798128342246,0.37185160427807495,0.041671122994652414,0.30485409904729194,0.5889801134191887,0.03324257030507444,0.8352481937043612,0.4332341796245688,0.15674441715344611
Badminton,PL,Simulation Data,rounds,14,False,0.25112299465240634,0.508816844919786,0.07982620320855617,0.7854344919786093,0.3949331550802138,0.04964572192513368,0.36356288183281243,0.5944911428735647,0.05237784929954253,0.8495691306550204,0.4843961004989187,0.16506875164367563
Badminton,PL,Simulation Data,rounds,15,False,0.36155748663101606,0.46873663101604296,0.057921122994652394,0.8157887700534759,0.3627473262032085,0.07248663101604279,0.46201777159226604,0.5548109326368462,0.04561038040560944,0.8725714186218734,0.40678280323221183,0.1812521805655209
Badminton,PL,Simulation Data,rounds,16,False,0.41806818181818167,0.5084491978609624,0.07010026737967916,0.8408021390374333,0.37000668449197854,0.06004010695187165,0.5154168588658287,0.5925208491142852,0.03221646474409676,0.8863940656624213,0.43114219917459223,0.1736212711781209
Badminton,PL,Simulation Data,rounds,17,False,0.504572192513369,0.5008622994652405,0.05993983957219252,0.850066844919786,0.38831550802139037,0.048395721925133674,0.6081995847756879,0.592907464060336,0.03162186023322075,0.8938679254976749,0.44826403841898077,0.16501382111562815
Badminton,PL,Simulation Data,rounds,18,False,0.552653743315508,0.5147727272727274,0.055394385026737984,0.8649665775401071,0.40598930481283424,0.08310160427807485,0.6395410294459953,0.6080543281742894,0.04141554384246468,0.9036635355817266,0.4759813540830584,0.18755448957069984
Badminton,PL,Simulation Data,rounds,19,False,0.6153676470588235,0.5084759358288771,0.08835561497326205,0.8725668449197861,0.3936229946524065,0.08510026737967914,0.6932715033632901,0.6033308512972991,0.05826867482916664,0.9088929880172835,0.45862345511196606,0.1971526661028324
Badminton,PL,Simulation Data,rounds,20,False,0.6014237967914439,0.5130280748663101,0.05771390374331552,0.8767245989304816,0.3914839572192512,0.08388368983957217,0.6715648947288774,0.6005886708924372,0.06378932690640349,0.9127884360682686,0.46725243529646154,0.18735718236112578
Badminton,PL,Simulation Data,rounds,21,False,0.6516310160427807,0.5038770053475937,0.09730614973262032,0.8850601604278073,0.4033489304812833,0.06281417112299463,0.7204006735017419,0.6001639614738642,0.05789312980740304,0.9202183312297456,0.4812151988967803,0.16958478989798975
Badminton,PL,Simulation Data,rounds,22,False,0.6715842245989304,0.5030949197860963,0.07024732620320853,0.8996056149732623,0.3992914438502674,0.0812366310160428,0.737853353469749,0.5881927326701054,0.05757575692581626,0.9292992852451575,0.45606460707248586,0.1914627982754315
Badminton,PL,Simulation Data,rounds,23,False,0.6875467914438503,0.5043917112299465,0.05588903743315507,0.9055414438502675,0.4061631016042781,0.09544117647058822,0.758326374144649,0.5945038923502195,0.020619111314003128,0.9337678851304624,0.47476439966954215,0.20355455695517893
Badminton,PL,Simulation Data,rounds,24,False,0.6780481283422459,0.49048128342246,0.034779411764705885,0.8925735294117646,0.3961363636363635,0.09822192513368981,0.7564723447305599,0.5842670965687237,0.024717375753729443,0.9264378544635232,0.46085573868192037,0.19933129805846175
Badminton,PL,Simulation Data,rounds,25,False,0.6839304812834223,0.48672459893048126,0.07660427807486629,0.8993649732620321,0.42024064171123,0.08306818181818182,0.7604896401628656,0.5911771532770865,0.03973559264075552,0.9320182693004552,0.4942532386073657,0.2061673428419707
Badminton,PL,Simulation Data,rounds,26,False,0.7001203208556147,0.5211029411764706,0.08460561497326202,0.8980949197860962,0.3794652406417112,0.08766042780748663,0.7811542837445674,0.5949205260620009,0.06028950323844065,0.9310392071981038,0.45621308533527755,0.19680007024323326
Badminton,PL,Simulation Data,rounds,27,False,0.6975401069518713,0.4952606951871656,0.056644385026737985,0.9031350267379676,0.4273395721925133,0.09249331550802138,0.7761983010968307,0.5958077370578837,0.010367840929387324,0.9347122157416341,0.4885772416399429,0.19653713392723307
Badminton,PL,Simulation Data,rounds,28,False,0.7226270053475933,0.5114171122994651,0.042172459893048124,0.9136898395721925,0.374177807486631,0.08794117647058823,0.7982210424147641,0.5925791366467643,0.05209344622196425,0.9399189096827277,0.431888883741923,0.20291053227179162
Badminton,PL,Simulation Data,rounds,29,False,0.7011430481283424,0.47961898395721925,0.10384358288770049,0.9104946524064174,0.40653743315508023,0.10209893048128343,0.7807888216639608,0.5589674951172284,0.06124857636977798,0.9360966075516807,0.4742886282341427,0.21457329647068984
Badminton,PL,Simulation Data,rounds,30,False,0.7223863636363635,0.5228141711229946,0.09040775401069519,0.9215240641711232,0.37056149732620325,0.088475935828877,0.7938696630528849,0.61678253088206,0.07157988624962569,0.9430399380513604,0.41567251740675226,0.20109438274149943
Badminton,PL,Simulation Data,rounds,31,False,0.7254545454545455,0.47318181818181826,0.058810160427807484,0.9187232620320858,0.37493315508021396,0.10191844919786094,0.7997539218746716,0.5767574711153617,0.02519108547266044,0.9408782464216248,0.41803771458434047,0.19949910079797425
Badminton,PL,Simulation Data,rounds,32,False,0.7360026737967914,0.4898395721925133,0.04946524064171122,0.9243917112299462,0.40456550802139046,0.1054879679144385,0.8091687306510255,0.5750640172426457,0.019732619404899357,0.9465045175027654,0.45283303574508355,0.21047061750221396
Badminton,PL,Simulation Data,rounds,33,False,0.7205213903743316,0.4821925133689839,0.07538770053475936,0.9194451871657751,0.3637633689839572,0.11282754010695188,0.7970121802899233,0.5760776752627608,0.06140849865459467,0.9423081428990819,0.4327551613749878,0.21135734707185055
Badminton,PL,Simulation Data,finish_all_rounds,None,True,0.7271657754010696,0.3734893048128344,0.06499999999999999,0.9117379679144384,0.38312165775401075,-0.01018716577540107,0.8018564460121271,0.46143011440029363,0.0175424437907459,0.9386638483056476,0.45373558982034806,0.06618547181612695
Badminton,Normal,Simulation Data,rounds,1,False,0.07426470588235293,0.17598262032085565,0.1935160427807486,0.1402339572192513,0.19020053475935825,-0.01766711229946523,0.06992676292830514,0.17273532036951925,0.21088895516896106,0.32111242083600156,0.18917184755805735,0.03874235096473675
Badminton,Normal,Simulation Data,rounds,2,False,0.10548128342245987,0.21765374331550796,0.1253275401069519,0.21663770053475936,0.13855614973262034,-0.00582887700534759,0.09456832182696022,0.22247829544783834,0.1490082230545842,0.36853351837683435,0.1462634295608311,0.08784213555229967
Badminton,Normal,Simulation Data,rounds,3,False,-0.004712566844919779,0.2504545454545454,0.11655748663101603,0.26080213903743316,0.14366978609625666,0.020775401069518723,0.04643283306537469,0.2794607574567486,0.12895169200380555,0.4411324265100171,0.14161291048409885,0.10228352741911095
Badminton,Normal,Simulation Data,rounds,4,False,0.07481283422459895,0.31151069518716584,0.0766042780748663,0.2939104278074866,0.22649064171122998,0.02351604278074866,0.12356225915131262,0.36618094638781884,0.08087872582705138,0.48439512441238586,0.257346261736816,0.11171447438202754
Badminton,Normal,Simulation Data,rounds,5,False,0.11096256684491981,0.36106951871657755,0.08590240641711233,0.41959224598930495,0.31094251336898393,0.01473930481283422,0.15354085148469715,0.43849277172877277,0.07035621238580608,0.5761624709305159,0.35193222952797654,0.10816451342478935
Badminton,Normal,Simulation Data,rounds,6,False,0.09209893048128341,0.3705414438502672,0.05999331550802139,0.46761363636363634,0.36036764705882346,0.04723930481283423,0.14181808985183988,0.41698340714922144,0.009508861570431276,0.6065134399683358,0.42883670899879883,0.13725902591931854
Badminton,Normal,Simulation Data,rounds,7,False,0.12144385026737967,0.4236564171122993,0.07020721925133691,0.5410695187165776,0.3828943850267381,0.03747994652406417,0.1794012281447215,0.5073497376154509,0.04846131505104018,0.6692872168663956,0.4432270624806541,0.15281436835218323
Badminton,Normal,Simulation Data,rounds,8,False,0.13915106951871656,0.45171122994652413,0.07770053475935831,0.5820588235294119,0.38040775401069515,0.04038101604278074,0.14599662595777094,0.5435013663886951,0.03290404811546354,0.6922947363126226,0.4626052656109744,0.145960951224333
Badminton,Normal,Simulation Data,rounds,9,False,0.15166443850267378,0.4664772727272728,0.0532687165775401,0.6344986631016043,0.37633689839572176,0.05075534759358291,0.1718223231914814,0.5700609109619823,0.037668829586841604,0.7363539220629913,0.4566028106088973,0.1477156578888431
Badminton,Normal,Simulation Data,rounds,10,False,0.1550534759358289,0.4642914438502672,0.07496657754010695,0.6444251336898396,0.39128342245989317,0.04353609625668449,0.20636523752189184,0.571609752281412,0.0313080224455473,0.7487660920681292,0.4569261992860134,0.1542099420770942
Badminton,Normal,Simulation Data,rounds,11,False,0.2218783422459893,0.4862032085561497,0.04790775401069517,0.6848596256684494,0.37187165775401076,0.05863636363636362,0.3007511800127174,0.5664981606366347,0.008466738163190417,0.7764268035022295,0.4260930495518069,0.16840456472383322
Badminton,Normal,Simulation Data,rounds,12,False,0.18421791443850266,0.48542112299465245,0.1025066844919786,0.7163636363636366,0.3936029411764706,0.06885695187165773,0.25976124048530913,0.5800207632455643,0.08929331222917539,0.7973872847518483,0.4532077063936639,0.1779373517742543
Badminton,Normal,Simulation Data,rounds,13,False,0.23288770053475946,0.4943181818181819,0.05477941176470587,0.754879679144385,0.42171791443850276,0.05239304812834224,0.3112344106712496,0.5677325589520962,0.01576348250129015,0.8268110914837916,0.5016288023377823,0.1545835814904724
Badminton,Normal,Simulation Data,rounds,14,False,0.27042112299465243,0.5062633689839573,0.05389705882352941,0.785173796791444,0.36284759358288765,0.04242647058823528,0.3591425200558374,0.5967702901783614,0.017882056358854016,0.8494194491347307,0.402005321648909,0.15981481338217848
Badminton,Normal,Simulation Data,rounds,15,False,0.3384558823529411,0.4849331550802139,0.07263368983957219,0.8211898395721926,0.36695855614973266,0.045200534759358285,0.4383370526500087,0.5979292291378764,0.04800207627330298,0.8775608278009059,0.41683355087232876,0.16032222780806035
Badminton,Normal,Simulation Data,rounds,16,False,0.40412433155080213,0.49910427807486635,0.09485294117647058,0.8444652406417115,0.3778008021390374,0.06025401069518715,0.49888798040683263,0.585122171389396,0.032436446684511504,0.890755034529064,0.4377020397135092,0.16225016970982153
Badminton,Normal,Simulation Data,rounds,17,False,0.5167179144385027,0.5148195187165775,0.07511363636363638,0.8517513368983961,0.39644385026737977,0.10253342245989307,0.5952593778163395,0.6106857592571437,0.035191905332215834,0.895738499889796,0.45133367694489207,0.21027453523748543
Badminton,Normal,Simulation Data,rounds,18,False,0.5579679144385026,0.4976069518716578,0.07792780748663104,0.861550802139037,0.37442513368983954,0.06821524064171121,0.6386017126419086,0.5835630181605291,0.06287280149816663,0.9012234084821301,0.44737317096266677,0.17037370944451355
Badminton,Normal,Simulation Data,rounds,19,False,0.6007286096256685,0.5092647058823531,0.02506684491978609,0.8769184491978609,0.4135160427807486,0.10100935828877006,0.684541158776905,0.5948532429876495,0.017104611133271413,0.9124321901222637,0.48688028546752027,0.20202664359241795
Badminton,Normal,Simulation Data,rounds,20,False,0.5978943850267381,0.4964371657754012,0.06363636363636363,0.8759224598930484,0.37792112299465236,0.09112967914438502,0.6704346775498332,0.5871942733974976,0.05809270496852439,0.9119085228374234,0.44148720249602547,0.19103060378486802
Badminton,Normal,Simulation Data,rounds,21,False,0.6438569518716577,0.5186898395721926,0.0346524064171123,0.8899197860962567,0.41076203208556145,0.07594919786096258,0.7195273474947613,0.599636733161238,0.01661269740278831,0.9235348320924287,0.49015163737479517,0.18077734267878892
Badminton,Normal,Simulation Data,rounds,22,False,0.6780882352941177,0.45064839572192517,0.0936029411764706,0.9058890374331551,0.3695721925133689,0.07663101604278075,0.7486006452485944,0.5477221957974302,0.09434265278283042,0.9341739638718204,0.41973191522079956,0.1743878506078854
Badminton,Normal,Simulation Data,rounds,23,False,0.6926203208556152,0.45764037433155075,0.05754010695187166,0.8982620320855615,0.38649064171122993,0.10713903743315509,0.7640486425373056,0.5430372755765873,0.05094585820116591,0.9283217191300135,0.4421417609876414,0.20052398417118286
Badminton,Normal,Simulation Data,rounds,24,False,0.684826203208556,0.5176537433155081,0.07149732620320859,0.892854278074866,0.3719919786096257,0.09232620320855617,0.7629261488897296,0.6111388114191803,0.02905979974086993,0.925464267204555,0.4416294192836186,0.19374737939149025
Badminton,Normal,Simulation Data,rounds,25,False,0.6952606951871658,0.5185427807486631,0.051457219251336894,0.8991778074866315,0.3812433155080214,0.087927807486631,0.7683605796261455,0.6142329288100796,0.023103341714029457,0.9310904443082051,0.449498706578899,0.19569801019426325
Badminton,Normal,Simulation Data,rounds,26,False,0.6915641711229946,0.49751336898395737,0.08197192513368985,0.8989237967914441,0.3724799465240642,0.12990641711229944,0.7736258275273963,0.5928075859323678,0.05400861857220222,0.9314918317492529,0.4322373013654817,0.22383423851454665
Badminton,Normal,Simulation Data,rounds,27,False,0.6980414438502673,0.5191510695187165,0.06703877005347592,0.9063636363636364,0.42590240641711224,0.08661764705882355,0.7798498054393026,0.6003793465814488,0.02246979219625065,0.9354755209152874,0.49141401298166315,0.192842895141138
Badminton,Normal,Simulation Data,rounds,28,False,0.7052673796791445,0.4844451871657753,0.08032754010695184,0.9100668449197863,0.356557486631016,0.12354278074866308,0.7830146685731444,0.5730136244751544,0.055430430870414965,0.938869685171899,0.40575101996101864,0.20903281118870734
Badminton,Normal,Simulation Data,rounds,29,False,0.7095254010695187,0.4967580213903742,0.05909090909090908,0.9151604278074865,0.36802807486631006,0.11266042780748664,0.7868626656663497,0.5830599000908848,0.003077647262339385,0.9412908647664779,0.4406155504733394,0.21247928788941717
Badminton,Normal,Simulation Data,rounds,30,False,0.7165775401069518,0.47609625668449207,0.0736163101604278,0.921316844919786,0.3877673796791444,0.08717914438502673,0.7903353014293434,0.5678488025185235,0.07414955442224752,0.9435206849005259,0.4320558416328542,0.2032289171798594
Badminton,Normal,Simulation Data,rounds,31,False,0.7334826203208553,0.5423596256684493,0.0771323529411765,0.9243516042780752,0.35461229946524064,0.09913770053475938,0.8043767801640257,0.6430758314355749,0.0642427922829291,0.9463626232823007,0.44116485708602815,0.20621716519155886
Badminton,Normal,Simulation Data,rounds,32,False,0.7397058823529409,0.4906350267379678,0.1009157754010695,0.925955882352941,0.35548128342246005,0.09774064171122995,0.812722228692887,0.5822910411975668,0.06926693414280936,0.9473583598932435,0.4088876908771134,0.20758438077545083
Badminton,Normal,Simulation Data,rounds,33,False,0.7140909090909091,0.5084692513368986,0.057500000000000016,0.9147259358288768,0.39289438502673796,0.09392379679144387,0.7946449741257373,0.5958581578766382,0.05993350343319509,0.9395118773214484,0.46142427212931525,0.20152441992346573
Badminton,Normal,Simulation Data,finish_all_rounds,None,True,0.7222727272727273,0.39710561497326197,0.08516042780748664,0.9083622994652406,0.4029545454545454,0.0005080213903743403,0.8011156128696159,0.47531996773600865,0.05911533834396145,0.93649516242899,0.4609016396492523,0.05779402225740318
Badminton,MultiGaussian,Simulation Data,rounds,1,False,0.13320187165775405,0.14959893048128348,0.16669786096256686,0.17738636363636362,0.17925133689839565,0.006958556149732611,0.1612080089255695,0.16000720640383673,0.13835827405500684,0.3560418230757193,0.1747453598287756,0.05784542888235769
Badminton,MultiGaussian,Simulation Data,rounds,2,False,0.10112967914438505,0.24464572192513376,0.13287433155080217,0.24036096256684492,0.165668449197861,0.00850935828877006,0.097469166665939,0.2912552155816994,0.15113622786584885,0.38117668836004304,0.17823501792918378,0.07417245379147513
Badminton,MultiGaussian,Simulation Data,rounds,3,False,0.07600267379679143,0.26609625668449205,0.10030748663101605,0.2712767379679144,0.1431082887700535,0.020534759358288763,0.12186325249270076,0.32694626422950895,0.1419748522743799,0.4460970734377345,0.15058180864379386,0.09582679314358812
Badminton,MultiGaussian,Simulation Data,rounds,4,False,0.08490641711229946,0.31509358288770056,0.08580213903743314,0.2707486631016042,0.16901737967914435,0.015601604278074872,0.13534548564722385,0.41354224057096667,0.09284675184286696,0.45653862248101496,0.2284730728712274,0.10970203456555354
Badminton,MultiGaussian,Simulation Data,rounds,5,False,0.08905080213903743,0.3261764705882353,0.06999999999999999,0.43874999999999986,0.3102272727272727,0.0286764705882353,0.12811966046297613,0.403792030686486,0.03864070961639223,0.5926220889954491,0.3801749942577834,0.1280080374867181
Badminton,MultiGaussian,Simulation Data,rounds,6,False,0.05739973262032084,0.39622994652406424,0.05410427807486633,0.5004879679144385,0.37608957219251343,0.037406417112299487,0.11548390807188717,0.4783830512080039,0.008047907347229943,0.6353095038356443,0.45296859610373114,0.13357069945420164
Badminton,MultiGaussian,Simulation Data,rounds,7,False,0.09820187165775401,0.3973729946524064,0.0523596256684492,0.540822192513369,0.4057352941176472,0.013729946524064174,0.14597796569306998,0.5001348379706742,0.01697364600377524,0.6682897970204346,0.44600294701140036,0.1241679781896941
Badminton,MultiGaussian,Simulation Data,rounds,8,False,0.12249999999999997,0.4212767379679145,0.04934491978609625,0.5593983957219251,0.398048128342246,0.04304144385026737,0.13317801797250525,0.5091545973888809,-0.0069210974704769735,0.6829026764764001,0.4672061767983955,0.14060402347843307
Badminton,MultiGaussian,Simulation Data,rounds,9,False,0.14219919786096252,0.4642580213903742,0.05502005347593582,0.6325601604278076,0.35915775401069516,0.0505013368983957,0.1889717137775005,0.5568187199449348,0.039677201906557984,0.7313673771782095,0.44756465088468333,0.15787113770646044
Badminton,MultiGaussian,Simulation Data,rounds,10,False,0.14691844919786093,0.46124999999999994,0.020340909090909097,0.6482018716577541,0.38169786096256686,0.04270053475935827,0.205214459608694,0.5536039926748831,-0.01797629124411282,0.746333540023194,0.4372208701909493,0.15133980671024988
Badminton,MultiGaussian,Simulation Data,rounds,11,False,0.2243181818181818,0.4925601604278075,0.08426470588235294,0.7040775401069517,0.3953943850267379,0.05007352941176471,0.2875083404714294,0.5734444319768537,0.05281214664989453,0.7885913788554011,0.4672105583131956,0.15326406232443715
Badminton,MultiGaussian,Simulation Data,rounds,12,False,0.17219919786096255,0.4703074866310161,0.09489973262032088,0.7241243315508021,0.41034090909090915,0.05050133689839571,0.2642338480592011,0.5721553018882178,0.08505193616496276,0.80409558731438,0.48658001664541345,0.14700777347304847
Badminton,MultiGaussian,Simulation Data,rounds,13,False,0.23230614973262034,0.5101336898395721,0.07086229946524066,0.7661831550802138,0.3659625668449197,0.057192513368983955,0.3165975647198871,0.612150735625444,0.0320869590180182,0.8366390380084852,0.4483367849081297,0.1607999041848932
Badminton,MultiGaussian,Simulation Data,rounds,14,False,0.25484625668449196,0.5348128342245991,0.08211229946524065,0.7872058823529413,0.38790106951871656,0.08469251336898395,0.3574025782497342,0.6331507267317165,0.0743999108934042,0.8510727627412532,0.45645367193942876,0.18310636511278044
Badminton,MultiGaussian,Simulation Data,rounds,15,False,0.33219919786096264,0.4859157754010696,0.06410427807486631,0.81802807486631,0.3914371657754011,0.07449197860962566,0.43339798947842517,0.583471367608955,0.044161969290259215,0.8735455858220024,0.46923337669898424,0.18014741932076395
Badminton,MultiGaussian,Simulation Data,rounds,16,False,0.40609625668449195,0.5049264705882351,0.07686497326203207,0.8420254010695188,0.4159625668449196,0.059779411764705886,0.49920987669019906,0.602290633424721,0.05723416711220723,0.88872144528093,0.46137439134933067,0.16166298398561618
Badminton,MultiGaussian,Simulation Data,rounds,17,False,0.5112767379679145,0.5158556149732622,0.06571524064171123,0.8500200534759358,0.3814906417112299,0.07474598930481283,0.6070996889841836,0.6101089839617981,0.033762183620410224,0.8948021117224034,0.44108537700310096,0.18772417857109702
Badminton,MultiGaussian,Simulation Data,rounds,18,False,0.5711898395721927,0.4846457219251339,0.08018716577540105,0.8620922459893048,0.39030748663101605,0.07348930481283424,0.6574706992233021,0.5748840218537499,0.03476091137507881,0.9022181153071217,0.4645716829319468,0.18634788534951943
Badminton,MultiGaussian,Simulation Data,rounds,19,False,0.6172058823529412,0.5083221925133692,0.07008689839572192,0.8694385026737972,0.335153743315508,0.11075534759358291,0.6957911156621124,0.5942971806239995,0.08290596901573992,0.9067277384772962,0.41806899678429255,0.2036193025975902
Badminton,MultiGaussian,Simulation Data,rounds,20,False,0.6109558823529412,0.5073997326203209,0.10639705882352939,0.8789906417112299,0.39062834224598936,0.08828877005347593,0.67446525306049,0.5924434352998924,0.07581942862658443,0.9142822240387984,0.45400403722213106,0.19773568739265435
Badminton,MultiGaussian,Simulation Data,rounds,21,False,0.6455080213903743,0.47437834224598924,0.08171122994652405,0.8911497326203204,0.39520721925133684,0.0822860962566845,0.7198102459814031,0.5456059054272994,0.05948513446476826,0.9239182543792035,0.47454926717494234,0.192672902996028
Badminton,MultiGaussian,Simulation Data,rounds,22,False,0.6882754010695187,0.5118917112299465,0.052453208556149745,0.8972259358288767,0.400360962566845,0.09556818181818182,0.7584001038898759,0.5816638817007393,0.008563929696806916,0.9281680335286449,0.4453994607399401,0.20084959119490606
Badminton,MultiGaussian,Simulation Data,rounds,23,False,0.6994518716577539,0.5443783422459894,0.07469251336898396,0.9046524064171123,0.43552807486631,0.10441176470588237,0.7670061558394318,0.6361515125833163,0.03221759755954024,0.9330322502622924,0.5018461870796259,0.20225299825685725
Badminton,MultiGaussian,Simulation Data,rounds,24,False,0.69149064171123,0.4996256684491979,0.07439171122994653,0.8989772727272726,0.40651069518716576,0.09396390374331551,0.7644731489177213,0.594708791302351,0.028405637665682666,0.9311740282742188,0.45780077631235017,0.20436482610163367
Badminton,MultiGaussian,Simulation Data,rounds,25,False,0.6710828877005349,0.4871791443850265,0.06839572192513367,0.8946056149732621,0.3780280748663102,0.10343582887700531,0.7530004236427219,0.5819060063394655,0.05868722769473937,0.9280851468043173,0.44088586999460133,0.21490102643299075
Badminton,MultiGaussian,Simulation Data,rounds,26,False,0.6998529411764707,0.5039371657754012,0.06124999999999999,0.9031016042780747,0.3810227272727274,0.08969919786096257,0.7810016006624668,0.5949950099304608,0.026491596537028164,0.9344485622556975,0.45685674912438967,0.20094176752006046
Badminton,MultiGaussian,Simulation Data,rounds,27,False,0.6996256684491979,0.4796323529411765,0.08459224598930482,0.9020922459893046,0.39732620320855616,0.09588235294117652,0.7783617749903249,0.5515355944946616,0.04351905757728221,0.934047166033304,0.4616979390218053,0.19516996461492464
Badminton,MultiGaussian,Simulation Data,rounds,28,False,0.7171189839572196,0.5326203208556152,0.06856951871657756,0.9170521390374331,0.3902606951871658,0.07715240641711232,0.7977149958707916,0.6219754171074724,0.0370875411067014,0.942216231706366,0.42805928700667606,0.1886275800233304
Badminton,MultiGaussian,Simulation Data,rounds,29,False,0.7109625668449198,0.5015508021390375,0.07800802139037435,0.9113235294117648,0.4173863636363636,0.06988636363636364,0.789504455263927,0.5951152937369744,0.06694871123595263,0.938992547250319,0.47726319085055535,0.1796554884257997
Badminton,MultiGaussian,Simulation Data,rounds,30,False,0.7173195187165777,0.47622994652406414,0.08364973262032083,0.9181216577540107,0.39495320855614985,0.10137700534759361,0.7916398073384799,0.5696636009264505,0.07621920666871206,0.9416738189306924,0.4569161130969407,0.1978169483702072
Badminton,MultiGaussian,Simulation Data,rounds,31,False,0.7408155080213905,0.4757219251336899,0.08701871657754012,0.9197727272727267,0.38231951871657754,0.09787433155080212,0.8072535147131683,0.567825089038526,0.05738450980071122,0.9418681653411682,0.4431950326320112,0.20738471370741252
Badminton,MultiGaussian,Simulation Data,rounds,32,False,0.7304010695187166,0.4925802139037433,0.09330213903743316,0.9247727272727275,0.3843181818181818,0.08804144385026737,0.8077804992875486,0.5720197611831088,0.05599054446390939,0.9459435997572249,0.4140004162053082,0.19682249347523784
Badminton,MultiGaussian,Simulation Data,rounds,33,False,0.7045855614973263,0.47624999999999995,0.10757352941176468,0.9134893048128341,0.4098061497326202,0.11377005347593583,0.7829799171966014,0.5823696867030854,0.08672399192821535,0.9395302928857926,0.47517980732007387,0.2212112172762261
Badminton,MultiGaussian,Simulation Data,finish_all_rounds,None,True,0.713783422459893,0.4051002673796792,0.07219251336898397,0.9154879679144385,0.39215909090909085,0.0012499999999999979,0.7926544246108997,0.47092899609480077,0.06206076372810524,0.9404376074376967,0.44585420805031284,0.05307136561801428
