Match,Distribution Type,Data Type,Parameter Type,Parameter,Finish all rounds,Spearman Round Robin,Spearman Swiss Round,Spearman Double Elimination,Spearman Weighted Round Robin,Spearman Round Robin Knockout,Spearman Ladder Tournament,NDCG Spearman Round Robin,NDCG Spearman Swiss Round,NDCG Spearman Double Elimination,NDCG Spearman Weighted Round Robin,NDCG Spearman Round Robin Knockout,NDCG Spearman Ladder Tournament
StarCraft,,Real Data,rounds,1,False,0.7528743315508024,0.6331885026737968,0.6485561497326202,0.6656016042780748,0.35899732620320846,0.2705548128342246,0.8336923758520272,0.7459712293231137,0.7578702481479592,0.6856108176370697,0.47582698007730584,0.18180340697761305
StarCraft,,Real Data,rounds,2,False,0.4968917112299465,0.39116310160427814,0.35742647058823523,0.5112032085561499,0.26461898395721933,0.07023395721925133,0.5161751153098828,0.4617610181991965,0.40630003693842476,0.5819356546139353,0.27356024648653854,0.02523008090181981
StarCraft,,Real Data,rounds,3,False,0.4515574866310159,0.373255347593583,0.2702874331550802,0.5704612299465239,0.28729946524064176,0.03620320855614972,0.46371954684001937,0.42468813196390215,0.2661240775836655,0.662599110243098,0.32009132081376584,-0.02640911350336506
StarCraft,,Real Data,rounds,4,False,0.42921791443850266,0.35243983957219255,0.2018917112299465,0.5853609625668449,0.3036965240641712,0.014344919786096247,0.4328159472950544,0.3991612776331495,0.15343717883560992,0.6870397947953587,0.33770774022607664,-0.042019595594535726
StarCraft,,Real Data,rounds,5,False,0.41858957219251336,0.3678943850267381,0.16970588235294112,0.6681951871657753,0.366183155080214,0.022647058823529412,0.43237561476277725,0.4265157716447174,0.11196589856046568,0.757292109805512,0.42286952628386665,-0.061697555852831126
StarCraft,,Real Data,rounds,6,False,0.45717245989304806,0.3594318181818182,0.17555481283422458,0.6940508021390372,0.38394385026737976,0.0036764705882352897,0.4789348889627603,0.4333642667343669,0.11903165068461403,0.7785983307090981,0.4404722726615731,-0.05603918776332291
StarCraft,,Real Data,rounds,7,False,0.4398729946524065,0.3775401069518717,0.1999398395721926,0.7186430481283422,0.44104946524064154,0.002346256684491983,0.4617331989700594,0.45894968318351687,0.17278250641754395,0.798543446324587,0.5079221156408006,-0.08100163896804834
StarCraft,,Real Data,rounds,8,False,0.470909090909091,0.4323195187165775,0.1801270053475936,0.7515975935828877,0.4111430481283423,0.005200534759358295,0.501105295458294,0.49473998820829557,0.12291933272503516,0.8217997915602777,0.4939320289123923,-0.0657734801764564
StarCraft,,Real Data,rounds,9,False,0.4665374331550804,0.4372192513368986,0.2030013368983957,0.7801069518716578,0.39376336898395714,0.009953208556149737,0.5136619985220882,0.5108925796701584,0.16396644481517583,0.8413961537485202,0.4506543779943233,-0.04930976877939447
StarCraft,,Real Data,rounds,10,False,0.4326002673796792,0.47093582887700547,0.1846991978609626,0.7957620320855614,0.3825935828877005,-0.015648395721925133,0.4815826500653301,0.5487148758171911,0.1486638205109743,0.8526159129675921,0.46192516061577715,-0.07660395321588964
StarCraft,,Real Data,rounds,11,False,0.4980147058823529,0.46512700534759366,0.16667780748663102,0.794979946524064,0.4208756684491978,0.00933823529411764,0.5466652038247055,0.547920635994382,0.10392919307407862,0.8530895464172338,0.4822621728272383,-0.08483175465288241
StarCraft,,Real Data,rounds,12,False,0.4928141711229946,0.44306149732620326,0.1710294117647059,0.8039572192513369,0.40275401069518724,0.008716577540106954,0.5370215380701032,0.5143034069745344,0.16317617788640157,0.860150798578561,0.43931094834597273,-0.07459855668571291
StarCraft,,Real Data,rounds,13,False,0.5221657754010696,0.47358288770053475,0.20261363636363644,0.8258422459893047,0.4381483957219252,0.01685160427807487,0.5723502392162227,0.5287955861278177,0.14027054412122283,0.8728354273156899,0.5105814908268084,-0.04763049536457958
StarCraft,,Real Data,rounds,14,False,0.5290842245989306,0.5019050802139037,0.18151737967914436,0.8472192513368985,0.41469251336898394,0.016684491978609627,0.5818687036738772,0.5722317071121221,0.13033161608209326,0.886497162337499,0.4739869086187014,-0.06254818215177417
StarCraft,,Real Data,rounds,15,False,0.5520053475935828,0.47798796791443854,0.1950133689839572,0.8487700534759358,0.39859625668449206,0.020681818181818183,0.6254994363099771,0.5684027954039783,0.12123832646028983,0.8840686914001346,0.43827785010355574,-0.07779519680474978
StarCraft,,Real Data,rounds,16,False,0.5783756684491979,0.4136430481283423,0.16737967914438504,0.8665173796791444,0.3706818181818183,0.0112566844919786,0.6394742750973577,0.4890909698818765,0.08248397877920845,0.9005261312064596,0.42108661710343853,-0.0802893597250609
StarCraft,,Real Data,rounds,17,False,0.6099799465240643,0.47900401069518705,0.17574866310160422,0.8550735294117645,0.3811430481283422,0.02345588235294119,0.6784295426941526,0.5657783686243971,0.14037861293181442,0.8960419674077904,0.44803414639902805,-0.06855346512435548
StarCraft,,Real Data,rounds,18,False,0.6363368983957219,0.48424465240641723,0.1663770053475936,0.8625868983957217,0.3966443850267381,0.01239973262032086,0.7060695316290672,0.5652377814889005,0.1354232782075983,0.9017847616266081,0.4652813661619405,-0.08538749975319453
StarCraft,,Real Data,rounds,19,False,0.6200467914438503,0.5063636363636365,0.1965441176470588,0.8712834224598929,0.39498663101604264,0.005782085561497324,0.6873156212255922,0.5749204593783162,0.13969968097599522,0.9071213223178691,0.4505180323068017,-0.0972208403612616
StarCraft,,Real Data,rounds,20,False,0.6315106951871658,0.46026737967914444,0.17813502673796794,0.8747727272727274,0.4079679144385026,0.03150401069518716,0.6782424561427449,0.5427705452901539,0.14882839390165928,0.9104907261427752,0.46183944141519734,-0.07180710194737885
StarCraft,,Real Data,rounds,21,False,0.6386363636363636,0.4524999999999999,0.18679144385026736,0.8805213903743316,0.4085828877005347,0.02476604278074866,0.6968305257752124,0.5198019719679552,0.1658762804706853,0.9153240669154245,0.4864473479273875,-0.08702747291352163
StarCraft,,Real Data,rounds,22,False,0.6611296791443851,0.4804211229946525,0.20415106951871645,0.8883823529411766,0.404244652406417,0.03092914438502675,0.7164204003016611,0.5416397929778284,0.16168576584609123,0.9199540807666041,0.4567598720211048,-0.05260491812768515
StarCraft,,Real Data,rounds,23,False,0.6708221925133689,0.4930080213903743,0.1910628342245989,0.889405080213904,0.4129679144385026,0.026991978609625666,0.7311314244531709,0.5463633967866461,0.16121681202802265,0.9190156778863539,0.4707483776127792,-0.07487409197959999
StarCraft,,Real Data,rounds,24,False,0.6754144385026738,0.46325534759358283,0.1937633689839572,0.8977673796791443,0.4258422459893049,0.02270721925133691,0.7349977674474562,0.5366883733051722,0.1513000709617478,0.9268219110216794,0.48337292085157335,-0.06450868924456354
StarCraft,,Real Data,rounds,25,False,0.6970922459893051,0.4672994652406417,0.19276737967914437,0.9056216577540107,0.41963235294117646,0.03342914438502675,0.7449206214684793,0.5369383793892598,0.1504405359472338,0.9312061791347456,0.47629513171493215,-0.0743689254354209
StarCraft,,Real Data,rounds,26,False,0.6625935828877005,0.4671256684491979,0.2021925133689839,0.9052540106951872,0.40572192513369004,0.04564171122994653,0.726027044458157,0.5413085100292915,0.1765635172841061,0.9316978418752759,0.4559826145540575,-0.06178966007366576
StarCraft,,Real Data,rounds,27,False,0.6897526737967913,0.5113368983957219,0.1726136363636364,0.9110093582887699,0.382105614973262,0.03866310160427807,0.7536260333226115,0.5851154941008072,0.09853357499831474,0.9354273068518847,0.4409821764978611,-0.06335293705217633
StarCraft,,Real Data,rounds,28,False,0.68875,0.501303475935829,0.2015106951871658,0.9117914438502673,0.38497326203208554,0.03676470588235294,0.7455815259504094,0.5758814368934684,0.17750752545457832,0.9348298916016692,0.45558717944135885,-0.06332725672808037
StarCraft,,Real Data,rounds,29,False,0.6867914438502674,0.46372994652406424,0.20826871657754012,0.921918449197861,0.4058288770053477,0.048021390374331556,0.7459259396709554,0.5327943382216843,0.17387052820706297,0.9417635785743359,0.45401901139128353,-0.06953974337268948
StarCraft,,Real Data,rounds,30,False,0.6854812834224598,0.4862433155080214,0.18572860962566845,0.921303475935829,0.4268048128342246,0.054164438502673794,0.7504510587248958,0.5707633706993555,0.13012338903324136,0.942562360267886,0.45328008814227677,-0.07028861417046289
StarCraft,,Real Data,rounds,31,False,0.6974264705882354,0.4648128342245989,0.16266711229946523,0.92274064171123,0.42272727272727273,0.05056818181818179,0.7661453627337189,0.5493393557257192,0.10233168316514883,0.9440856854673407,0.46742273644121146,-0.06900572565360663
StarCraft,,Real Data,rounds,32,False,0.7074331550802139,0.5004144385026738,0.17401069518716572,0.9240574866310161,0.364826203208556,0.0555548128342246,0.760690238992537,0.5761775614213662,0.11429429366595255,0.9442757720615919,0.41203009202632435,-0.07184139716007179
StarCraft,,Real Data,rounds,33,False,0.7274799465240642,0.4881016042780748,0.19826871657754017,0.9240374331550801,0.36710561497326194,0.06455882352941175,0.7920269135963898,0.5713441859796435,0.17318129493475606,0.9442681753449523,0.41831915036031186,-0.05080450994054779
StarCraft,,Real Data,rounds,34,False,0.7380681818181813,0.47681818181818175,0.19248663101604283,0.9161363636363637,0.3889104278074867,0.06358957219251338,0.7920849646742404,0.5441125983211955,0.1394164619456638,0.9378677397253214,0.43915381872782966,-0.0663324722178129
StarCraft,,Real Data,finish_all_rounds,None,True,0.7311430481283421,0.3707085561497327,0.16735962566844914,0.9204745989304812,0.4424197860962566,0.2649933155080214,0.794110122564082,0.4629580102168618,0.11296963575283556,0.9416033500544266,0.48464726023062865,0.1782537768557453
StarCraft,Uniform,Simulation Data,rounds,1,False,0.7567045454545456,0.6071390374331549,0.6338970588235295,0.6916844919786097,0.38844919786096244,0.28138368983957224,0.8356669111281144,0.7273777650063411,0.7471749520115674,0.7165921884427416,0.4832380216260075,0.16711335162853508
StarCraft,Uniform,Simulation Data,rounds,2,False,0.4985160427807488,0.38661096256684485,0.363596256684492,0.5662366310160427,0.2902673796791444,0.10046122994652407,0.48422707243709856,0.4461660172774902,0.43188595581282835,0.6377975246146678,0.2969758613177243,0.025886696701127705
StarCraft,Uniform,Simulation Data,rounds,3,False,0.46794117647058825,0.3286697860962567,0.2157152406417112,0.5528542780748663,0.27423128342245995,0.020387700534759353,0.4629349057796268,0.3658315217340661,0.21305538478081384,0.659611271221421,0.2931487349755796,-0.005332027494766884
StarCraft,Uniform,Simulation Data,rounds,4,False,0.46384358288770033,0.36077540106951866,0.21596925133689834,0.6066644385026739,0.2922192513368984,0.02939171122994654,0.5004615530363783,0.4110249674604709,0.1972635429388029,0.708940239157756,0.31470363833054504,-0.0452161854558471
StarCraft,Uniform,Simulation Data,rounds,5,False,0.46785427807486635,0.3710427807486631,0.17070187165775408,0.675427807486631,0.3413502673796791,0.018128342245989307,0.4959323341957682,0.4278312377279668,0.09011041348787434,0.755684133792167,0.40510547218135484,-0.03975787288812605
StarCraft,Uniform,Simulation Data,rounds,6,False,0.4711965240641711,0.36708556149732624,0.18798128342245984,0.6982754010695189,0.3943850267379678,0.0014371657754010815,0.49377068460782475,0.4301402686834207,0.15701107308058412,0.7797681883143742,0.46359021619492924,-0.07592133078252865
StarCraft,Uniform,Simulation Data,rounds,7,False,0.45030748663101605,0.397225935828877,0.2044986631016043,0.712379679144385,0.38199197860962586,0.004004010695187157,0.48081743863952503,0.46717699391171535,0.13916953197871276,0.7924981347773351,0.42288161922723205,-0.04927790739571773
StarCraft,Uniform,Simulation Data,rounds,8,False,0.4940307486631015,0.43684491978609635,0.20654411764705888,0.748489304812834,0.39803475935828886,0.008135026737967907,0.522249038544282,0.5185159918045216,0.14326003467086618,0.8203324492001772,0.46639119909013294,-0.04026094164482014
StarCraft,Uniform,Simulation Data,rounds,9,False,0.47911096256684493,0.4272125668449198,0.19629679144385026,0.7753810160427809,0.40830882352941184,0.015093582887700548,0.5243719132499173,0.5124872120770477,0.17706125721994648,0.8353514418021646,0.47435106818069495,-0.05057371055475816
StarCraft,Uniform,Simulation Data,rounds,10,False,0.42858957219251337,0.4459224598930481,0.1913970588235294,0.7859826203208555,0.37836229946524064,-0.010688502673796793,0.5030975046920511,0.5282663872842106,0.1555624580823517,0.8473619954694659,0.41279148210539435,-0.08426560499243634
StarCraft,Uniform,Simulation Data,rounds,11,False,0.46227941176470594,0.4885828877005347,0.17641042780748661,0.8040173796791441,0.39995320855614985,-0.005354278074866297,0.5245599287355274,0.5606880639768947,0.10825613250545862,0.8617869952152268,0.4550856075926938,-0.060649035534121716
StarCraft,Uniform,Simulation Data,rounds,12,False,0.5139572192513369,0.4974665775401069,0.15429812834224596,0.8211430481283422,0.41201871657754013,-0.001958556149732622,0.5636356720583052,0.5557213371254386,0.11686009702057738,0.871982398624175,0.47384299841792715,-0.07686414475327305
StarCraft,Uniform,Simulation Data,rounds,13,False,0.5026804812834225,0.4679344919786098,0.19502673796791445,0.8388302139037431,0.3911363636363636,-0.01036764705882352,0.5581629700206465,0.5225859764902075,0.14394268968282378,0.8813917961889848,0.46335071065424643,-0.08636295523406176
StarCraft,Uniform,Simulation Data,rounds,14,False,0.4895788770053477,0.47310160427807496,0.1791711229946524,0.8432620320855615,0.36876336898395723,0.01272058823529411,0.5671459050374548,0.5468149160846025,0.11139233732328155,0.8873135058154087,0.4352399592969762,-0.0726184299724949
StarCraft,Uniform,Simulation Data,rounds,15,False,0.5828475935828878,0.49097593582887705,0.19282085561497325,0.8484425133689838,0.43225935828877005,0.01983288770053475,0.6590747321380725,0.5682725503664835,0.13854074000203634,0.8872014571184214,0.4940277895886349,-0.06558940382705508
StarCraft,Uniform,Simulation Data,rounds,16,False,0.5570721925133689,0.4738970588235294,0.18149064171122992,0.8591176470588234,0.4408622994652407,0.02673128342245989,0.6156001320639274,0.5524141726831525,0.14927778269468864,0.8982903573378981,0.5156824282588078,-0.05259667228809189
StarCraft,Uniform,Simulation Data,rounds,17,False,0.6074999999999998,0.46294786096256685,0.16688502673796793,0.8636497326203209,0.40610962566844916,0.004732620320855608,0.6654361146797905,0.5478372649940345,0.14441835159483238,0.8980398329967995,0.48008900318807707,-0.08704858581101682
StarCraft,Uniform,Simulation Data,rounds,18,False,0.6191109625668448,0.5278475935828876,0.20366978609625666,0.8723195187165778,0.3812433155080214,0.02843582887700534,0.6893693668726796,0.5824477584443308,0.180168015569899,0.9066997061199185,0.4348462731641219,-0.07963114782734654
StarCraft,Uniform,Simulation Data,rounds,19,False,0.6193783422459894,0.4985160427807488,0.20467914438502674,0.8675802139037435,0.41268048128342244,0.00857620320855615,0.6872478710682813,0.5722291498549219,0.1855696811787369,0.9032782775730708,0.46875075419575835,-0.07857861194164459
StarCraft,Uniform,Simulation Data,rounds,20,False,0.6340106951871656,0.5079812834224601,0.15524064171122992,0.8735628342245987,0.4059959893048128,0.022419786096256687,0.7027519895981408,0.5813111315153574,0.13097635226920187,0.9098068502594902,0.459276984621638,-0.09003088988636129
StarCraft,Uniform,Simulation Data,rounds,21,False,0.6716310160427806,0.4887967914438503,0.18879010695187165,0.8739438502673798,0.38740641711229956,0.033422459893048144,0.7282340636454246,0.5741174913166465,0.1556206466463116,0.9083532221604267,0.44019928336119596,-0.06476513068999458
StarCraft,Uniform,Simulation Data,rounds,22,False,0.6443850267379677,0.48693850267379674,0.1659090909090909,0.89375,0.37411764705882355,0.011109625668449195,0.7054413840243119,0.5795306473103632,0.1062555869680744,0.9233795345432414,0.4369004731790826,-0.08125898492906314
StarCraft,Uniform,Simulation Data,rounds,23,False,0.6769385026737967,0.44998663101604264,0.20355614973262035,0.8913302139037432,0.3907152406417113,0.045133689839572194,0.7369180972940658,0.5208143029473394,0.16929335139120283,0.9217768446222628,0.4533235189279358,-0.052718858969676
StarCraft,Uniform,Simulation Data,rounds,24,False,0.6872660427807485,0.5380681818181817,0.1899933155080214,0.8999732620320856,0.40078208556149725,0.03216577540106952,0.7411713088148013,0.606707939305642,0.1399618176992532,0.9273687045488321,0.41797043831801306,-0.058821710522133724
StarCraft,Uniform,Simulation Data,rounds,25,False,0.6698529411764709,0.4835026737967913,0.18702540106951873,0.8998796791443852,0.3799197860962566,0.05264705882352942,0.7253719684344734,0.5654540034963266,0.1519117046562486,0.927917340171285,0.4299814162923341,-0.052921699490635674
StarCraft,Uniform,Simulation Data,rounds,26,False,0.670775401069519,0.46383021390374324,0.18030748663101598,0.9004344919786095,0.42479278074866317,0.04668449197860962,0.7218820273434303,0.5433266723969501,0.12497111817761139,0.9290513307828254,0.4644999497657723,-0.05586668762639408
StarCraft,Uniform,Simulation Data,rounds,27,False,0.6544184491978607,0.49508021390374346,0.17114973262032085,0.9096791443850265,0.3956684491978609,0.044284759358288746,0.7133785593787132,0.5510919746099251,0.13920026461687066,0.9330260498937858,0.4539332791045667,-0.06669378249160342
StarCraft,Uniform,Simulation Data,rounds,28,False,0.6715508021390376,0.5060360962566846,0.20242647058823518,0.9128609625668451,0.4590374331550802,0.06982620320855615,0.726810351412649,0.5927503562790097,0.15437026203874432,0.9360883865366566,0.5087816477816051,-0.041813162889574
StarCraft,Uniform,Simulation Data,rounds,29,False,0.6833422459893046,0.4983957219251337,0.1832018716577539,0.9164304812834224,0.38266042780748655,0.05810828877005347,0.753924739637251,0.569676753983886,0.13689567374901143,0.9390096204598501,0.4207650302715645,-0.04250726683893068
StarCraft,Uniform,Simulation Data,rounds,30,False,0.6815240641711228,0.4904411764705881,0.18286096256684484,0.914505347593583,0.3814371657754012,0.058181818181818175,0.7509402826393139,0.5619065202176909,0.13863324733347568,0.9375417098198342,0.4515540890635304,-0.03450188994561662
StarCraft,Uniform,Simulation Data,rounds,31,False,0.7023930481283424,0.4494585561497327,0.19854278074866308,0.9217914438502676,0.4364705882352941,0.04437165775401072,0.7613779233749192,0.5363472940471699,0.15631383191820358,0.9424763196968367,0.4839079838579435,-0.075119553676714
StarCraft,Uniform,Simulation Data,rounds,32,False,0.7111965240641712,0.44826203208556153,0.1769451871657754,0.9237433155080217,0.42573529411764693,0.05790106951871657,0.7795360864537483,0.5401935869148093,0.13565169873613753,0.944003664065731,0.48912071228942744,-0.05549473730818865
StarCraft,Uniform,Simulation Data,rounds,33,False,0.7329411764705881,0.44646390374331546,0.17151069518716577,0.9293917112299465,0.42758021390374323,0.06794786096256684,0.7885251566006274,0.5238025550833943,0.13489551502732056,0.947857459424557,0.48678883177142235,-0.04206775068469203
StarCraft,Uniform,Simulation Data,rounds,34,False,0.7346657754010696,0.4576604278074867,0.1770855614973263,0.9213034759358288,0.3887299465240642,0.04518716577540108,0.7825137649458693,0.5313204255494532,0.15727216014473344,0.9430523633685232,0.4609382105762632,-0.06791097236628774
StarCraft,Uniform,Simulation Data,finish_all_rounds,None,True,0.7318315508021389,0.3730080213903743,0.2129879679144385,0.9285026737967911,0.4110695187165775,0.2667580213903743,0.7872472223573673,0.434863579425969,0.16652524375200706,0.9472704028097882,0.478479094008822,0.1707594359385794
StarCraft,PL,Simulation Data,rounds,1,False,0.7649665775401069,0.613048128342246,0.6319251336898397,0.6714104278074866,0.34592914438502675,0.2707553475935829,0.8411873380512206,0.7334928544670691,0.7468217052414681,0.7041952422081007,0.45195314232927974,0.1820500661826932
StarCraft,PL,Simulation Data,rounds,2,False,0.5093850267379678,0.4177072192513369,0.3345855614973261,0.5384358288770054,0.30903074866310165,0.09282085561497323,0.4842820562000895,0.47331699887381673,0.40802581678694017,0.6013289746101729,0.3082106562300346,0.05117892835099535
StarCraft,PL,Simulation Data,rounds,3,False,0.4815641711229946,0.3372459893048129,0.25965909090909095,0.5726136363636363,0.3087232620320855,0.048776737967914444,0.49849515338921024,0.4057329858972729,0.2673553308007009,0.6548275427886858,0.32575882069574136,-0.02225405585980611
StarCraft,PL,Simulation Data,rounds,4,False,0.45080882352941176,0.37443181818181814,0.21936497326203214,0.6076470588235293,0.2999933155080214,0.018549465240641713,0.48936241756172877,0.4389825488274361,0.1860293613181758,0.7021039087685584,0.3381812236151275,-0.031042974443353178
StarCraft,PL,Simulation Data,rounds,5,False,0.43919117647058825,0.38334224598930483,0.1499264705882353,0.6556617647058824,0.3320454545454546,0.025929144385026737,0.46345149494467947,0.44290101102985147,0.08642141916803052,0.7483474096913192,0.3792080134163808,-0.019438356696390727
StarCraft,PL,Simulation Data,rounds,6,False,0.42406417112299477,0.3958823529411765,0.2051938502673796,0.6976403743315511,0.40374999999999983,0.005735294117647056,0.4665395126912334,0.45251160522310735,0.16975361141466785,0.776927778838041,0.4708925490206339,-0.051342811126365955
StarCraft,PL,Simulation Data,rounds,7,False,0.4401002673796791,0.38506016042780744,0.21175133689839576,0.7330681818181816,0.4093114973262033,0.01135026737967914,0.48277297899934907,0.4618763324870321,0.15291500572931083,0.8062059064930622,0.4532781810542529,-0.05618275512377356
StarCraft,PL,Simulation Data,rounds,8,False,0.46618983957219257,0.43912433155080216,0.15636363636363637,0.7625601604278076,0.41147058823529414,0.00239973262032086,0.5052839854883527,0.5060661624472217,0.09502316533694867,0.8279439413949858,0.4701322126626161,-0.06977880516692228
StarCraft,PL,Simulation Data,rounds,9,False,0.4576069518716578,0.424572192513369,0.18713235294117653,0.767840909090909,0.4148195187165775,-0.0028609625668449268,0.4883392232550584,0.5057762463113505,0.15867594598474236,0.8319217918483857,0.488823695930618,-0.07136181250393184
StarCraft,PL,Simulation Data,rounds,10,False,0.445033422459893,0.4544451871657752,0.20379010695187172,0.7929679144385027,0.3829679144385026,0.008449197860962565,0.4977292551826398,0.5300287167051497,0.18140524056493781,0.8505651858219178,0.4296586788459369,-0.05811806374075473
StarCraft,PL,Simulation Data,rounds,11,False,0.4856885026737969,0.5114171122994652,0.18442513368983957,0.8200334224598927,0.39879679144385044,0.02008021390374332,0.5412449528322802,0.604411888667331,0.14022308191778918,0.8719664892904554,0.44742490088148273,-0.05543519988480955
StarCraft,PL,Simulation Data,rounds,12,False,0.48643048128342237,0.49764037433155084,0.160394385026738,0.8280815508021392,0.4211096256684492,0.009625668449197869,0.5572559919774457,0.5764913449484549,0.11960291156426216,0.8754608369956342,0.4859468772358752,-0.08299731991515252
StarCraft,PL,Simulation Data,rounds,13,False,0.5004010695187165,0.45743983957219264,0.17523395721925134,0.8385628342245988,0.4194652406417112,0.011343582887700534,0.5448088833982816,0.5163509021559196,0.158542722358402,0.8819349245383418,0.48788940667305686,-0.0612276454007204
StarCraft,PL,Simulation Data,rounds,14,False,0.5331751336898395,0.46465909090909074,0.18669117647058825,0.8333957219251336,0.41511363636363624,0.012613636363636375,0.5909237206651692,0.5380867893963134,0.14042392417354538,0.8809297184202433,0.452503296826935,-0.061915329960291095
StarCraft,PL,Simulation Data,rounds,15,False,0.5512500000000001,0.42379679144385035,0.18543449197860964,0.8474598930481285,0.38008689839572196,0.020467914438502675,0.6100106890970003,0.4988569116486965,0.1256063557236518,0.8902317243579573,0.4434945756710309,-0.08729407077181209
StarCraft,PL,Simulation Data,rounds,16,False,0.576697860962567,0.5199064171122996,0.19657754010695194,0.855153743315508,0.3879679144385026,0.011504010695187155,0.6403712874818014,0.5948956035376932,0.1418502817688722,0.8947522761425339,0.43280664157424054,-0.08642546014647676
StarCraft,PL,Simulation Data,rounds,17,False,0.6124465240641712,0.45436497326203223,0.19401737967914442,0.8588636363636363,0.4339171122994653,0.019725935828877002,0.6770260557071882,0.5305375961637334,0.12554439705168416,0.8973995911221004,0.5030610872567989,-0.08388677807856909
StarCraft,PL,Simulation Data,rounds,18,False,0.6180414438502673,0.447774064171123,0.1678542780748664,0.8640909090909095,0.4001737967914439,0.019826203208556156,0.6895052620036266,0.5216231199423125,0.10435104396008747,0.9008024438066404,0.44282396892203957,-0.06280883858754877
StarCraft,PL,Simulation Data,rounds,19,False,0.6471122994652407,0.45703877005347593,0.18943850267379678,0.8694385026737972,0.3866844919786096,0.029926470588235297,0.6992915049035124,0.5297199210673041,0.1363025912434088,0.9044924023242199,0.45137380744048305,-0.0748648275303707
StarCraft,PL,Simulation Data,rounds,20,False,0.6390106951871656,0.4725267379679145,0.18718582887700536,0.8753542780748664,0.37084893048128337,0.021189839572192507,0.6973331924287998,0.5444010240868132,0.13395170742935236,0.9119733291140563,0.41261071563813173,-0.08977887776449324
StarCraft,PL,Simulation Data,rounds,21,False,0.6533957219251338,0.4709024064171123,0.18657085561497325,0.8815374331550799,0.4167580213903742,0.022653743315508006,0.7056773513040246,0.5391020743318123,0.15497604297677575,0.9145319871331031,0.4641695200806889,-0.09270320916319777
StarCraft,PL,Simulation Data,rounds,22,False,0.6292179144385026,0.49054144385026743,0.2136697860962567,0.8886497326203211,0.3920855614973262,0.039378342245989295,0.6864995775263876,0.5443739534486159,0.15828134639891328,0.9198769452965518,0.4458793997557411,-0.042183918173438056
StarCraft,PL,Simulation Data,rounds,23,False,0.6628943850267379,0.4544518716577539,0.1915307486631016,0.8918248663101602,0.3982286096256685,0.02775401069518719,0.7241585492126148,0.5465746404169259,0.13226471694121814,0.922616704005971,0.46830192768821133,-0.07273879719116133
StarCraft,PL,Simulation Data,rounds,24,False,0.6804612299465239,0.45253342245989303,0.20651069518716578,0.9031617647058826,0.43339572192513365,0.028455882352941178,0.7410913648525007,0.5289862988521135,0.15825489833771744,0.9299246397133417,0.4884875139122776,-0.0870407367490935
StarCraft,PL,Simulation Data,rounds,25,False,0.6534893048128342,0.4758088235294118,0.17096925133689841,0.9017379679144384,0.3939304812834225,0.04,0.7036884973982166,0.5528078519702478,0.11949080255637703,0.9302597334737294,0.45120797602270907,-0.060263155355267745
StarCraft,PL,Simulation Data,rounds,26,False,0.6669251336898395,0.4729144385026738,0.17040775401069513,0.9030481283422459,0.41803475935828877,0.03901737967914438,0.7289502792897058,0.5475608222491454,0.09630978663291756,0.928820232114458,0.46996688455683105,-0.058086107847778796
StarCraft,PL,Simulation Data,rounds,27,False,0.6676537433155082,0.5004545454545453,0.17812165775401073,0.9094852941176472,0.3997192513368983,0.04665775401069519,0.7329569022365768,0.5726776598024288,0.1286706749109028,0.9332632109458937,0.45556102909589896,-0.06829162764406038
StarCraft,PL,Simulation Data,rounds,28,False,0.6735160427807486,0.49277406417112296,0.1885828877005347,0.9121991978609626,0.3888435828877006,0.05684491978609627,0.7343406872178321,0.5581707108224656,0.13512471628125153,0.9367018343385021,0.4475932287882327,-0.042013300358796496
StarCraft,PL,Simulation Data,rounds,29,False,0.6986831550802137,0.4812032085561496,0.19871657754010694,0.9220922459893045,0.3895855614973262,0.055133689839572175,0.758197403770838,0.5600192451073887,0.17143496342027284,0.9419173331834533,0.4593417829710414,-0.04775507471121778
StarCraft,PL,Simulation Data,rounds,30,False,0.6989772727272726,0.5136764705882354,0.1831751336898396,0.9198262032085558,0.40541443850267384,0.048643048128342234,0.7678907894163101,0.5764970661118026,0.13883935892006036,0.9417561336049479,0.45515912672523706,-0.06806245469315558
StarCraft,PL,Simulation Data,rounds,31,False,0.6861497326203208,0.49012032085561513,0.18571524064171122,0.9212433155080211,0.3814438502673798,0.05691176470588235,0.7531704907394052,0.5478377082591989,0.15043242323511372,0.9418685025239572,0.4429566075291894,-0.046537037747195885
StarCraft,PL,Simulation Data,rounds,32,False,0.6957954545454546,0.5261497326203208,0.17298128342245986,0.9272526737967917,0.42629679144385024,0.06272727272727273,0.7591247440636938,0.6028659213534141,0.09709090338314388,0.9462463172329634,0.47355983531023205,-0.06175838448670308
StarCraft,PL,Simulation Data,rounds,33,False,0.723783422459893,0.49538770053475933,0.17812834224598922,0.9223596256684492,0.38586229946524075,0.05439839572192512,0.773489950908308,0.5622957257386277,0.1442771836168623,0.9418623082206449,0.443172017279241,-0.049980273801175326
StarCraft,PL,Simulation Data,rounds,34,False,0.724418449197861,0.49401069518716584,0.16325534759358296,0.9191443850267379,0.40222593582887695,0.0550735294117647,0.7779388290178253,0.5607696888199412,0.1407383522357455,0.9412500809678622,0.4407155668530603,-0.0770559910054863
StarCraft,PL,Simulation Data,finish_all_rounds,None,True,0.7141978609625669,0.3848796791443851,0.16788101604278075,0.922352941176471,0.40114973262032083,0.2637232620320855,0.7742756626465643,0.43947948289921046,0.13505593743675803,0.9442482016241945,0.460741260892746,0.17105036803169985
StarCraft,Normal,Simulation Data,rounds,1,False,0.7813502673796792,0.6126871657754013,0.6326403743315507,0.6807419786096256,0.4385962566844919,0.25550133689839577,0.8531928013331117,0.7287207730825586,0.7459541825334931,0.7010091809634159,0.5216594607788085,0.17802132397303982
StarCraft,Normal,Simulation Data,rounds,2,False,0.4760895721925133,0.4106550802139036,0.359879679144385,0.5186497326203208,0.27040775401069517,0.08923796791443853,0.4637758560234734,0.45986515569317227,0.43292106993736296,0.5868658557683378,0.2703684537939004,0.03021134146628357
StarCraft,Normal,Simulation Data,rounds,3,False,0.46078877005347607,0.32568850267379673,0.2267245989304813,0.55822192513369,0.2854679144385026,0.04266711229946525,0.4663028024043856,0.3830278471948654,0.22093574861500923,0.6634951420422484,0.33314625834448686,0.0013123590726162406
StarCraft,Normal,Simulation Data,rounds,4,False,0.437720588235294,0.3231951871657754,0.2187767379679145,0.6235427807486632,0.3076671122994653,0.010982620320855611,0.4821048007586757,0.33289917634510574,0.18837608591455182,0.7156859257248466,0.34934103451652404,-0.03176044240985578
StarCraft,Normal,Simulation Data,rounds,5,False,0.4749598930481283,0.37490641711229955,0.16785427807486633,0.6322927807486632,0.38649732620320854,0.005681818181818181,0.49082976593133665,0.43298446775348526,0.10804988358819494,0.724386814729333,0.44704914736133355,-0.05814649937260243
StarCraft,Normal,Simulation Data,rounds,6,False,0.47723930481283416,0.40892379679144375,0.21673796791443847,0.7002139037433156,0.3264371657754011,0.0034959893048128366,0.5025082250222389,0.4577540162855442,0.17209797326223,0.7804283416993819,0.3662086828313095,-0.048629145835565615
StarCraft,Normal,Simulation Data,rounds,7,False,0.44949197860962575,0.4092112299465241,0.17250000000000004,0.7443248663101607,0.4113101604278075,0.012620320855614972,0.466426052093165,0.4841393546932941,0.13287911432432606,0.8134375197208991,0.45926255406593436,-0.055202524567493916
StarCraft,Normal,Simulation Data,rounds,8,False,0.43795454545454526,0.43298128342245973,0.2022526737967915,0.7390909090909092,0.43082887700534767,-0.00535427807486631,0.46999349224113723,0.515370357787074,0.1582023081802582,0.8147336471019685,0.4933966045406554,-0.06320311933808827
StarCraft,Normal,Simulation Data,rounds,9,False,0.4188770053475936,0.43862967914438494,0.18088903743315504,0.763389037433155,0.3886764705882353,0.0019318181818181767,0.4455015493848731,0.5045576952403273,0.15053786141131226,0.8320306351532207,0.4366370202083729,-0.059826485979565094
StarCraft,Normal,Simulation Data,rounds,10,False,0.48243315508021384,0.43643048128342243,0.21187165775401073,0.7791844919786096,0.39338903743315506,0.0038435828877005384,0.5217002596695255,0.5024907176736008,0.15355507933777937,0.8430702514527546,0.43739306167681674,-0.07022246503162974
StarCraft,Normal,Simulation Data,rounds,11,False,0.4818716577540107,0.4548061497326204,0.17114973262032085,0.8053676470588236,0.411470588235294,0.009866310160427806,0.5350201280193347,0.5415423320454272,0.12487870144177458,0.862225442203128,0.47148205893070105,-0.061183210624817796
StarCraft,Normal,Simulation Data,rounds,12,False,0.4841042780748664,0.4768917112299464,0.21162433155080218,0.8167513368983959,0.4340173796791442,-0.001096256684491983,0.5564295166995972,0.5627182937188906,0.19202984040959728,0.8670162251383715,0.4757956738427895,-0.10574882378508678
StarCraft,Normal,Simulation Data,rounds,13,False,0.493014705882353,0.46362967914438513,0.16598262032085564,0.8381885026737969,0.39950534759358286,0.0033221925133689865,0.5412309447911684,0.5548707983841968,0.11162577354939864,0.8817117565247204,0.46470612777462733,-0.0776409382862918
StarCraft,Normal,Simulation Data,rounds,14,False,0.5067580213903743,0.5065842245989305,0.17825534759358289,0.8375534759358287,0.41219919786096254,7.35294117647034e-05,0.5727158517033756,0.5764204218272715,0.1239965844871256,0.8814989508772634,0.4733146378512278,-0.08212005973957208
StarCraft,Normal,Simulation Data,rounds,15,False,0.5682486631016045,0.5178475935828877,0.18883021390374335,0.864017379679144,0.4107954545454544,0.023074866310160428,0.6415552207327495,0.6018618215709521,0.15964556571271138,0.9003660840318863,0.4409883735506393,-0.06277619779311344
StarCraft,Normal,Simulation Data,rounds,16,False,0.5786831550802138,0.42115641711229956,0.2016443850267379,0.8507620320855613,0.41743315508021395,0.011276737967914431,0.6468534608042006,0.5121297452308035,0.16888491664320854,0.8893947529530034,0.4823481700631341,-0.06960465053533671
StarCraft,Normal,Simulation Data,rounds,17,False,0.5975401069518717,0.505701871657754,0.1841711229946524,0.8579545454545452,0.4476403743315508,0.0034959893048128275,0.66838611988433,0.5653010616259124,0.1314615903443544,0.8951373629214505,0.5128953157222164,-0.10265733574016732
StarCraft,Normal,Simulation Data,rounds,18,False,0.6222192513368983,0.5199732620320855,0.2184893048128342,0.8693983957219248,0.36154411764705885,0.019812834224598924,0.6798765092858193,0.5767369487162773,0.20037454005546673,0.9045147935502874,0.39834839426317104,-0.05541468110546255
StarCraft,Normal,Simulation Data,rounds,19,False,0.6502874331550801,0.48692513368983936,0.16867647058823532,0.8715441176470587,0.3691176470588235,0.01147727272727275,0.7083758366828207,0.562064038260787,0.126668410793531,0.9076248087000829,0.42340220027130726,-0.07123458139555708
StarCraft,Normal,Simulation Data,rounds,20,False,0.647927807486631,0.4698128342245988,0.21389705882352936,0.8709826203208556,0.41625,0.017693850267379675,0.7061420149665207,0.5512135955053816,0.18953845840751452,0.9073373195144712,0.48256384005365605,-0.06120018530448397
StarCraft,Normal,Simulation Data,rounds,21,False,0.6410494652406417,0.5015842245989307,0.2215508021390374,0.8769652406417111,0.40640374331550805,0.03065508021390375,0.7039290846122488,0.5649153455386319,0.186037743530569,0.9105830935905179,0.4936228364726813,-0.06426427532800068
StarCraft,Normal,Simulation Data,rounds,22,False,0.6571122994652407,0.4569318181818182,0.18535427807486635,0.8875868983957217,0.39210561497326196,0.02364973262032085,0.7089296178547612,0.5296301642848527,0.14491643682726144,0.9188166706966389,0.4684166399984621,-0.07395384755033668
StarCraft,Normal,Simulation Data,rounds,23,False,0.6363502673796794,0.49542780748663107,0.17939171122994654,0.894197860962567,0.3988569518716578,0.06016042780748663,0.692453853081917,0.5819698279254075,0.15322380118980095,0.9234787282975684,0.44658795030409826,-0.05391363290629313
StarCraft,Normal,Simulation Data,rounds,24,False,0.7046724598930483,0.46293449197860964,0.1963302139037433,0.8975334224598935,0.4389037433155078,0.044852941176470595,0.7522293218711291,0.5479444242481607,0.15889435569357424,0.9280870192948683,0.48291028366788474,-0.059483652563349046
StarCraft,Normal,Simulation Data,rounds,25,False,0.6651671122994652,0.47682486631016047,0.20291443850267385,0.8983689839572189,0.3972526737967913,0.051610962566844894,0.7147392968995367,0.554477744611663,0.1684386642428386,0.9253449764436822,0.4579284873753465,-0.06151955327707087
StarCraft,Normal,Simulation Data,rounds,26,False,0.6811631016042781,0.47118315508021374,0.196403743315508,0.9073462566844923,0.4027339572192513,0.05694518716577541,0.7381133448921088,0.5303338367806102,0.13192718972395623,0.9345847681583237,0.44814392047471935,-0.051057687576345774
StarCraft,Normal,Simulation Data,rounds,27,False,0.6651002673796791,0.4931216577540107,0.19157754010695185,0.909157754010695,0.4209692513368985,0.052366310160427795,0.7222345611638397,0.5723989669441392,0.17082163052824978,0.934370638192459,0.46935841919967314,-0.055997479441728844
StarCraft,Normal,Simulation Data,rounds,28,False,0.6968315508021391,0.4659959893048129,0.19413770053475932,0.913890374331551,0.4408288770053476,0.03711229946524064,0.7459684124605539,0.5344161880380769,0.16556201881401664,0.9361425689959869,0.4921093227586656,-0.06967724936864067
StarCraft,Normal,Simulation Data,rounds,29,False,0.702914438502674,0.469197860962567,0.18522058823529416,0.9129946524064172,0.4130748663101604,0.05303475935828876,0.7614757573847786,0.5509801279678114,0.1412870528212556,0.9358106610805282,0.46531777108629074,-0.05512367608076803
StarCraft,Normal,Simulation Data,rounds,30,False,0.683890374331551,0.4658155080213905,0.19584893048128343,0.9128609625668451,0.4061229946524065,0.04810160427807487,0.7520274548371042,0.5508767202666428,0.15024830074543183,0.9362394340473935,0.4415715599704355,-0.06405817925694937
StarCraft,Normal,Simulation Data,rounds,31,False,0.7004278074866308,0.505207219251337,0.19117647058823525,0.9126804812834226,0.41774064171123,0.05606951871657756,0.768653711033918,0.5739811632537147,0.15287820784548836,0.936844877126491,0.47639977155914726,-0.059402453528543626
StarCraft,Normal,Simulation Data,rounds,32,False,0.7165106951871658,0.4807687165775401,0.20610294117647063,0.9216644385026737,0.40789438502673797,0.061544117647058805,0.7726964447374405,0.5589497374727335,0.1663798187717042,0.9428111303580233,0.43832902605832963,-0.04381021949987637
StarCraft,Normal,Simulation Data,rounds,33,False,0.727379679144385,0.4814438502673796,0.18532085561497325,0.9184959893048128,0.4000200534759357,0.06930481283422459,0.7897710433595931,0.5536060501696509,0.1453739141711017,0.9391876331244382,0.44849773716352653,-0.055601950650691324
StarCraft,Normal,Simulation Data,rounds,34,False,0.7128275401069518,0.518375668449198,0.1749197860962566,0.9225935828877005,0.40923796791443856,0.059050802139037406,0.7695939397680128,0.5952735145248009,0.12020366163487527,0.9420978656901383,0.46593471613318116,-0.07227828153279302
StarCraft,Normal,Simulation Data,finish_all_rounds,None,True,0.7176804812834224,0.35290106951871647,0.18523395721925134,0.9237901069518718,0.44098262032085545,0.2946056149732621,0.7778053723136488,0.41938856773091815,0.13833669796944328,0.9447583729272666,0.4954644738666463,0.16560724982271308
StarCraft,MultiGaussian,Simulation Data,rounds,1,False,0.7673997326203208,0.6448863636363636,0.6292379679144384,0.6829211229946524,0.38332887700534746,0.2686965240641711,0.842609888357524,0.7538919925214229,0.743968448337652,0.7170053759698993,0.4645673198955948,0.1704746628847298
StarCraft,MultiGaussian,Simulation Data,rounds,2,False,0.4978475935828878,0.4188502673796793,0.37733957219251335,0.5551203208556148,0.32401069518716574,0.08153074866310163,0.4928133126477835,0.4689145114180588,0.42606656352690386,0.6305633089134066,0.3250837013265898,0.009854031574344559
StarCraft,MultiGaussian,Simulation Data,rounds,3,False,0.4804411764705885,0.30243983957219256,0.21547459893048126,0.5579144385026736,0.31059491978609627,0.025040106951871654,0.4923027332349761,0.33388504317582524,0.2241440782733586,0.6577250886995486,0.33710628784307645,-0.021877063221706863
StarCraft,MultiGaussian,Simulation Data,rounds,4,False,0.44951203208556145,0.3384491978609625,0.205461229946524,0.5995387700534758,0.3424532085561498,0.031838235294117646,0.4773708776516725,0.3959045292585881,0.19371926449554144,0.7037286224978304,0.38040568388391516,-0.024103960194835725
StarCraft,MultiGaussian,Simulation Data,rounds,5,False,0.4475534759358289,0.3742379679144385,0.19181149732620326,0.6599331550802141,0.3394919786096257,0.03290106951871659,0.4798315582522246,0.43271040285798196,0.14944908411971203,0.7470640659678981,0.37599925007366286,-0.05377567962033759
StarCraft,MultiGaussian,Simulation Data,rounds,6,False,0.44786764705882365,0.38423128342246005,0.18582887700534756,0.6846724598930478,0.41556149732620307,0.0025200534759358306,0.49191222367449916,0.4703041324667045,0.13754144408174213,0.7690694912440165,0.44833303971701,-0.06346017489230545
StarCraft,MultiGaussian,Simulation Data,rounds,7,False,0.44280080213903744,0.402379679144385,0.19543449197860965,0.7158021390374333,0.40278074866310165,0.0068048128342246,0.49240067851173364,0.47390069655942,0.16069762891569644,0.793534989569491,0.43727746863786093,-0.062294979663788004
StarCraft,MultiGaussian,Simulation Data,rounds,8,False,0.4427673796791444,0.4157820855614972,0.17068850267379676,0.758181818181818,0.45747326203208566,-0.008669786096256677,0.4959429554480391,0.4986781331988137,0.09737911030584126,0.8255053374842296,0.5258228459924185,-0.08506058420355042
StarCraft,MultiGaussian,Simulation Data,rounds,9,False,0.4510895721925134,0.4466377005347594,0.2125267379679145,0.767767379679144,0.3889304812834225,0.00788101604278075,0.4919491605895739,0.5164956548837787,0.19047824679950712,0.8353514141778811,0.4276196201619755,-0.058517440245547496
StarCraft,MultiGaussian,Simulation Data,rounds,10,False,0.4840040106951872,0.4576336898395723,0.2128008021390375,0.7829144385026736,0.42784759358288765,0.002613636363636365,0.5208825934540061,0.5181093715919378,0.16480837140981852,0.8460465586711495,0.504814303852439,-0.048062911350882004
StarCraft,MultiGaussian,Simulation Data,rounds,11,False,0.49785427807486643,0.44883689839572194,0.23514037433155077,0.8105882352941178,0.39404411764705893,0.015514705882352944,0.562060499502611,0.5295594266921578,0.19010797780361788,0.8642857766941653,0.42753548134538716,-0.06807223202585147
StarCraft,MultiGaussian,Simulation Data,rounds,12,False,0.5153810160427807,0.47457887700534757,0.19422459893048127,0.8189973262032084,0.42350267379679146,0.018014705882352954,0.5811132110697772,0.5526703743076379,0.15672911027963282,0.8697831567433072,0.46054989442540856,-0.06946986735754647
StarCraft,MultiGaussian,Simulation Data,rounds,13,False,0.49016042780748664,0.488582887700535,0.18574197860962566,0.8393382352941177,0.3917112299465241,0.0038368983957219214,0.5484612961157777,0.5604884902434317,0.12198884332960606,0.8834862648007475,0.44838976835328487,-0.05557921756728129
StarCraft,MultiGaussian,Simulation Data,rounds,14,False,0.5087767379679146,0.47844251336898397,0.15743983957219249,0.8394318181818182,0.42541443850267385,-0.0036564171122994682,0.5830759519137436,0.5551875218808311,0.10866894907059238,0.8843734595305709,0.47038259888893336,-0.08020667557064484
StarCraft,MultiGaussian,Simulation Data,rounds,15,False,0.5656951871657752,0.4995454545454547,0.18887032085561498,0.8529344919786097,0.3899999999999999,0.009244652406417107,0.6359363782480089,0.5810053590696094,0.1462621277039842,0.8927228568524438,0.4520300968937675,-0.07104876292016195
StarCraft,MultiGaussian,Simulation Data,rounds,16,False,0.5959224598930482,0.4802005347593583,0.18440508021390373,0.8559759358288771,0.414451871657754,0.016530748663101613,0.6585828151779818,0.5426283184972824,0.12933703340125485,0.8949637610250768,0.4615384250557898,-0.06091987303766392
StarCraft,MultiGaussian,Simulation Data,rounds,17,False,0.5922994652406417,0.4759893048128342,0.19705882352941173,0.8678409090909088,0.42106283422459895,0.028014705882352945,0.6550748749979648,0.5550168130343558,0.15723031934209308,0.9028118769547282,0.45942124668314965,-0.06685318149341156
StarCraft,MultiGaussian,Simulation Data,rounds,18,False,0.617566844919786,0.4883288770053476,0.1803877005347594,0.8758221925133691,0.42336229946524084,0.016390374331550786,0.6759101841492005,0.5627950090563008,0.11430335011840433,0.9103035535906393,0.48024584874686965,-0.09780268654694256
StarCraft,MultiGaussian,Simulation Data,rounds,19,False,0.6324933155080215,0.43788770053475945,0.17718582887700532,0.8696590909090909,0.42010026737967904,0.018008021390374326,0.6947756333279316,0.5089460580740842,0.12702033196091247,0.9060221711089281,0.46955352225454483,-0.07022186742746542
StarCraft,MultiGaussian,Simulation Data,rounds,20,False,0.6568983957219251,0.4711697860962567,0.16558155080213902,0.877881016042781,0.487072192513369,0.03707219251336899,0.7093412430316173,0.5423720087785325,0.14976032747890933,0.9120315896117803,0.5291769364885882,-0.07118372527994374
StarCraft,MultiGaussian,Simulation Data,rounds,21,False,0.6488235294117649,0.4677272727272729,0.18276737967914436,0.8803074866310162,0.4257486631016043,0.02331550802139037,0.6961068575924199,0.542688313647231,0.15282338052224037,0.9154293665380199,0.47336358395274863,-0.052330873041277044
StarCraft,MultiGaussian,Simulation Data,rounds,22,False,0.6598729946524063,0.46444518716577554,0.1930414438502673,0.8858422459893047,0.4236229946524064,0.024919786096256686,0.7177990497282447,0.544797818385819,0.1527914834869297,0.9175165492886092,0.4879807336338058,-0.06171458786353967
StarCraft,MultiGaussian,Simulation Data,rounds,23,False,0.6428074866310162,0.46666443850267375,0.2099197860962567,0.8928208556149732,0.4181350267379678,0.03140374331550802,0.703857388382295,0.5295939985682462,0.16249663663943192,0.924367154383471,0.47663936704751914,-0.05362211777249033
StarCraft,MultiGaussian,Simulation Data,rounds,24,False,0.6599732620320857,0.4702072192513368,0.18073529411764708,0.8972593582887701,0.44592245989304824,0.02199197860962568,0.7202630126678206,0.5361237865867622,0.11824863652597023,0.9246814114467377,0.5089718834433212,-0.07531072447387391
StarCraft,MultiGaussian,Simulation Data,rounds,25,False,0.6388302139037433,0.48556818181818173,0.15606951871657757,0.9060360962566846,0.41047459893048127,0.04668449197860961,0.692169073552609,0.5616265900736546,0.12019164033136706,0.9311292319025519,0.47013161545852383,-0.05734972475748031
StarCraft,MultiGaussian,Simulation Data,rounds,26,False,0.6687098930481283,0.47221925133689835,0.20798796791443844,0.9042513368983957,0.4068382352941176,0.039879679144385026,0.7262921601074023,0.5218506993021491,0.17169233380794857,0.9303916268516612,0.46640048505032183,-0.06831182852517206
StarCraft,MultiGaussian,Simulation Data,rounds,27,False,0.6779278074866311,0.46044117647058813,0.18588235294117642,0.9116778074866312,0.40317513368983965,0.02596256684491979,0.7437190192738347,0.5340579691967221,0.1393082545395078,0.9345457702685489,0.45073252934934205,-0.10415333365968976
StarCraft,MultiGaussian,Simulation Data,rounds,28,False,0.6606149732620322,0.46409759358288755,0.2056417112299465,0.9130614973262031,0.39683155080213894,0.01814839572192513,0.7226410152424403,0.5420511267933218,0.16792419974449369,0.937896114518767,0.4550605748445048,-0.07658700847894824
StarCraft,MultiGaussian,Simulation Data,rounds,29,False,0.6748930481283425,0.4897393048128342,0.1757286096256684,0.9221524064171124,0.41539438502673803,0.059471925133689874,0.7366373476315938,0.5592410956353924,0.1597958442383446,0.9426737539186704,0.47728752822484405,-0.050605156845886186
StarCraft,MultiGaussian,Simulation Data,rounds,30,False,0.697172459893048,0.4607286096256685,0.2158155080213903,0.9192179144385025,0.38468582887700525,0.05754010695187166,0.7609404795709778,0.5347636224400536,0.16879807736757935,0.939784343835435,0.42971899620379717,-0.06022762319996816
StarCraft,MultiGaussian,Simulation Data,rounds,31,False,0.6980548128342248,0.4898328877005349,0.18802139037433147,0.918850267379679,0.4086564171122995,0.05627005347593584,0.759126274585482,0.5711650005539703,0.15206617756902474,0.93997192357572,0.4586926850715568,-0.04074337753517599
StarCraft,MultiGaussian,Simulation Data,rounds,32,False,0.7197994652406416,0.5121524064171123,0.18245320855614974,0.9295454545454548,0.4108957219251336,0.04933823529411765,0.7848216217743831,0.5657140550432436,0.13508546942293387,0.9472430931345133,0.44939639761437533,-0.06114064656691558
StarCraft,MultiGaussian,Simulation Data,rounds,33,False,0.7298596256684492,0.45430481283422475,0.19303475935828882,0.9285160427807487,0.40219251336898415,0.05776737967914439,0.7835362343278861,0.537000695053575,0.1618330497944494,0.94761499571233,0.46904222390250605,-0.047305396653028166
StarCraft,MultiGaussian,Simulation Data,rounds,34,False,0.7062901069518718,0.46544786096256685,0.2024799465240642,0.9263903743315506,0.39274064171123,0.057780748663101594,0.7642906442888473,0.5379717317903882,0.15201354002146913,0.9464618686581145,0.44681178574447167,-0.059429764437417515
StarCraft,MultiGaussian,Simulation Data,finish_all_rounds,None,True,0.717433155080214,0.3405882352941177,0.21568181818181814,0.9223663101604279,0.38078208556149756,0.28026737967914434,0.7790287074483727,0.3921572852277198,0.17462799192512893,0.9428304762638012,0.42820761700084,0.1679745034393836
Tennis,,Real Data,rounds,1,False,0.7524665775401067,0.6224264705882352,0.6627005347593582,0.6217580213903744,0.30936497326203216,0.2935227272727272,0.8329315339217759,0.7395899299841708,0.7706651963204407,0.668930035185847,0.41087273947238034,0.17111219523128046
Tennis,,Real Data,rounds,2,False,0.45681818181818196,0.3981283422459893,0.335788770053476,0.4690307486631017,0.2660427807486632,0.09556818181818182,0.45707657458161804,0.4560067470798228,0.3962568065822152,0.5563954745275538,0.2765127392667849,0.03069386287444626
Tennis,,Real Data,rounds,3,False,0.3787165775401069,0.3478141711229947,0.2618181818181819,0.5056684491978611,0.29001336898395724,0.047359625668449194,0.3884952510033831,0.38687436756913557,0.2536027069075184,0.6087818371233961,0.3286732184359017,-0.02927301922320989
Tennis,,Real Data,rounds,4,False,0.38202540106951866,0.3630213903743316,0.16548128342245988,0.5748128342245988,0.31439171122994647,0.03255347593582887,0.40017642601859227,0.41187582869455774,0.1468447737112583,0.679337579814612,0.3466476367134379,-0.02026107715142405
Tennis,,Real Data,rounds,5,False,0.3738836898395722,0.3380280748663101,0.19336229946524072,0.5893181818181819,0.3593516042780749,0.025895721925133692,0.38493103762293013,0.3935126838835207,0.15536327529921112,0.6990632431226822,0.40277951839531434,-0.030885892682390167
Tennis,,Real Data,rounds,6,False,0.4081951871657754,0.32970588235294124,0.1843716577540107,0.6442713903743315,0.3844852941176471,0.0004344919786096324,0.4544219732204597,0.4430681021565445,0.12434577912172609,0.7431025198910625,0.45593156092361503,-0.059477054467181635
Tennis,,Real Data,rounds,7,False,0.41221925133689824,0.4191109625668451,0.20184491978609626,0.6448328877005348,0.3861296791443851,0.0200668449197861,0.46436129161098366,0.50504502513425,0.14856429414474806,0.7513885195168857,0.43492129934424517,-0.03852627263674974
Tennis,,Real Data,rounds,8,False,0.44076871657754,0.42244652406417105,0.19459224598930475,0.7133221925133693,0.40700534759358287,0.02627673796791444,0.4788097301391452,0.5124017885377594,0.14663868287129136,0.7997480688373446,0.48231999926779723,-0.062257239203068124
Tennis,,Real Data,rounds,9,False,0.42283422459893055,0.39931149732620325,0.17187165775401067,0.7384157754010694,0.38011363636363626,0.022580213903743308,0.4758558410397231,0.46974727414761014,0.1457902377322959,0.819339709572594,0.44534001592665384,-0.06135234027340303
Tennis,,Real Data,rounds,10,False,0.43353609625668454,0.4281417112299465,0.1899598930481283,0.752894385026738,0.3880213903743316,0.021965240641711233,0.5100005720462226,0.5059223726992202,0.13345691545071944,0.8307714664267614,0.45945018360684253,-0.0621107950225252
Tennis,,Real Data,rounds,11,False,0.43177139037433165,0.4801804812834224,0.20564839572192511,0.7888703208556147,0.3979745989304812,0.010066844919786098,0.5170499467803633,0.5618996833844243,0.18626371571328304,0.8530927723446488,0.4726680386676499,-0.07153936138522926
Tennis,,Real Data,rounds,12,False,0.4591711229946523,0.4431885026737969,0.19903074866310164,0.7979411764705882,0.3739906417112298,0.015267379679144388,0.5462528237944609,0.5402650929118057,0.165499876988268,0.8610029043395703,0.4130695770573065,-0.08065260340935981
Tennis,,Real Data,rounds,13,False,0.4682687165775401,0.47356283422459894,0.15409759358288772,0.801096256684492,0.40312165775401054,0.019391711229946523,0.5393841960666951,0.5591644780480037,0.09518984747962955,0.8637283773089132,0.4743693544529341,-0.05731894093786274
Tennis,,Real Data,rounds,14,False,0.45977941176470594,0.5228877005347594,0.20680481283422458,0.8273729946524065,0.3931885026737969,0.023348930481283423,0.5407107568069734,0.6088740126702958,0.1666963525011184,0.8774812555647125,0.4536889702481096,-0.06716698160083022
Tennis,,Real Data,rounds,15,False,0.47108288770053475,0.465427807486631,0.20170454545454547,0.8383288770053476,0.4362834224598931,0.025648395721925125,0.5755112812895021,0.5690552110974401,0.1759325571905827,0.8868494851408306,0.5116938435750236,-0.07532115277363247
Tennis,,Real Data,rounds,16,False,0.5327540106951872,0.4756617647058824,0.20488636363636367,0.8421724598930485,0.3894919786096257,0.034766042780748685,0.6181063564232063,0.5536693108348982,0.169152184830732,0.8884414653741001,0.41897421142693814,-0.04995430125924252
Tennis,,Real Data,rounds,17,False,0.5555949197860961,0.45768048128342254,0.17863636363636362,0.8331483957219252,0.3580280748663101,0.029558823529411776,0.6455758486677036,0.548492495326683,0.14934925882433572,0.8836852335207334,0.4288802878984586,-0.06270684021027702
Tennis,,Real Data,rounds,18,False,0.6267179144385027,0.45953208556149727,0.2108957219251337,0.8547593582887704,0.37870320855614975,0.02216577540106953,0.7099159388751625,0.5584690895879988,0.15627459560245283,0.8991385296036671,0.4168747341236811,-0.08343044000322143
Tennis,,Real Data,rounds,19,False,0.5898863636363637,0.45272727272727276,0.17450534759358288,0.8584959893048126,0.422072192513369,0.01670454545454545,0.677640759121008,0.5548358777735989,0.1472711588095435,0.9012383890280272,0.48795912467544994,-0.09610355249867915
Tennis,,Real Data,rounds,20,False,0.6210962566844919,0.4372326203208555,0.22201203208556153,0.8628342245989308,0.3990040106951871,0.047987967914438504,0.6988710482545224,0.5388218487610147,0.16932439937548435,0.9047927087534725,0.4512099254330376,-0.07126971963545561
Tennis,,Real Data,rounds,21,False,0.6166778074866308,0.4604010695187166,0.202860962566845,0.8600200534759358,0.3927540106951873,0.02926470588235294,0.6880508641278545,0.5378967356901283,0.15537203117903028,0.9030389823166938,0.451196676906379,-0.08535681499476197
Tennis,,Real Data,rounds,22,False,0.609157754010695,0.47425133689839577,0.18862967914438503,0.8830080213903742,0.38537433155080214,0.027887700534759367,0.6928582574440592,0.5554389001305727,0.15770761786140716,0.919798630365182,0.450850074971325,-0.06004802717620319
Tennis,,Real Data,rounds,23,False,0.631062834224599,0.4659358288770054,0.20233288770053476,0.8809224598930482,0.3770989304812835,0.05042112299465242,0.7022084287076347,0.5556258730345801,0.169476396879555,0.9178950415079791,0.41464118965435304,-0.061067289775293576
Tennis,,Real Data,rounds,24,False,0.6236697860962568,0.44553475935828885,0.18550133689839568,0.8898328877005348,0.3882219251336898,0.035481283422459896,0.7071800045289223,0.5354225976900246,0.16772135948316838,0.9247846352260507,0.44656525405239955,-0.10077264542561984
Tennis,,Real Data,rounds,25,False,0.5995120320855615,0.4483556149732619,0.1892847593582887,0.8898128342245991,0.37393048128342266,0.011116310160427818,0.6843724793992536,0.5477944384634518,0.13541993494422025,0.9244141025457948,0.43540954854655306,-0.11703372124276354
Tennis,,Real Data,rounds,26,False,0.6103409090909093,0.46348262032085563,0.17000668449197867,0.8949264705882356,0.42014705882352954,0.03572192513368983,0.6977306114769771,0.5635346457663192,0.10103937820779266,0.9277111363482428,0.502632300020524,-0.07674676744634018
Tennis,,Real Data,rounds,27,False,0.5976737967914438,0.45408422459893033,0.1927540106951872,0.8934625668449196,0.376403743315508,0.03818850267379678,0.6901623893165235,0.5460712429257505,0.13499007119169934,0.9268769963988173,0.4635276700077601,-0.07619905420936807
Tennis,,Real Data,rounds,28,False,0.6548796791443852,0.4796457219251335,0.20461898395721925,0.899866310160428,0.4046390374331551,0.040875668449197856,0.7456635110643763,0.5712071983343793,0.17019461305888173,0.93000928049532,0.4888126165998209,-0.0750689266762562
Tennis,,Real Data,rounds,29,False,0.6365775401069519,0.48731283422459903,0.1762433155080214,0.9033355614973263,0.36828877005347593,0.02737967914438503,0.7227318230811507,0.5717806931107448,0.12992605251176007,0.9335728391762941,0.41787530493838276,-0.10174335916669806
Tennis,,Real Data,rounds,30,False,0.6152807486631016,0.44848930481283417,0.17450534759358288,0.9130548128342245,0.3618582887700535,0.04966577540106953,0.7162002017441186,0.5359999521657337,0.1282431604473968,0.939500053730497,0.4271401744016598,-0.08375963963199543
Tennis,,Real Data,rounds,31,False,0.6440975935828878,0.49153743315508014,0.2073128342245989,0.9087366310160427,0.407105614973262,0.04262700534759359,0.7375273201647714,0.577266813105474,0.1648562214033573,0.9356805540609722,0.464325050797962,-0.07999291155137551
Tennis,,Real Data,rounds,32,False,0.6543114973262033,0.4476069518716579,0.1952874331550802,0.9114438502673798,0.38485962566844917,0.05434491978609626,0.7421681198169235,0.5320428296590479,0.17168210210302523,0.9381390371943962,0.44538859821082555,-0.08029423425005776
Tennis,,Real Data,rounds,33,False,0.6795187165775399,0.44412433155080216,0.20266711229946516,0.9149799465240642,0.36636363636363634,0.074024064171123,0.7626860461678955,0.5289612315336988,0.14722598571033105,0.9408224301487597,0.4458981526228849,-0.03292179607181925
Tennis,,Real Data,rounds,34,False,0.6933088235294117,0.48685160427807495,0.20332887700534766,0.9168181818181819,0.35224598930481293,0.05947860962566846,0.7674487820598981,0.5635535196121565,0.1463408061175735,0.941427143412702,0.4004791442118536,-0.07774016549024823
Tennis,,Real Data,finish_all_rounds,None,True,0.6760695187165776,0.3737299465240642,0.18427807486631015,0.9084024064171123,0.3775200534759358,0.2753342245989305,0.7626553791474566,0.46400853094081285,0.19556420568646485,0.936640843946408,0.4246117799005799,0.1675368317346679
Tennis,Uniform,Simulation Data,rounds,1,False,0.7118181818181817,0.6026737967914438,0.6532419786096255,0.6754278074866309,0.33535427807486634,0.2863636363636364,0.8036302157322482,0.7258230337694487,0.7623051409669348,0.7119372833243436,0.44023633105309584,0.15650710002062848
Tennis,Uniform,Simulation Data,rounds,2,False,0.4830347593582887,0.3756350267379679,0.3448262032085562,0.48751336898395736,0.25955882352941173,0.07617647058823528,0.5133478406790073,0.42705123367231124,0.40884970285509964,0.5696688784385194,0.2691543092526104,0.03150378982417822
Tennis,Uniform,Simulation Data,rounds,3,False,0.381470588235294,0.29796122994652413,0.250889037433155,0.5254344919786095,0.2747794117647059,0.03131684491978612,0.3860803704850996,0.3346778206925635,0.2359800940029365,0.6188642860546572,0.31862502243732516,-0.006929897209071359
Tennis,Uniform,Simulation Data,rounds,4,False,0.3696457219251338,0.3631417112299465,0.18596925133689843,0.5871724598930481,0.32900401069518714,0.03585561497326202,0.40319878542387544,0.4278258009142853,0.15296071399962463,0.6894377474126208,0.3818164727171694,-0.03497836432959054
Tennis,Uniform,Simulation Data,rounds,5,False,0.3708422459893048,0.33977272727272717,0.20125668449197856,0.5722794117647059,0.363135026737968,0.023709893048128348,0.40653783636991003,0.4169120415105161,0.1702071664592353,0.6896656347083123,0.41222622441333123,-0.05644765581920261
Tennis,Uniform,Simulation Data,rounds,6,False,0.4205815508021391,0.3389371657754012,0.17029411764705882,0.65076871657754,0.39530080213903745,0.01514037433155081,0.44143815887114457,0.39823587147667544,0.13043903471043394,0.7512994249271843,0.44952765708980985,-0.04226877999011444
Tennis,Uniform,Simulation Data,rounds,7,False,0.40034090909090897,0.36214572192513367,0.2107286096256685,0.6901136363636364,0.392620320855615,0.023810160427807477,0.4504575382697078,0.4340795392171025,0.14340548849365567,0.780877275489185,0.45373201689330467,-0.05010866572782847
Tennis,Uniform,Simulation Data,rounds,8,False,0.4308957219251336,0.4019050802139036,0.1824331550802139,0.7222994652406416,0.43245989304812815,0.02834224598930481,0.48940954013108867,0.4805736079187108,0.1317025128637585,0.8076203800536806,0.4965001053108909,-0.050043350779165385
Tennis,Uniform,Simulation Data,rounds,9,False,0.4505347593582887,0.4370655080213905,0.1854278074866309,0.7595922459893047,0.4004879679144386,0.02129679144385028,0.5102097176633817,0.5320811857756272,0.1457414920727385,0.8319245450840954,0.47034175137508727,-0.04161572174971294
Tennis,Uniform,Simulation Data,rounds,10,False,0.43543449197860956,0.4241443850267382,0.19507352941176476,0.7884558823529412,0.3741510695187166,0.022466577540106936,0.5064736053721237,0.4914597226950493,0.13316558509503082,0.855571846829533,0.4446347786682974,-0.056436423417551035
Tennis,Uniform,Simulation Data,rounds,11,False,0.46609625668449206,0.45139705882352943,0.18913101604278076,0.791042780748663,0.39587566844919775,0.019552139037433157,0.5273850683566933,0.5431337096709035,0.15488701809758892,0.8541790584174539,0.46091759700225304,-0.06982749399543985
Tennis,Uniform,Simulation Data,rounds,12,False,0.50072192513369,0.46030748663101584,0.16035427807486635,0.7984893048128343,0.38187165775401055,0.01685160427807486,0.5713035362586454,0.5653284472496086,0.14395644124482693,0.8595347498068283,0.44559993447935264,-0.0726899090316459
Tennis,Uniform,Simulation Data,rounds,13,False,0.44127673796791433,0.4626470588235294,0.20252005347593588,0.813803475935829,0.3511764705882353,0.028776737967914433,0.5262064278979603,0.5368213427038859,0.15863082937952183,0.8695234271895138,0.4126549341989972,-0.08607580896011692
Tennis,Uniform,Simulation Data,rounds,14,False,0.4908355614973261,0.44596256684491997,0.20824197860962562,0.812794117647059,0.37618315508021394,0.02712566844919787,0.5622069588349061,0.5229808969654676,0.18342092776928112,0.8668240741947426,0.43269425765615166,-0.060611836425422554
Tennis,Uniform,Simulation Data,rounds,15,False,0.5033890374331551,0.4677339572192513,0.2149131016042781,0.8166978609625669,0.37785427807486627,0.016824866310160422,0.5934032740731723,0.5678092469659327,0.18289528927873827,0.8715025628957238,0.4312226806406562,-0.08275994999257325
Tennis,Uniform,Simulation Data,rounds,16,False,0.5188101604278075,0.4590040106951873,0.19666443850267373,0.8395120320855615,0.41537433155080217,0.028442513368983954,0.614002827622882,0.5655190071170384,0.1758216618048221,0.8874061751850398,0.480562994649373,-0.08762396912840828
Tennis,Uniform,Simulation Data,rounds,17,False,0.5499131016042782,0.47425133689839577,0.18500668449197857,0.84254679144385,0.39556149732620327,0.02179144385026737,0.6434713143148838,0.5752749142098956,0.14704572082173198,0.8880381830265268,0.46051639686056073,-0.09769004547568212
Tennis,Uniform,Simulation Data,rounds,18,False,0.5801002673796792,0.48499999999999993,0.17997326203208552,0.8484625668449197,0.40800802139037423,0.03608288770053476,0.6670672301844577,0.5609059382460109,0.1118642678604348,0.893214325061528,0.4898552485263848,-0.07659273826341197
Tennis,Uniform,Simulation Data,rounds,19,False,0.5856617647058822,0.43145721925133684,0.19792780748663097,0.8592513368983957,0.3819385026737968,0.027874331550802146,0.6681249424941307,0.5215909583628041,0.17774367552679496,0.9003677001519486,0.43046416081856426,-0.08280418460830091
Tennis,Uniform,Simulation Data,rounds,20,False,0.6176470588235293,0.4147860962566846,0.2197526737967915,0.8672393048128337,0.39975267379679147,0.016102941176470587,0.6953108043966892,0.5028031905243222,0.19492382416826004,0.9071448517564633,0.4677948541774124,-0.10531006921976299
Tennis,Uniform,Simulation Data,rounds,21,False,0.6272860962566843,0.4359224598930481,0.1837633689839572,0.8621925133689838,0.39523395721925125,0.014411764705882346,0.7095852205881986,0.526060998787703,0.1727264918535507,0.9051246304029209,0.4579983076025728,-0.09307035342109928
Tennis,Uniform,Simulation Data,rounds,22,False,0.6086029411764706,0.4545387700534761,0.17332887700534755,0.8764705882352939,0.3963770053475935,0.03690508021390375,0.6810636909890604,0.5413488414810677,0.14606790600198885,0.9139251761383049,0.4576417408751942,-0.07151338896200628
Tennis,Uniform,Simulation Data,rounds,23,False,0.5942780748663103,0.44774732620320845,0.1824064171122995,0.8741711229946522,0.33969251336898415,0.04666443850267381,0.6781275304610023,0.5530376895519153,0.1650537452049811,0.9137643613702928,0.3948066793656724,-0.0689246069990645
Tennis,Uniform,Simulation Data,rounds,24,False,0.5596858288770055,0.48826203208556157,0.1721991978609626,0.8754344919786101,0.4205481283422461,0.030568181818181817,0.6553860138397972,0.5603905697826446,0.14959132284639856,0.9162901544364708,0.4939718150543936,-0.10118020489795888
Tennis,Uniform,Simulation Data,rounds,25,False,0.6410160427807489,0.4825668449197862,0.17852272727272728,0.900802139037433,0.36770721925133687,0.04540106951871658,0.7239539247464161,0.5641427014827495,0.14764752946904025,0.9309972114161968,0.4157121323590553,-0.05399052644418154
Tennis,Uniform,Simulation Data,rounds,26,False,0.6165574866310163,0.47761363636363646,0.16917780748663105,0.8915842245989306,0.363870320855615,0.034144385026737965,0.7098965367926502,0.5609208902154955,0.1297870053662233,0.9252879795188058,0.4179978469820537,-0.08525511272393624
Tennis,Uniform,Simulation Data,rounds,27,False,0.6324197860962567,0.46932486631016046,0.18643716577540115,0.8919451871657755,0.4137098930481282,0.04943181818181818,0.7131220766169067,0.5564526724470222,0.14271267050823902,0.9263642937173092,0.48345647044872686,-0.07969048453651634
Tennis,Uniform,Simulation Data,rounds,28,False,0.609451871657754,0.4419986631016041,0.19839572192513366,0.9023462566844919,0.3541844919786097,0.05170454545454545,0.7021289727286256,0.5437053163013297,0.1608498125366087,0.9317935746983359,0.4165841493269231,-0.0806736367749315
Tennis,Uniform,Simulation Data,rounds,29,False,0.6358823529411762,0.4613903743315507,0.19055481283422465,0.9098328877005349,0.3515173796791445,0.016798128342245987,0.7280580914815666,0.5573399017540979,0.15629546182686543,0.9378160945614425,0.41290556862061123,-0.10612302390375387
Tennis,Uniform,Simulation Data,rounds,30,False,0.638014705882353,0.48422459893048125,0.20548796791443852,0.903890374331551,0.4001737967914439,0.039418449197860965,0.7299161880079146,0.5634112671662366,0.17261718035280343,0.932484952524589,0.4599482131558321,-0.09296901663021932
Tennis,Uniform,Simulation Data,rounds,31,False,0.653770053475936,0.4616510695187166,0.18805481283422462,0.9137633689839574,0.4215641711229945,0.05020053475935831,0.7374104900763966,0.5572014770651648,0.15795441774898827,0.9408946667898754,0.49633930821965144,-0.07038767876368625
Tennis,Uniform,Simulation Data,rounds,32,False,0.6325735294117647,0.44058155080213907,0.19892379679144379,0.9159291443850269,0.377774064171123,0.03600267379679144,0.7262315869946525,0.5298282386287014,0.1447319604832602,0.9417018299853033,0.42509126728133606,-0.0908237033039261
Tennis,Uniform,Simulation Data,rounds,33,False,0.6844919786096257,0.45971925133689845,0.17110962566844914,0.9065574866310161,0.3837700534759358,0.05412433155080214,0.7653168643973309,0.5536594493724076,0.11889974900016728,0.9357578446130487,0.43208791379933603,-0.08943541766414141
Tennis,Uniform,Simulation Data,rounds,34,False,0.6908756684491978,0.464211229946524,0.19056149732620323,0.9151002673796792,0.3721524064171123,0.045882352941176464,0.7680533434221524,0.5587383234510092,0.1594425264166252,0.9419972506872586,0.43856148985693266,-0.0764438497943583
Tennis,Uniform,Simulation Data,finish_all_rounds,None,True,0.6792446524064172,0.3517713903743315,0.23328208556149735,0.9195588235294117,0.32909090909090905,0.28537433155080216,0.7615195203154858,0.434880266417912,0.22732057271145936,0.9445657688682444,0.39159317297315127,0.16019398475061902
Tennis,PL,Simulation Data,rounds,1,False,0.6984826203208556,0.6081885026737969,0.6441911764705882,0.6391310160427808,0.3357419786096256,0.2831350267379679,0.7947722905512784,0.7305785786730858,0.7552838665719672,0.682039350638562,0.4388866183471844,0.16079866122290454
Tennis,PL,Simulation Data,rounds,2,False,0.41667780748663097,0.3977807486631015,0.34052807486631026,0.47316176470588256,0.2910093582887701,0.10522727272727275,0.3860345623101174,0.44909901953190934,0.38404387882842905,0.5469505302901728,0.28792230939783525,0.03360765193663432
Tennis,PL,Simulation Data,rounds,3,False,0.3793649732620321,0.33241310160427817,0.23358957219251336,0.5390106951871657,0.3058622994652407,0.036530748663101596,0.38966563746490196,0.3834624609727972,0.2530638565001998,0.6368024508534584,0.35165498919671945,-0.0348791223771129
Tennis,PL,Simulation Data,rounds,4,False,0.40413770053475934,0.34574866310160424,0.21276737967914436,0.5336497326203208,0.2639639037433154,0.03615641711229947,0.4353981239597185,0.40553221953734153,0.19687233998866,0.6554670596688124,0.3191839766044944,-0.019977764137624837
Tennis,PL,Simulation Data,rounds,5,False,0.39424465240641715,0.37997994652406425,0.20740641711229946,0.5837901069518717,0.33620989304812826,0.01784759358288769,0.43537353443889015,0.45695289958124635,0.168314416374433,0.6916462640281447,0.39723262935507314,-0.03305859302435402
Tennis,PL,Simulation Data,rounds,6,False,0.36686497326203216,0.35744652406417105,0.19260026737967917,0.6558756684491978,0.34881016042780755,0.016290106951871663,0.4177367259465998,0.42311018899884656,0.16527104683125607,0.7552228851779157,0.40816725854151087,-0.055780499038766536
Tennis,PL,Simulation Data,rounds,7,False,0.4161831550802138,0.3622125668449198,0.19304144385026742,0.6977072192513368,0.3899866310160429,0.022840909090909092,0.47628501921462424,0.4336330101940288,0.14324717342625856,0.7865650987824756,0.4512135354278996,-0.04155056531658619
Tennis,PL,Simulation Data,rounds,8,False,0.4035762032085561,0.41860962566844906,0.197072192513369,0.7159625668449198,0.39096925133689836,0.031223262032085558,0.44726763813870163,0.5138044780770147,0.1500920041997934,0.8004101688361692,0.4586148328549042,-0.05691866467266725
Tennis,PL,Simulation Data,rounds,9,False,0.41679144385026723,0.44076871657753997,0.19661764705882348,0.742827540106952,0.3947393048128342,0.019739304812834226,0.48908420799689933,0.5409125446266138,0.19470832127883056,0.823317975736916,0.4684423554785924,-0.07068714560618876
Tennis,PL,Simulation Data,rounds,10,False,0.437413101604278,0.4655414438502673,0.15059491978609627,0.7862232620320855,0.35883689839572197,0.007941176470588238,0.5121971764081041,0.5441887318376404,0.14124383864978085,0.8482051378911264,0.408413275892633,-0.06504849225242051
Tennis,PL,Simulation Data,rounds,11,False,0.4549999999999999,0.47889705882352934,0.1679679144385026,0.7730548128342243,0.38330213903743315,0.017640374331550798,0.5369128521581954,0.556991656828417,0.14923892409666548,0.8420817875025558,0.4372498464351802,-0.0773306534819896
Tennis,PL,Simulation Data,rounds,12,False,0.4668917112299466,0.4303810160427809,0.19478609625668458,0.8029211229946525,0.3663569518716577,0.01671122994652406,0.5452010694504168,0.5167776174091444,0.1669414473561673,0.8631958939470274,0.4127453514060219,-0.09214879104287318
Tennis,PL,Simulation Data,rounds,13,False,0.47727941176470595,0.4658021390374331,0.18267379679144383,0.8115307486631019,0.3957085561497326,0.026631016042780748,0.5667400796492337,0.5627954070121581,0.1649095908728074,0.868860111972769,0.4648605084669129,-0.07408778458105603
Tennis,PL,Simulation Data,rounds,14,False,0.4941243315508022,0.464351604278075,0.20516042780748658,0.818870320855615,0.3688903743315508,0.029037433155080217,0.5867132765746481,0.5672965618699757,0.18302386257633063,0.8720399884680146,0.4166554466854398,-0.07736457406414833
Tennis,PL,Simulation Data,rounds,15,False,0.5177740641711229,0.4651403743315507,0.20626336898395714,0.8482754010695186,0.38003342245989324,0.01644385026737968,0.5947391562160984,0.5678096074701865,0.1526989702862968,0.8932386954954354,0.43584597831406596,-0.08839159923780433
Tennis,PL,Simulation Data,rounds,16,False,0.49008021390374346,0.42754010695187167,0.2000868983957219,0.8211697860962565,0.36197192513369,0.03341577540106952,0.5804556898206341,0.5087627590147589,0.1514495114126219,0.8749532608350746,0.40227423815819535,-0.06365826232312785
Tennis,PL,Simulation Data,rounds,17,False,0.559725935828877,0.4387500000000001,0.20486631016042783,0.843048128342246,0.36489973262032094,0.03578208556149734,0.6525946392727424,0.5341033842231865,0.16203617530061876,0.8891843882684805,0.3970611236470839,-0.06646335754339719
Tennis,PL,Simulation Data,rounds,18,False,0.6051403743315509,0.4644318181818182,0.17094251336898392,0.8502139037433156,0.42120989304812845,0.024057486631016034,0.6814209006726203,0.5665356807119051,0.13279831022927613,0.8944815267579699,0.48857006434575756,-0.09964957397462502
Tennis,PL,Simulation Data,rounds,19,False,0.6062700534759358,0.43965240641711234,0.1752005347593583,0.8572794117647061,0.3689104278074865,0.030889037433155065,0.6909708443949953,0.5263393785203943,0.1368143797375386,0.902402125364067,0.46108792216992733,-0.08613362270672605
Tennis,PL,Simulation Data,rounds,20,False,0.577586898395722,0.4834959893048128,0.17010026737967915,0.8757219251336901,0.396851604278075,0.031089572192513383,0.6713098008802674,0.582652031826534,0.16356546613028136,0.9138748111169869,0.45297330936448366,-0.0819264745169149
Tennis,PL,Simulation Data,rounds,21,False,0.6003475935828878,0.4293449197860964,0.1928409090909091,0.8772526737967915,0.3990307486631016,0.0374331550802139,0.6868834651973625,0.5158834558140142,0.1515488711699525,0.9143384198436881,0.45379557661444436,-0.06965640848146583
Tennis,PL,Simulation Data,rounds,22,False,0.6264973262032085,0.45105614973262037,0.1786631016042781,0.8740508021390373,0.3926671122994653,0.04622994652406419,0.6966421119370331,0.543493693320126,0.1331478977912759,0.9127858845018101,0.4553351882828553,-0.06035983366972017
Tennis,PL,Simulation Data,rounds,23,False,0.6095187165775402,0.4562232620320856,0.18989973262032087,0.8822459893048128,0.3709692513368983,0.041209893048128346,0.6856216961783274,0.5439121070059386,0.15639001998046834,0.9188212751195313,0.42479137331702416,-0.07404107274541243
Tennis,PL,Simulation Data,rounds,24,False,0.613683155080214,0.4466176470588234,0.1868716577540107,0.8847727272727275,0.39576203208556143,0.044264705882352935,0.7002555816389362,0.5420399446718993,0.13621758010040583,0.9192602800764214,0.4512851892266715,-0.08614489429493823
Tennis,PL,Simulation Data,rounds,25,False,0.6109558823529412,0.468475935828877,0.17034759358288765,0.8864572192513367,0.36331550802139034,0.05055481283422459,0.6999955082708444,0.5593650027646462,0.14275314055345423,0.9217728473607981,0.4098525725858183,-0.05868296811034126
Tennis,PL,Simulation Data,rounds,26,False,0.6240975935828876,0.4755748663101603,0.1830414438502674,0.8989772727272728,0.3827540106951872,0.045401069518716565,0.7046691611723895,0.5471276220672283,0.14017270855507083,0.9304621234832718,0.4654424291828345,-0.09840100845914827
Tennis,PL,Simulation Data,rounds,27,False,0.6291377005347594,0.4750066844919787,0.16675133689839572,0.9017981283422456,0.3950066844919786,0.025060160427807496,0.7157436439804123,0.5703865045654468,0.13526460492683004,0.9327060133692135,0.4562999944150851,-0.07658370382490784
Tennis,PL,Simulation Data,rounds,28,False,0.6302673796791445,0.4824197860962567,0.20169117647058818,0.9011163101604276,0.4008021390374331,0.025173796791443846,0.7204668770891404,0.5688563629198086,0.19683704724530124,0.9318091750399691,0.44927701749496973,-0.07740877161333704
Tennis,PL,Simulation Data,rounds,29,False,0.618355614973262,0.46205882352941197,0.18141711229946528,0.901965240641711,0.38260026737967906,0.042266042780748664,0.7131715326766538,0.5394954781727822,0.10293782518026884,0.9333252500225112,0.45494235143230577,-0.07932375152533791
Tennis,PL,Simulation Data,rounds,30,False,0.6375133689839572,0.45699866310160436,0.1761831550802139,0.9100267379679142,0.37379679144385025,0.07577540106951872,0.7308972300978961,0.5431067299522712,0.14227137722288682,0.9387725772189403,0.4536880051257149,-0.05033629663500791
Tennis,PL,Simulation Data,rounds,31,False,0.6427272727272725,0.4404478609625668,0.1657820855614973,0.9110561497326206,0.40526737967914445,0.02299465240641712,0.7253498046579463,0.5248635636836856,0.1510734793270131,0.9362401465126575,0.4830301048621055,-0.11177868517133534
Tennis,PL,Simulation Data,rounds,32,False,0.6716711229946523,0.4792312834224601,0.18403743315508014,0.918395721925134,0.37114304812834237,0.048255347593582895,0.7533975606054963,0.5768491140445292,0.15494566338981944,0.9426579259096843,0.4298980335623572,-0.08958017696794578
Tennis,PL,Simulation Data,rounds,33,False,0.6922794117647058,0.4873195187165774,0.1911229946524064,0.92048128342246,0.38376336898395713,0.05201871657754009,0.7701037036181348,0.599395505277037,0.14528959888229148,0.9451321996714138,0.4326386413949319,-0.06673232229899057
Tennis,PL,Simulation Data,rounds,34,False,0.667707219251337,0.4491644385026738,0.21656417112299453,0.9160160427807484,0.41345588235294123,0.0520187165775401,0.7548729825733198,0.5460973208338691,0.17391459153203964,0.94101694083024,0.4876870989673089,-0.06411789896030902
Tennis,PL,Simulation Data,finish_all_rounds,None,True,0.6875334224598934,0.3197994652406418,0.2100334224598931,0.9123529411764703,0.3832286096256685,0.2711163101604278,0.7693933736897016,0.37048025598333617,0.17190797602689167,0.9393733059889665,0.445806237758024,0.14621876778716728
Tennis,Normal,Simulation Data,rounds,1,False,0.7191310160427808,0.624966577540107,0.6126470588235295,0.595327540106952,0.30733288770053474,0.27540106951871657,0.8100594057189368,0.7406305799132612,0.7338873882335103,0.6554298428239569,0.4222152149449052,0.1666029501652657
Tennis,Normal,Simulation Data,rounds,2,False,0.4986096256684492,0.3524131016042781,0.3762633689839572,0.48666443850267394,0.30111631016042784,0.09147727272727271,0.5041619403334459,0.4018907330845275,0.4472074850698256,0.5786314361280804,0.3296548924696981,0.026074188228953656
Tennis,Normal,Simulation Data,rounds,3,False,0.3812633689839573,0.3083689839572193,0.24102941176470588,0.4854278074866311,0.27086229946524065,0.026784759358288772,0.38842429117529337,0.3427141922574263,0.2459724312696033,0.5861759878281698,0.309613863859669,-0.011569187368056432
Tennis,Normal,Simulation Data,rounds,4,False,0.35816176470588246,0.36379679144385024,0.18839572192513365,0.5651403743315508,0.2672393048128342,0.03115641711229948,0.3837261124080081,0.4249113767345374,0.17376756393449788,0.6723340266574351,0.3062613243777767,-0.02453872038668394
Tennis,Normal,Simulation Data,rounds,5,False,0.3937566844919786,0.37183823529411775,0.1718917112299465,0.5798663101604279,0.336336898395722,0.030721925133689848,0.40743872603306214,0.45165447789256674,0.1372671457561682,0.6909802232344137,0.4002102577065235,-0.039376687785210696
Tennis,Normal,Simulation Data,rounds,6,False,0.3843181818181818,0.38340909090909103,0.19584893048128335,0.6169385026737968,0.356524064171123,0.03461229946524064,0.39975331201016445,0.4391805283850516,0.15147839815839798,0.7238047437993567,0.43108865086729325,-0.043006376352244136
Tennis,Normal,Simulation Data,rounds,7,False,0.40327540106951865,0.40993983957219254,0.21069518716577537,0.6797125668449199,0.3883088235294118,0.018368983957219257,0.4561035025314781,0.4833746390674392,0.17993505652714398,0.7754781775222211,0.43766189093042857,-0.05663235108990057
Tennis,Normal,Simulation Data,rounds,8,False,0.45681149732620335,0.4369385026737968,0.19862299465240646,0.7000802139037435,0.40911096256684487,0.02089572192513369,0.5015241693025084,0.5144236247235979,0.16772383321596812,0.7936789993031609,0.48388960896026695,-0.07431632313746163
Tennis,Normal,Simulation Data,rounds,9,False,0.433663101604278,0.392433155080214,0.16906417112299466,0.7578609625668449,0.37558155080213906,0.006858288770053478,0.4906711382145941,0.4797621771586708,0.11269148308140112,0.8310248775032815,0.45678081745432847,-0.05709308137078386
Tennis,Normal,Simulation Data,rounds,10,False,0.4533355614973262,0.4666310160427806,0.18695187165775398,0.7800401069518714,0.37951203208556145,0.027633689839572196,0.5343342694905264,0.5470470998567499,0.1425628623524368,0.8475618681168584,0.432101597625856,-0.056237933936818
Tennis,Normal,Simulation Data,rounds,11,False,0.46083556149732613,0.46994652406417114,0.1665975935828877,0.8029411764705882,0.36550802139037425,0.02818850267379678,0.5493665227346933,0.5612270134458581,0.11035852904484479,0.8612579712404969,0.43184037477638143,-0.049448070462474056
Tennis,Normal,Simulation Data,rounds,12,False,0.4558155080213904,0.44147727272727283,0.18338235294117644,0.8132620320855614,0.3839705882352941,0.03330882352941175,0.5333484046957069,0.5469403080174857,0.137812366509192,0.8685950288210138,0.47864085217279956,-0.0661391607984254
Tennis,Normal,Simulation Data,rounds,13,False,0.4539304812834225,0.48807486631016034,0.20427807486631014,0.815568181818182,0.3789104278074867,0.033756684491978606,0.5310184994970277,0.5766675101756014,0.16076311777883417,0.8693777222551191,0.43954820425603197,-0.054792092204607484
Tennis,Normal,Simulation Data,rounds,14,False,0.4682954545454545,0.459899732620321,0.19733288770053478,0.814024064171123,0.383322192513369,0.03191844919786095,0.572539803692961,0.5502765514424128,0.1779043786164253,0.8668855414435589,0.4550696754889549,-0.08078252851313705
Tennis,Normal,Simulation Data,rounds,15,False,0.5146724598930481,0.42165106951871656,0.17391711229946524,0.8135160427807484,0.41318181818181826,0.04788101604278078,0.6072344367582869,0.5158679784593013,0.1337173029254194,0.8697365032737457,0.47704014757933455,-0.057682313895131905
Tennis,Normal,Simulation Data,rounds,16,False,0.5276069518716576,0.46512032085561494,0.18896390374331554,0.8373796791443852,0.37462566844919776,0.026270053475935817,0.6196473644764438,0.5439487267468028,0.18952749032784055,0.8863879523236252,0.41776321811883027,-0.07547495014329714
Tennis,Normal,Simulation Data,rounds,17,False,0.5566644385026737,0.47167112299465247,0.20895053475935824,0.8418983957219253,0.37423128342245987,0.03562834224598931,0.6523493437679119,0.5667861814708329,0.18896141142778888,0.8878170408365336,0.42514812249214273,-0.07681015166750213
Tennis,Normal,Simulation Data,rounds,18,False,0.6162232620320856,0.4567312834224599,0.2043181818181818,0.8530280748663103,0.3437366310160428,0.032386363636363644,0.6877298060870983,0.5356251540863587,0.180804327394611,0.8965511664492865,0.40809741323024423,-0.08733864249710915
Tennis,Normal,Simulation Data,rounds,19,False,0.5806684491978611,0.45989304812834214,0.17907754010695187,0.8535895721925134,0.3805280748663102,0.021296791443850268,0.6732047399928173,0.5481901300454389,0.14160362567365867,0.8969649492051556,0.43791918074872926,-0.07435752488166716
Tennis,Normal,Simulation Data,rounds,20,False,0.6011430481283422,0.46184491978609643,0.19800802139037438,0.8604545454545454,0.39632352941176485,0.03322192513368983,0.6736533179203661,0.5395637107857306,0.158895542866024,0.9013799837482073,0.4575780827825538,-0.07579034842298155
Tennis,Normal,Simulation Data,rounds,21,False,0.6005213903743314,0.48534090909090916,0.21179812834224596,0.8550601604278075,0.3967513368983957,0.024177807486631023,0.6817409419912017,0.5712890777305139,0.15635408331492717,0.9006441865123201,0.44602915348408423,-0.0992707884261396
Tennis,Normal,Simulation Data,rounds,22,False,0.5937499999999999,0.43767379679144386,0.19794117647058826,0.8676203208556149,0.3987299465240642,0.032887700534759354,0.6791225557049456,0.5239889141772269,0.1439327697417584,0.9083337910099902,0.4542417379635473,-0.09261826243033035
Tennis,Normal,Simulation Data,rounds,23,False,0.6415641711229948,0.452620320855615,0.18316844919786096,0.864431818181818,0.34776737967914445,0.02165106951871658,0.722341549437424,0.5218840329833013,0.1556285767641921,0.9070361534026494,0.39458020477363076,-0.08524523380703142
Tennis,Normal,Simulation Data,rounds,24,False,0.6044451871657756,0.45228609625668453,0.16296791443850267,0.8735360962566845,0.3521256684491978,0.0341711229946524,0.6992694264314064,0.5383983103799899,0.12646210535206653,0.9133648586594814,0.4233517904888746,-0.09204106462207956
Tennis,Normal,Simulation Data,rounds,25,False,0.6174732620320855,0.48979278074866306,0.15912433155080216,0.8867045454545459,0.37826203208556164,0.018763368983957217,0.6936080572120666,0.5682668175036968,0.11359439226492185,0.9214186169597964,0.430011245150985,-0.09890073306317766
Tennis,Normal,Simulation Data,rounds,26,False,0.5977540106951873,0.4284893048128343,0.18303475935828872,0.8913368983957218,0.40929144385026733,0.038836898395721936,0.6861153946346412,0.5145711321517692,0.14808674408295855,0.9256611213169721,0.47503953318645437,-0.07642101001196794
Tennis,Normal,Simulation Data,rounds,27,False,0.6183155080213906,0.45205213903743313,0.1959224598930481,0.8954010695187167,0.37983957219251335,0.031209893048128337,0.7077791651493368,0.5300562301824998,0.15881362640534458,0.9273014921254265,0.4434622280778784,-0.08941429792348334
Tennis,Normal,Simulation Data,rounds,28,False,0.6070454545454547,0.475053475935829,0.22239973262032087,0.9067379679144385,0.3838836898395723,0.06469251336898395,0.6908224418614677,0.5604091270195531,0.19962376285959121,0.9356067043404808,0.43990177590657104,-0.06587531535564757
Tennis,Normal,Simulation Data,rounds,29,False,0.6155414438502674,0.48728609625668445,0.17957219251336898,0.9021122994652405,0.3548729946524064,0.0655548128342246,0.70399636780825,0.5753116438079416,0.13603791017166833,0.93294947619532,0.3926345487383255,-0.057434632825346145
Tennis,Normal,Simulation Data,rounds,30,False,0.6244919786096257,0.4490374331550801,0.19481283422459889,0.9120187165775401,0.4096724598930481,0.049478609625668434,0.7196685628131013,0.5448749579056562,0.14187876923139503,0.9384236033185591,0.4439068149108342,-0.07489680464031875
Tennis,Normal,Simulation Data,rounds,31,False,0.6748195187165777,0.4502339572192512,0.18293449197860961,0.9111363636363636,0.3518850267379679,0.050755347593582856,0.7567323089866852,0.5338606487079948,0.15086541720100294,0.9377670908875058,0.3940253780803814,-0.08528180371910897
Tennis,Normal,Simulation Data,rounds,32,False,0.6879679144385026,0.4598529411764705,0.2063636363636363,0.9212566844919787,0.3987299465240642,0.04824197860962567,0.7695267682485067,0.5372320206824862,0.17308251251789145,0.9457592382561656,0.4748717969545841,-0.08972959972474762
Tennis,Normal,Simulation Data,rounds,33,False,0.6852339572192513,0.45757352941176493,0.1965106951871658,0.9093716577540105,0.4040173796791446,0.047613636363636386,0.7643281086215735,0.5578099664656804,0.1391304332757063,0.937559144200872,0.4672706873543998,-0.08543758782476614
Tennis,Normal,Simulation Data,rounds,34,False,0.6692179144385025,0.4638101604278075,0.17967245989304817,0.920394385026738,0.4001403743315508,0.05463235294117648,0.7523584997379196,0.5608849255306212,0.13039870116172253,0.9445148488117422,0.4535708121238139,-0.06918622132741105
Tennis,Normal,Simulation Data,finish_all_rounds,None,True,0.6713970588235295,0.3651203208556149,0.20300133689839572,0.9081617647058823,0.4051136363636361,0.2900534759358289,0.7484225687917513,0.45565070984817213,0.1779856048398637,0.9369145946798192,0.48872593359528876,0.15592503429141347
Tennis,MultiGaussian,Simulation Data,rounds,1,False,0.7221390374331554,0.6309157754010696,0.619605614973262,0.6289772727272726,0.30475935828877004,0.26391711229946524,0.8113507336525241,0.7456185989541884,0.7375704268912312,0.6703427521164141,0.41027560692313214,0.14479427932796907
Tennis,MultiGaussian,Simulation Data,rounds,2,False,0.4483288770053476,0.4234692513368983,0.3686898395721925,0.5187232620320854,0.2725066844919786,0.09211898395721928,0.45273622418924325,0.48984439743529834,0.4166594604938256,0.5973035715137257,0.28977113914909525,0.016818095017406803
Tennis,MultiGaussian,Simulation Data,rounds,3,False,0.41199197860962555,0.3361163101604277,0.2582553475935829,0.5314639037433156,0.3065975935828876,0.04110294117647058,0.42361991148896716,0.3853088180962269,0.268038008997031,0.6276465387987278,0.3447081732171866,-0.003585112096614087
Tennis,MultiGaussian,Simulation Data,rounds,4,False,0.400975935828877,0.31694518716577535,0.2123930481283422,0.527139037433155,0.330889037433155,0.021878342245989297,0.43498688791972584,0.37407785234079954,0.1849911050548503,0.6475520260934049,0.3957932898534549,-0.031586600197432715
Tennis,MultiGaussian,Simulation Data,rounds,5,False,0.3341310160427808,0.37886363636363635,0.16470588235294115,0.593596256684492,0.3280213903743314,0.01679812834224599,0.3883313610913931,0.46273679837729387,0.12725431449025615,0.6965090784029633,0.3979345825407159,-0.045345221292503915
Tennis,MultiGaussian,Simulation Data,rounds,6,False,0.4009491978609626,0.34703208556149734,0.2091711229946524,0.6619585561497325,0.3350267379679145,0.02692513368983957,0.44532373378677337,0.4198639819486084,0.17600475538206672,0.7590804475161401,0.39238013650540254,-0.047791080844445805
Tennis,MultiGaussian,Simulation Data,rounds,7,False,0.4107219251336899,0.4111497326203209,0.16642379679144376,0.6979144385026737,0.3811229946524064,0.02036096256684491,0.44696974160898456,0.5102031083036384,0.11629585848024378,0.7864168961454198,0.434097626618321,-0.03846337344591662
Tennis,MultiGaussian,Simulation Data,rounds,8,False,0.41209893048128343,0.3902673796791445,0.21616978609625673,0.7260026737967915,0.40293449197860975,0.01911096256684491,0.4586292926319027,0.47341408737855645,0.1391326181452942,0.808742776049571,0.4710715472672875,-0.05046921624177911
Tennis,MultiGaussian,Simulation Data,rounds,9,False,0.43116310160427807,0.4251938502673799,0.1944385026737968,0.7425668449197858,0.3846323529411766,0.01963903743315508,0.4913994016400646,0.5065077018143291,0.18632149352169747,0.8210194008482644,0.45435313633453606,-0.0576340685699373
Tennis,MultiGaussian,Simulation Data,rounds,10,False,0.42020721925133686,0.4559692513368984,0.20672459893048123,0.7761229946524064,0.3997526737967913,0.03695855614973261,0.4866259641417491,0.5460943073528642,0.15796046197151112,0.8447286282637906,0.46105082933436486,-0.051621702482981216
Tennis,MultiGaussian,Simulation Data,rounds,11,False,0.4473997326203209,0.45629010695187155,0.2003208556149733,0.7740307486631014,0.3627807486631015,0.021858288770053483,0.5271244694388728,0.5474267852821365,0.17130655275172227,0.8458990255347861,0.41757017615228975,-0.07901327907955209
Tennis,MultiGaussian,Simulation Data,rounds,12,False,0.4846590909090909,0.47061497326203194,0.17929812834224587,0.8056885026737968,0.3605748663101604,0.023382352941176476,0.5524492268521511,0.5667447098673943,0.16369549275068698,0.8646883878564128,0.4399181109851085,-0.06260288675804102
Tennis,MultiGaussian,Simulation Data,rounds,13,False,0.46607620320855625,0.43667780748663093,0.20319518716577534,0.8239639037433154,0.44377673796791434,0.040815508021390376,0.5329891588080939,0.5218092098787556,0.15986006639119235,0.8754338345775697,0.5025541795902012,-0.044122231813811384
Tennis,MultiGaussian,Simulation Data,rounds,14,False,0.4796524064171123,0.42228609625668445,0.2031216577540107,0.8149465240641711,0.38610962566844925,0.022740641711229942,0.5631499551400044,0.513159595044729,0.16971665792963744,0.8719791831766139,0.4465665367176278,-0.0747605556119835
Tennis,MultiGaussian,Simulation Data,rounds,15,False,0.48035427807486614,0.47669117647058834,0.19077540106951876,0.8297727272727273,0.36848262032085566,0.009893048128342252,0.5649604298114547,0.5580510320067816,0.15788469973503585,0.8822815598351488,0.43720860500779246,-0.07408478641665427
Tennis,MultiGaussian,Simulation Data,rounds,16,False,0.5306617647058824,0.4709759358288769,0.20088903743315517,0.8371189839572192,0.40653074866310157,0.03685828877005348,0.6156524591584289,0.5472671252777872,0.1565647309612721,0.8845211091656537,0.4794090249307121,-0.06885992886310484
Tennis,MultiGaussian,Simulation Data,rounds,17,False,0.5499933155080212,0.47413770053475934,0.19387700534759364,0.8402874331550801,0.3754344919786095,0.011784759358288774,0.6402311103256665,0.5678389924342244,0.16817941142959042,0.8873071058166311,0.4359478206856762,-0.09775099194110687
Tennis,MultiGaussian,Simulation Data,rounds,18,False,0.5903008021390376,0.46090909090909093,0.1775401069518716,0.856263368983957,0.36122326203208566,0.017513368983957212,0.6813890961032593,0.5417180374884968,0.133449783374833,0.9002313698734136,0.4331567339395471,-0.10337186768535388
Tennis,MultiGaussian,Simulation Data,rounds,19,False,0.6078676470588236,0.47439839572192527,0.16174465240641708,0.8465374331550803,0.37463235294117636,0.008028074866310152,0.6854383238795683,0.5491383928136905,0.163275351680901,0.8931661667025785,0.42197081400180225,-0.09455376122502246
Tennis,MultiGaussian,Simulation Data,rounds,20,False,0.63403743315508,0.4598997326203208,0.19443850267379686,0.8693649732620321,0.3801938502673796,0.032419786096256675,0.721869916123547,0.5505811781159559,0.16216824440577926,0.9098971442017566,0.4489214028436018,-0.07758788030395265
Tennis,MultiGaussian,Simulation Data,rounds,21,False,0.5962366310160427,0.42465240641711227,0.20376336898395728,0.876864973262032,0.388663101604278,0.03052139037433155,0.6809192212014012,0.5126677935596057,0.16268149715326552,0.9145716455849692,0.44275476683083675,-0.07903421552579731
Tennis,MultiGaussian,Simulation Data,rounds,22,False,0.6168917112299465,0.4592179144385028,0.19299465240641708,0.8694585561497324,0.39723930481283426,0.050327540106951875,0.6968330784194844,0.5450306332688645,0.14981053204164468,0.9100060744730473,0.4681632701570735,-0.0642893415798303
Tennis,MultiGaussian,Simulation Data,rounds,23,False,0.6405748663101605,0.45413101604278083,0.20898395721925134,0.8759826203208557,0.37838235294117645,0.020675133689839573,0.7184520068737809,0.551432607916436,0.20606488979562482,0.9152429013199543,0.4372239133072528,-0.07723248161181459
Tennis,MultiGaussian,Simulation Data,rounds,24,False,0.6183622994652405,0.4707687165775402,0.18223930481283424,0.8792112299465245,0.36844251336898404,0.03875668449197861,0.7059465916294941,0.577270728765968,0.1651595009946157,0.9174866651624793,0.4320633029743751,-0.10547534710459304
Tennis,MultiGaussian,Simulation Data,rounds,25,False,0.6075,0.4929144385026738,0.19834224598930475,0.8851069518716577,0.3805213903743316,0.043516042780748665,0.7011218882658761,0.5825237411553725,0.16682508886961792,0.9225111080317834,0.4715806452948702,-0.05548907542095547
Tennis,MultiGaussian,Simulation Data,rounds,26,False,0.6120855614973262,0.471336898395722,0.19281417112299465,0.8874264705882353,0.3753542780748663,0.04883689839572194,0.7025591949666543,0.543749707482289,0.15436489497909875,0.9226152303278229,0.4289890360032287,-0.07205825637919036
Tennis,MultiGaussian,Simulation Data,rounds,27,False,0.6356951871657757,0.4756617647058824,0.15966577540106955,0.8959491978609627,0.37262032085561503,0.04058155080213902,0.7168806629416002,0.5718873874418854,0.12666494734339195,0.9289339141359382,0.42069591674536555,-0.07428053931576682
Tennis,MultiGaussian,Simulation Data,rounds,28,False,0.5950534759358288,0.4646524064171124,0.18519385026737967,0.8944385026737969,0.390942513368984,0.04284090909090908,0.6866117034501645,0.5445113174633369,0.14126065993762854,0.927444591187324,0.457651112869029,-0.08240658334948227
Tennis,MultiGaussian,Simulation Data,rounds,29,False,0.6225735294117647,0.45897727272727257,0.18502005347593584,0.9034826203208556,0.3642513368983957,0.04656417112299463,0.7209569292090106,0.5448023707272259,0.14606492157832712,0.9339587125088201,0.4297963220280268,-0.07866788605935615
Tennis,MultiGaussian,Simulation Data,rounds,30,False,0.6513903743315508,0.4476804812834226,0.22539438502673798,0.9085160427807488,0.3499799465240641,0.04671791443850266,0.7387085253267789,0.5291735357509769,0.17050871407791365,0.9373139850719234,0.3990310647317649,-0.08017680171896868
Tennis,MultiGaussian,Simulation Data,rounds,31,False,0.6289171122994653,0.4553141711229947,0.18580882352941178,0.9121791443850266,0.41410427807486644,0.05890374331550803,0.7221389930644563,0.5465589972818905,0.15786219697609935,0.9399962013686589,0.4670514993419323,-0.09671794700272521
Tennis,MultiGaussian,Simulation Data,rounds,32,False,0.6622393048128343,0.4668114973262032,0.20290106951871656,0.9147393048128343,0.3968582887700536,0.044030748663101596,0.7549551367477649,0.5610427331265564,0.1816201698272699,0.9408671637806083,0.45686405488976334,-0.07720434403422119
Tennis,MultiGaussian,Simulation Data,rounds,33,False,0.6725868983957219,0.4189438502673798,0.19686497326203217,0.9094786096256684,0.39813502673796775,0.03564171122994653,0.7579500116343114,0.5094973340959925,0.16533784062418225,0.9368741661483544,0.4560168136517619,-0.09886738504019307
Tennis,MultiGaussian,Simulation Data,rounds,34,False,0.6674264705882353,0.45163770053475927,0.2025,0.9132620320855617,0.38603609625668445,0.0588302139037433,0.7508202256103863,0.5528183558697527,0.19137350275255297,0.9401835921204227,0.4524561873937285,-0.07282955526350963
Tennis,MultiGaussian,Simulation Data,finish_all_rounds,None,True,0.6590441176470587,0.38298128342246,0.16894385026737965,0.9192513368983957,0.3782219251336897,0.27669117647058816,0.7431305537878553,0.4812998858142414,0.11963755296021963,0.9435333213718525,0.4536993704526992,0.15036361924620803
Go,,Real Data,rounds,1,False,0.7314371657754009,0.5784491978609626,0.5904077540106953,0.5980347593582889,0.3493048128342246,0.30143716577540103,0.8185691786676595,0.7058807505813165,0.7166308412443538,0.6463520772486815,0.4652650020463249,0.1575415941481969
Go,,Real Data,rounds,2,False,0.46441844919786085,0.3743114973262031,0.3438970588235295,0.4160093582887699,0.2543248663101604,0.10699197860962567,0.4512856163512333,0.4243320749720454,0.4105530369924143,0.5064475843467168,0.2549669612954497,0.011636361716273684
Go,,Real Data,rounds,3,False,0.3926537433155081,0.30965909090909094,0.19468582887700528,0.4880414438502674,0.24578877005347596,0.03527406417112299,0.3930047906607599,0.3417445165737128,0.19898124690831437,0.593593967829122,0.2910514143146889,-0.050111169146735184
Go,,Real Data,rounds,4,False,0.33933155080213906,0.275548128342246,0.18226604278074865,0.541129679144385,0.2377339572192513,0.026824866310160428,0.3705778983282867,0.3123658224964651,0.15523905428563292,0.6483797651460631,0.25720792460385505,-0.063087860699004
Go,,Real Data,rounds,5,False,0.3321122994652406,0.2971056149732621,0.20033422459893058,0.5665975935828877,0.32790106951871656,0.00894385026737968,0.32901794934947154,0.34864203387920306,0.15191905708200812,0.6818660581563603,0.3714688505258587,-0.09614988771157838
Go,,Real Data,rounds,6,False,0.33074866310160433,0.3606283422459893,0.16000668449197866,0.5962032085561495,0.3099532085561496,0.012901069518716566,0.34397402409242334,0.4345025206145901,0.09679822476544839,0.7039282081586975,0.34733141413872587,-0.11732436401760032
Go,,Real Data,rounds,7,False,0.37110962566844935,0.3311764705882353,0.16656417112299465,0.6538101604278075,0.35458556149732606,0.009371657754010694,0.3817858384034763,0.40164239719039335,0.1048263660177093,0.7526348411993652,0.40100079631992763,-0.11809043595840435
Go,,Real Data,rounds,8,False,0.34611631016042776,0.4110294117647058,0.1479211229946524,0.6756818181818179,0.35813502673796793,-0.013469251336898396,0.3750011038078367,0.5081671219635568,0.06703136747416892,0.7697025220777586,0.41415597283104305,-0.13464902515790964
Go,,Real Data,rounds,9,False,0.3488235294117647,0.3526938502673797,0.15306818181818188,0.7236497326203208,0.36219919786096255,-0.0005347593582887788,0.3892628018986507,0.42542637533138794,0.10222874038743368,0.8036074109483653,0.41665783334758466,-0.15408696482308828
Go,,Real Data,rounds,10,False,0.34995320855614975,0.3934157754010694,0.16177807486631018,0.7615708556149733,0.34747994652406416,-0.01600935828877005,0.40042602216569145,0.49083721596762253,0.1019503319137627,0.8302076256367548,0.3960556009895194,-0.1475769402769576
Go,,Real Data,rounds,11,False,0.38082219251336896,0.3911163101604278,0.14615641711229943,0.7761631016042783,0.3515374331550802,-0.026610962566844934,0.4396630110246095,0.49693976447069993,0.10536328929347588,0.8416485003669111,0.4169774388140559,-0.17402136032232016
Go,,Real Data,rounds,12,False,0.37967245989304815,0.38578208556149746,0.15776737967914437,0.772413101604278,0.3368783422459894,-0.014859625668449212,0.4445231100264235,0.46738155024326017,0.09536056267169091,0.8374745315666832,0.39711841897514594,-0.19114509378131067
Go,,Real Data,rounds,13,False,0.4040641711229948,0.4056149732620321,0.19020721925133682,0.7949732620320856,0.328596256684492,-0.027299465240641706,0.45322077917231146,0.47937019361625266,0.11129549080810242,0.8556286503305277,0.3769802669642661,-0.18515248122926453
Go,,Real Data,rounds,14,False,0.4053409090909091,0.4322058823529411,0.152225935828877,0.8018917112299466,0.3303810160427807,-0.02675133689839572,0.47988678787366573,0.5091578531403832,0.08145785470441433,0.8609137898673306,0.39899161163790053,-0.1996592236165121
Go,,Real Data,rounds,15,False,0.4521056149732622,0.4100200534759358,0.1538368983957219,0.8286764705882349,0.3515909090909091,-0.019171122994652387,0.525689368952752,0.48105781229612704,0.08347217749797795,0.8781962688399654,0.40448623313280463,-0.17681127061480173
Go,,Real Data,rounds,16,False,0.50524064171123,0.39655748663101614,0.17465909090909093,0.829692513368984,0.32809491978609623,-0.037479946524064174,0.5919221271444295,0.4757017942461633,0.11742128109096268,0.8778957168372281,0.38731643509610164,-0.18342477723556744
Go,,Real Data,rounds,17,False,0.5019719251336899,0.3925467914438503,0.17514037433155077,0.8442179144385026,0.3586229946524064,-0.03925133689839572,0.571067712630899,0.45751327396694436,0.1159842809693511,0.8874242968127413,0.39332969853250965,-0.21692441479704389
Go,,Real Data,rounds,18,False,0.5283021390374331,0.41586898395721916,0.14739304812834228,0.8376136363636362,0.34493315508021394,-0.04053475935828876,0.606225689302291,0.497533505945001,0.11532853596474704,0.8871067354685566,0.4138773426738391,-0.22045897623771782
Go,,Real Data,rounds,19,False,0.5078208556149733,0.41135026737967906,0.16020721925133685,0.8491310160427805,0.32902406417112295,-0.018830213903743315,0.5653005077929576,0.4848398828336788,0.13494342857934757,0.8935543977015723,0.3796295200278588,-0.18666413747078298
Go,,Real Data,rounds,20,False,0.5394786096256684,0.4021056149732621,0.1599131016042781,0.8448262032085565,0.38151069518716574,-0.04081550802139037,0.6304689108755043,0.5016178558393386,0.1083319564614844,0.8901439372985466,0.4448382203502526,-0.2218198867750201
Go,,Real Data,rounds,21,False,0.5663235294117647,0.3822326203208557,0.17044786096256687,0.8569050802139038,0.3525401069518717,-0.04211229946524064,0.6559326085261579,0.4779399518267148,0.10455917341371185,0.9015910341698598,0.4112475928807779,-0.2369417054250683
Go,,Real Data,rounds,22,False,0.575086898395722,0.38523395721925124,0.16824197860962567,0.8814839572192512,0.33019385026737963,-0.029451871657754012,0.6440595023812175,0.47859233081074287,0.11438379428504111,0.9185652833408663,0.3770538434842845,-0.2422694537273941
Go,,Real Data,rounds,23,False,0.5432754010695187,0.40354946524064167,0.15374999999999997,0.8587433155080213,0.3613770053475935,-0.03723930481283421,0.6231672778233969,0.5003512794506907,0.06180138132313977,0.9033692215899558,0.41072228336940597,-0.21145729698170185
Go,,Real Data,rounds,24,False,0.5561430481283425,0.40513368983957215,0.1611430481283422,0.8637032085561498,0.38239973262032056,-0.039050802139037444,0.6324073790699888,0.4826101249032007,0.0810583358403761,0.9048655897605642,0.4662716813060637,-0.2544398379605868
Go,,Real Data,rounds,25,False,0.5699131016042782,0.3732018716577541,0.177894385026738,0.8661697860962566,0.3241377005347594,-0.023890374331550803,0.6417398653999666,0.4573222498395228,0.1298063033462698,0.9083214844626807,0.3966073674253197,-0.21999468645307868
Go,,Real Data,rounds,26,False,0.5590040106951872,0.39394385026737966,0.16348930481283422,0.8881149732620321,0.3426871657754012,-0.030989304812834226,0.6342767152096962,0.47551790610145617,0.11956452515765453,0.9218291396408439,0.38426864363570046,-0.22912566551422292
Go,,Real Data,rounds,27,False,0.5837500000000001,0.4363101604278075,0.15923796791443845,0.8867647058823526,0.35619652406417124,-0.05162433155080212,0.6720494770550657,0.5264664535799273,0.13053561847609263,0.9197851879877744,0.40033520722235666,-0.23507319884521968
Go,,Real Data,rounds,28,False,0.5907620320855616,0.3942179144385025,0.16129679144385026,0.883389037433155,0.32622326203208557,-0.030501336898395723,0.6735817329449699,0.47517531295868465,0.09991527738091775,0.9186301199733955,0.3739160217739422,-0.2434086382933277
Go,,Real Data,rounds,29,False,0.582419786096257,0.4345387700534759,0.18008689839572198,0.8983155080213904,0.34008689839572187,-0.03675802139037434,0.6813682514691998,0.5141425040615079,0.13463484059091985,0.9286519159737178,0.3877214694950566,-0.24612261104251384
Go,,Real Data,rounds,30,False,0.5982486631016044,0.42298128342245983,0.15655080213903746,0.8925467914438502,0.3085360962566845,-0.03296791443850267,0.6808400600623046,0.5102809402921115,0.10222968151474866,0.9258763195886216,0.34084190119195545,-0.23531611319576615
Go,,Real Data,rounds,31,False,0.5851671122994653,0.43721256684491977,0.17787433155080212,0.8957085561497329,0.3278475935828877,-0.03989304812834225,0.680730517456728,0.4963073164605185,0.10659296393242977,0.9273335081961216,0.37043741601457697,-0.24153891707976527
Go,,Real Data,rounds,32,False,0.6151671122994652,0.3992179144385027,0.14622326203208552,0.9007419786096255,0.37349598930481287,-0.0336764705882353,0.7022245974666836,0.47526542993351795,0.07786909046799967,0.929959120373088,0.4229039227055309,-0.2258052039114758
Go,,Real Data,rounds,33,False,0.5952540106951872,0.3723128342245989,0.16377673796791445,0.9009358288770056,0.34967245989304807,-0.045688502673796795,0.6860635712647956,0.45598544623220194,0.0825780196728218,0.9301035099136434,0.4070469995806998,-0.2547813028117424
Go,,Real Data,rounds,34,False,0.6195989304812834,0.4306818181818181,0.16296791443850264,0.9118917112299465,0.3264839572192513,-0.052219251336898385,0.6987702852795337,0.5163410454140814,0.0998385641716239,0.9382861135975147,0.3761436437212788,-0.2595143366904377
Go,,Real Data,finish_all_rounds,None,True,0.6363569518716576,0.34964572192513366,0.14832887700534758,0.9023195187165775,0.34040106951871657,0.2934558823529412,0.713825738765891,0.40913282275502616,0.1267699463580296,0.9317444067508717,0.39619575558199016,0.1627176074690351
Go,Uniform,Simulation Data,rounds,1,False,0.7198930481283423,0.6389371657754012,0.6277540106951872,0.6543582887700533,0.33957887700534756,0.28076871657754016,0.8097110248413556,0.7504925523943313,0.744618947774775,0.6936353784056708,0.43999436642196327,0.16784414345733875
Go,Uniform,Simulation Data,rounds,2,False,0.41128342245989297,0.3311764705882353,0.31777406417112297,0.42899732620320846,0.2685227272727273,0.09210561497326203,0.4223583663950435,0.39888977642686263,0.3562832726265393,0.5140069796995488,0.2520559933974993,0.02035849273472498
Go,Uniform,Simulation Data,rounds,3,False,0.3509224598930482,0.33430481283422453,0.20372994652406415,0.5038636363636363,0.2539371657754011,0.056136363636363616,0.3468472191524483,0.36005545862709193,0.20350549040222593,0.6093648147415716,0.2913384153616999,-0.045357735637408456
Go,Uniform,Simulation Data,rounds,4,False,0.3542045454545454,0.2815775401069518,0.1983489304812834,0.5223061497326202,0.32556149732620326,0.03810160427807487,0.3696105792072955,0.31963543888093704,0.16799139437205132,0.6305023456298674,0.34712195291003517,-0.05483142864885924
Go,Uniform,Simulation Data,rounds,5,False,0.3080213903743315,0.2856216577540107,0.1521991978609626,0.5551671122994652,0.3034692513368984,0.01947192513368983,0.3490709213037421,0.33082896897386477,0.09805390050411876,0.6701539629812188,0.36726158146013055,-0.083145762453538
Go,Uniform,Simulation Data,rounds,6,False,0.3386163101604278,0.3350000000000001,0.15368983957219254,0.5885561497326204,0.32546122994652416,0.014378342245989302,0.3688045220843299,0.40431642587791283,0.13349527229631686,0.7058999888112524,0.36075243065443763,-0.10740410108199257
Go,Uniform,Simulation Data,rounds,7,False,0.3274866310160427,0.33707219251336895,0.1552005347593583,0.632312834224599,0.3617379679144384,0.0022660427807486673,0.3849609523612466,0.40079547660708736,0.06737759213079876,0.7370136171449149,0.41415589368142025,-0.10399004200862424
Go,Uniform,Simulation Data,rounds,8,False,0.3442713903743315,0.3554545454545454,0.17338235294117646,0.688923796791444,0.34671122994652415,0.005601604278074863,0.37165223881890475,0.4319253031035907,0.07916052855792481,0.7785816850590954,0.41263506821356183,-0.13092591435276132
Go,Uniform,Simulation Data,rounds,9,False,0.3548796791443849,0.37707887700534765,0.14783422459893047,0.7054344919786096,0.3319050802139037,0.0020788770053475902,0.3981162615104163,0.44834920421956115,0.10472303712005976,0.7925027222269287,0.40351130385620537,-0.15984246905531962
Go,Uniform,Simulation Data,rounds,10,False,0.34531417112299473,0.3849331550802139,0.1761965240641711,0.7411497326203209,0.3494852941176471,-0.00814171122994652,0.39391296722297037,0.4677376981089406,0.14036711801246793,0.8176342378432945,0.41106136730271897,-0.159051932861422
Go,Uniform,Simulation Data,rounds,11,False,0.3618248663101604,0.37928475935828876,0.13562165775401067,0.7721457219251338,0.3575200534759359,-0.02379010695187166,0.4146417201701285,0.48922625221630966,0.075983970441553,0.8368987227748099,0.4098558956170435,-0.17904397157186874
Go,Uniform,Simulation Data,rounds,12,False,0.3864572192513369,0.4107553475935829,0.17089572192513372,0.7766844919786097,0.3474064171122995,-0.01819518716577541,0.4382717282372194,0.4951572845846996,0.12469232962713704,0.8433976750035012,0.42620908228592674,-0.19156528590711885
Go,Uniform,Simulation Data,rounds,13,False,0.4104478609625668,0.4071056149732621,0.1759692513368984,0.8054077540106949,0.3613569518716578,-0.020514705882352945,0.48080884654676725,0.471440749115873,0.131280761985413,0.8656754422635281,0.42240723669891117,-0.2007294731363408
Go,Uniform,Simulation Data,rounds,14,False,0.4248930481283423,0.3797994652406417,0.14715909090909093,0.8298128342245991,0.3346858288770054,-0.021891711229946532,0.48143330867274725,0.4710493446325664,0.10145515941509588,0.8773876960096217,0.3838611465959324,-0.18532128586527036
Go,Uniform,Simulation Data,rounds,15,False,0.45544786096256684,0.4301136363636363,0.13115641711229942,0.8257219251336898,0.4020922459893047,-0.029893048128342255,0.5145635934392656,0.5269838748042796,0.08410347167557551,0.8773760228756281,0.4631330557108426,-0.2029552428937576
Go,Uniform,Simulation Data,rounds,16,False,0.5075802139037434,0.3789906417112299,0.17544786096256687,0.8345120320855617,0.29544117647058826,-0.031069518716577545,0.5815729231532589,0.4646479041654525,0.1151015739473164,0.8797022918917614,0.3476906513085256,-0.20926194833517
Go,Uniform,Simulation Data,rounds,17,False,0.4925066844919786,0.4086965240641711,0.17581550802139032,0.8327339572192513,0.3588101604278075,-0.03086229946524064,0.5632084791938793,0.4932489013851232,0.1333382547135503,0.8800310771594013,0.4433854722927908,-0.20333357822349282
Go,Uniform,Simulation Data,rounds,18,False,0.5160695187165775,0.3995521390374332,0.1796256684491978,0.8486965240641713,0.3577941176470588,-0.038736631016042786,0.5994244046354793,0.4866383611718586,0.12433885230973248,0.8923685200904012,0.39090206821853885,-0.2109612533818299
Go,Uniform,Simulation Data,rounds,19,False,0.5187967914438504,0.4164237967914439,0.19378342245989302,0.8297660427807488,0.34368983957219257,-0.03332219251336899,0.6033270481632742,0.4959357476737082,0.10512678647330795,0.8805484197074438,0.3920411339565026,-0.20986747464082828
Go,Uniform,Simulation Data,rounds,20,False,0.5236229946524064,0.4140173796791445,0.1488034759358289,0.8385695187165774,0.34223262032085566,-0.03847593582887699,0.6102860291462803,0.4857823569468192,0.12055488155214254,0.8896104103069564,0.37804275661176284,-0.23780308940267503
Go,Uniform,Simulation Data,rounds,21,False,0.5217847593582887,0.46226604278074857,0.17771390374331555,0.8474465240641713,0.3354077540106952,-0.03685160427807488,0.5891798304733641,0.552229617143333,0.12292118763534847,0.89519862417803,0.3818057149193544,-0.21624112060218528
Go,Uniform,Simulation Data,rounds,22,False,0.5419585561497324,0.4285828877005348,0.18818850267379683,0.8590508021390374,0.35913770053475935,-0.027172459893048125,0.6364523018055968,0.510130237985227,0.1619584871950263,0.9020964481330853,0.429689467423869,-0.2328844474432552
Go,Uniform,Simulation Data,rounds,23,False,0.5593582887700534,0.4040106951871658,0.1752139037433155,0.8589839572192516,0.3247459893048129,-0.05011363636363637,0.6456015508308124,0.47084924270066786,0.1344196655066265,0.9027572241347888,0.3841884976965534,-0.22961369600272208
Go,Uniform,Simulation Data,rounds,24,False,0.5750534759358288,0.43669786096256685,0.14754679144385022,0.8794050802139037,0.3489438502673796,-0.06391042780748665,0.6576020292690025,0.529245719080216,0.11713719299017669,0.9162686908715706,0.411293973484959,-0.25898706416008865
Go,Uniform,Simulation Data,rounds,25,False,0.5942379679144384,0.4034893048128343,0.18397058823529414,0.8747125668449199,0.33290775401069517,-0.04239304812834224,0.6738200604481961,0.47535282947817314,0.13008790005839396,0.9129283880660007,0.3789951653275733,-0.22861616024027231
Go,Uniform,Simulation Data,rounds,26,False,0.5799197860962567,0.4091644385026737,0.13222593582887704,0.8830949197860964,0.35415106951871655,-0.055367647058823535,0.6559016634425212,0.47670731657120025,0.06371452562308487,0.9174190872020408,0.39416219735687363,-0.24869893902618642
Go,Uniform,Simulation Data,rounds,27,False,0.5580882352941176,0.3949197860962568,0.14956550802139035,0.8808489304812837,0.35871657754010705,-0.04824866310160427,0.6441953569220652,0.4781507504153727,0.0682457158307987,0.9167143799769742,0.430341279351338,-0.24201880446734245
Go,Uniform,Simulation Data,rounds,28,False,0.5682286096256685,0.40381684491978603,0.1452540106951872,0.8925267379679147,0.3418048128342246,-0.03612967914438503,0.6698841198170992,0.4868670081317362,0.10385028189665388,0.92510206735891,0.3790732627181963,-0.23214687869835138
Go,Uniform,Simulation Data,rounds,29,False,0.5928676470588234,0.3864906417112299,0.16415106951871658,0.8919117647058825,0.3645588235294119,-0.03228609625668449,0.6767568316554131,0.4545479913128455,0.11475719535384965,0.9230922199784708,0.42121338526041063,-0.22034096513015416
Go,Uniform,Simulation Data,rounds,30,False,0.5999331550802138,0.4215307486631017,0.1843449197860963,0.898148395721925,0.33516042780748667,-0.05674465240641714,0.6895257952295671,0.5053970816776083,0.1426580932667267,0.9282055522877287,0.3843528366928611,-0.24671192925949448
Go,Uniform,Simulation Data,rounds,31,False,0.6077740641711231,0.38114973262032087,0.16876336898395727,0.9038703208556151,0.331798128342246,-0.041002673796791456,0.7006040380640584,0.44850173289930007,0.12315617503676993,0.9324473537066198,0.42352104271154395,-0.2543615003957026
Go,Uniform,Simulation Data,rounds,32,False,0.6327673796791444,0.43765374331550805,0.1486229946524064,0.901998663101604,0.3430882352941177,-0.048482620320855624,0.7159641751700805,0.5251408903263567,0.10000050454512437,0.9320791169896439,0.3691148358017363,-0.24453460317826434
Go,Uniform,Simulation Data,rounds,33,False,0.6316711229946526,0.43048128342245995,0.14145053475935832,0.9089705882352941,0.384385026737968,-0.04373663101604278,0.7181503834458388,0.5133628967752744,0.0945963601864002,0.9361577571367579,0.4344541078577371,-0.24119746681192833
Go,Uniform,Simulation Data,rounds,34,False,0.6183489304812835,0.4334893048128341,0.1549264705882353,0.906082887700535,0.3081751336898396,-0.0463903743315508,0.7080528724771118,0.5209597333988694,0.082686165763635,0.9337161397747957,0.3623696006377349,-0.24917232815593163
Go,Uniform,Simulation Data,finish_all_rounds,None,True,0.6208221925133691,0.32246657754010705,0.18994652406417123,0.9062165775401066,0.36806818181818185,0.2771590909090909,0.7130556339536048,0.39432673998319884,0.12485605687423929,0.9341791358800198,0.4156069041346647,0.15783447532761985
Go,PL,Simulation Data,rounds,1,False,0.7349331550802138,0.5764171122994654,0.6491310160427807,0.6047326203208558,0.32965909090909085,0.29548796791443843,0.8207128144846922,0.7048963432339456,0.7606620047340733,0.6436455781806218,0.4562977045764642,0.16547561896391955
Go,PL,Simulation Data,rounds,2,False,0.42205882352941165,0.3599532085561499,0.32038770053475946,0.4622526737967915,0.23530748663101606,0.10637700534759359,0.4285258461636115,0.42712235694796435,0.37107019750272335,0.5493878013059192,0.23105170324367197,0.021996597927642223
Go,PL,Simulation Data,rounds,3,False,0.3922593582887699,0.3155013368983957,0.26228609625668453,0.4803877005347594,0.22747326203208565,0.045955882352941166,0.40204630252872453,0.34341207178527045,0.27045102660013504,0.5900034079987896,0.24321761009154222,-0.043925300046035
Go,PL,Simulation Data,rounds,4,False,0.32071524064171114,0.3094852941176471,0.1786697860962567,0.5183756684491978,0.29602272727272727,0.024304812834224608,0.34790912273487756,0.3465576053842483,0.1510266275646333,0.6431584951989017,0.33900066802977846,-0.06298030457373571
Go,PL,Simulation Data,rounds,5,False,0.37602941176470595,0.3273462566844919,0.18457219251336898,0.5510695187165775,0.3167647058823529,0.017961229946524052,0.4067493319822356,0.37412040361397203,0.13782505333615053,0.6723993020941365,0.3662623030122104,-0.08294181005018453
Go,PL,Simulation Data,rounds,6,False,0.3585695187165776,0.32676470588235296,0.18576871657754007,0.6082085561497326,0.3358823529411765,0.023803475935828877,0.3858722031728989,0.3855521237638437,0.15522101149752948,0.7154210057425908,0.3890110327774064,-0.11102803814435962
Go,PL,Simulation Data,rounds,7,False,0.3530614973262032,0.33391042780748664,0.14237967914438504,0.6438970588235294,0.3183823529411765,-0.0040240641711229985,0.4043815223295775,0.3778187453585449,0.09073446903540304,0.7444912599681881,0.3549296233610141,-0.12410495571995732
Go,PL,Simulation Data,rounds,8,False,0.3349064171122994,0.35403074866310164,0.1625534759358289,0.7129211229946522,0.35450534759358293,0.0021056149732620287,0.3642556808029687,0.42432789113175573,0.10517422917480507,0.7951905052362105,0.39616029235960293,-0.1306042859869431
Go,PL,Simulation Data,rounds,9,False,0.34076871657754004,0.38330213903743304,0.15743983957219246,0.7104077540106952,0.3503275401069518,-0.001163101604278065,0.38925543571182614,0.46489466026725507,0.09841496585352973,0.7944197406719046,0.4101657720353435,-0.14553365772144217
Go,PL,Simulation Data,rounds,10,False,0.3616109625668449,0.39024732620320857,0.16878342245989306,0.7344986631016045,0.3579679144385026,-0.020153743315508014,0.4189435818702784,0.47401365190493555,0.1047574410290194,0.813880180805806,0.44298543595789047,-0.16232003737136402
Go,PL,Simulation Data,rounds,11,False,0.3455213903743315,0.36271390374331547,0.17296791443850268,0.7770655080213905,0.3594585561497327,-0.013462566844919793,0.4138442314207116,0.406661976156479,0.09222045949100716,0.8403519976250332,0.41773549418465655,-0.1757003271320895
Go,PL,Simulation Data,rounds,12,False,0.36969251336898395,0.3909625668449199,0.17880347593582882,0.7835561497326203,0.3606818181818182,-0.020494652406417103,0.4099652052649821,0.5151015468734882,0.13308764141781815,0.8443925505548077,0.3946643299607664,-0.1794700937083168
Go,PL,Simulation Data,rounds,13,False,0.39673128342246,0.3916310160427806,0.13671122994652407,0.805274064171123,0.34003342245989304,-0.018556149732620323,0.45761889085521185,0.4529425873047531,0.06917224275080408,0.8643491013187835,0.3790507969720386,-0.20415464292768445
Go,PL,Simulation Data,rounds,14,False,0.43960561497326195,0.3952473262032086,0.1684358288770053,0.8130080213903748,0.3623529411764706,-0.0220855614973262,0.5154361738847579,0.47884942516818896,0.09767758013664504,0.8675563893589657,0.42011334919474985,-0.17807822131354303
Go,PL,Simulation Data,rounds,15,False,0.42915775401069517,0.41144385026737973,0.16391711229946523,0.8283088235294119,0.3345120320855615,-0.023556149732620327,0.5317179511372718,0.48398669515336384,0.12439331665523859,0.8784747477497231,0.40133174692408075,-0.20382244724168916
Go,PL,Simulation Data,rounds,16,False,0.513135026737968,0.3996925133689839,0.17661764705882352,0.8412834224598928,0.32454545454545447,-0.03373663101604278,0.6162521049818143,0.47413557005374685,0.11679700858031802,0.8866086251546856,0.37122981574949826,-0.1941335147758296
Go,PL,Simulation Data,rounds,17,False,0.4997526737967914,0.3868181818181818,0.14862967914438505,0.8445855614973261,0.39153074866310156,-0.03175133689839573,0.589176522532911,0.4598551273257913,0.08478355256226534,0.8886080572165114,0.4282972922760995,-0.219212595443782
Go,PL,Simulation Data,rounds,18,False,0.5056885026737967,0.4119852941176471,0.12453877005347597,0.8418382352941175,0.3425802139037433,-0.031390374331550806,0.5892942110811351,0.49992776439305936,0.05881054375033034,0.8880172845526585,0.3893175416393467,-0.23824288574808836
Go,PL,Simulation Data,rounds,19,False,0.5119652406417112,0.39697860962566855,0.1595989304812834,0.8506216577540107,0.3650868983957219,-0.045608288770053455,0.5835033023201138,0.47329980245331477,0.10348308932607417,0.8935601478265042,0.4303300281824024,-0.23312121404872851
Go,PL,Simulation Data,rounds,20,False,0.5322994652406418,0.4248328877005348,0.1771256684491978,0.8383823529411764,0.3361363636363636,-0.038983957219251346,0.6126938405075615,0.5106440410669807,0.1106774119868606,0.8878514528924057,0.39456992463380386,-0.2222036413324382
Go,PL,Simulation Data,rounds,21,False,0.5007219251336898,0.41491310160427797,0.16491978609625668,0.8454211229946523,0.3637433155080214,-0.04022058823529411,0.5854986077176392,0.4952494643192063,0.1196350793530346,0.8939553809513466,0.42140352999175307,-0.22326704624440905
Go,PL,Simulation Data,rounds,22,False,0.5149064171122995,0.42906417112299455,0.17427139037433154,0.8690508021390377,0.3473262032085561,-0.042479946524064165,0.5975790041498652,0.5133840139153275,0.131307632289005,0.9095078148172071,0.4063631950429707,-0.21493074604212084
Go,PL,Simulation Data,rounds,23,False,0.5461965240641711,0.40185828877005336,0.16413770053475937,0.8574532085561498,0.37905080213903736,-0.048609625668449216,0.620370999929341,0.46403342830310906,0.11559659900101092,0.9024146199376877,0.43674769914553613,-0.2306973281019309
Go,PL,Simulation Data,rounds,24,False,0.5872860962566844,0.4117245989304813,0.146096256684492,0.8678676470588236,0.331951871657754,-0.04247326203208557,0.6779817020466844,0.4848112927172892,0.08566951282912694,0.9087538058961038,0.38813225889423514,-0.22786327954833996
Go,PL,Simulation Data,rounds,25,False,0.5567245989304811,0.4483823529411764,0.16569518716577536,0.8711697860962566,0.3581885026737968,-0.0343783422459893,0.648425350797333,0.5294992643286195,0.10066697442249904,0.9118488105133737,0.39715964328808623,-0.22726204825286037
Go,PL,Simulation Data,rounds,26,False,0.565875668449198,0.3940708556149732,0.1573863636363636,0.8824598930481281,0.3267312834224599,-0.04352941176470591,0.6542775434141707,0.47464360383777193,0.1232547989316366,0.9176109867350892,0.3760217562302626,-0.23339429690855087
Go,PL,Simulation Data,rounds,27,False,0.5683155080213903,0.3938836898395722,0.11594919786096256,0.8886631016042779,0.33155748663101614,-0.043128342245989326,0.6578642442346125,0.4980295880685962,0.052200540742147,0.9227924855926034,0.3934630790358794,-0.23389580717543348
Go,PL,Simulation Data,rounds,28,False,0.5775200534759358,0.4136363636363635,0.14856951871657756,0.8878074866310159,0.3517112299465241,-0.047332887700534766,0.661082961134977,0.4935682298634642,0.119790119442411,0.9217425159897544,0.39005408034286676,-0.2508169883819744
Go,PL,Simulation Data,rounds,29,False,0.5932419786096257,0.43983288770053464,0.16600267379679146,0.8955949197860962,0.34568850267379675,-0.050848930481283416,0.6832802319341563,0.528650792746203,0.10027777741601535,0.9262111509847899,0.4045644143482074,-0.24925176033926744
Go,PL,Simulation Data,rounds,30,False,0.6082152406417113,0.39532754010695187,0.16881016042780758,0.9065173796791443,0.33023395721925136,-0.03776737967914438,0.6948237888527425,0.4810172038508634,0.10572216847483734,0.9346284800417753,0.36632232019018957,-0.2407256143337731
Go,PL,Simulation Data,rounds,31,False,0.6002139037433155,0.43096256684491957,0.15772727272727272,0.9058622994652406,0.3710494652406417,-0.04807486631016044,0.6861254472636557,0.5022903254524025,0.08143908512133344,0.9343534022786529,0.41781491100312307,-0.24152688895784238
Go,PL,Simulation Data,rounds,32,False,0.6217580213903744,0.3843716577540107,0.1675,0.8987232620320857,0.3596189839572193,-0.04529411764705884,0.6909004831224738,0.4748668919753495,0.11001136928527458,0.9286554089424254,0.42971691980200055,-0.2439562069278928
Go,PL,Simulation Data,rounds,33,False,0.6164973262032084,0.3837098930481285,0.1613770053475936,0.9044652406417112,0.3358021390374331,-0.05159759358288772,0.7031055918363696,0.46762055118905793,0.10538229486935835,0.933237507180181,0.38423596747666167,-0.2530751009426088
Go,PL,Simulation Data,rounds,34,False,0.6280213903743315,0.37923796791443853,0.15777406417112302,0.9077406417112299,0.3464705882352941,-0.02058155080213904,0.7166155263347173,0.4594887153242782,0.14223694175543158,0.9344374721965444,0.4007933778249727,-0.2476252236332882
Go,PL,Simulation Data,finish_all_rounds,None,True,0.623937165775401,0.323201871657754,0.16171122994652407,0.905889037433155,0.32335561497326204,0.2876737967914439,0.7136493933111123,0.37522073707388165,0.10564099007066112,0.9337364203483081,0.3670999486469729,0.16285523142434616
Go,Normal,Simulation Data,rounds,1,False,0.7053676470588237,0.5700668449197861,0.6140842245989303,0.566624331550802,0.2853810160427807,0.28433155080213907,0.8000411223089771,0.7003104299045873,0.7332686820576956,0.6209491546714696,0.4125964974388452,0.16588222776586356
Go,Normal,Simulation Data,rounds,2,False,0.4450133689839572,0.35022727272727283,0.339879679144385,0.4713435828877004,0.2376804812834224,0.10560160427807487,0.4590709460515715,0.4171493102059661,0.39019082519363074,0.5608694997219228,0.22699145407918342,0.024167024343401747
Go,Normal,Simulation Data,rounds,3,False,0.3904010695187166,0.30574197860962576,0.24774064171122986,0.5103943850267378,0.24641711229946528,0.04773395721925134,0.40068242997221687,0.3263757480209495,0.2571276626778152,0.611160098714095,0.2566761219259933,-0.042297463970204625
Go,Normal,Simulation Data,rounds,4,False,0.36957887700534764,0.3287633689839571,0.18630347593582886,0.49983288770053474,0.29821524064171123,0.01645721925133689,0.41383542738779594,0.36161051354307794,0.1571064694547998,0.6208208844815691,0.36339372850151497,-0.07278264112079474
Go,Normal,Simulation Data,rounds,5,False,0.3456417112299465,0.32868983957219244,0.1482352941176471,0.5743181818181821,0.29567513368983955,0.012159090909090911,0.35159587558396616,0.3906800309453363,0.1176542352279967,0.6830214289058857,0.3445430835548155,-0.11640511642740746
Go,Normal,Simulation Data,rounds,6,False,0.36779411764705877,0.3046256684491979,0.14264705882352946,0.6105347593582888,0.3355213903743315,0.013729946524064179,0.3763945678435271,0.368139956550153,0.09523681533162,0.7124448577382979,0.39754579967357534,-0.1138328592353217
Go,Normal,Simulation Data,rounds,7,False,0.3193449197860962,0.3064371657754012,0.16584893048128344,0.6670053475935829,0.32836229946524065,0.02183823529411766,0.3663022639607859,0.3773842401880316,0.10125312881565948,0.7600193951649511,0.38335722016318824,-0.11711427043189021
Go,Normal,Simulation Data,rounds,8,False,0.3472192513368985,0.38663101604278083,0.1536564171122995,0.7111898395721926,0.33272727272727276,-0.0037433155080213807,0.4037781295133335,0.4652764998313456,0.08141596970568088,0.7934345199905127,0.3765329553239296,-0.15336965996684607
Go,Normal,Simulation Data,rounds,9,False,0.3458021390374331,0.38153743315508026,0.18258689839572187,0.7477473262032085,0.33390374331550793,-0.011864973262032072,0.40745012237814654,0.4722191612382249,0.1195518068661753,0.8198631213774986,0.39388649838223044,-0.1391366703956859
Go,Normal,Simulation Data,rounds,10,False,0.3464237967914439,0.36614973262032086,0.15181818181818188,0.7422125668449198,0.34471256684491974,-0.013616310160427816,0.4030580963762923,0.4361847886709006,0.10326402851813345,0.8159077251239607,0.37901460236659523,-0.16077973959780753
Go,Normal,Simulation Data,rounds,11,False,0.3732620320855615,0.3799197860962568,0.14197860962566847,0.7590641711229948,0.35783422459893044,-0.016597593582887704,0.41434881110368993,0.4418839947576229,0.09265218512713899,0.8253685558977455,0.4155079953118278,-0.15704271650827864
Go,Normal,Simulation Data,rounds,12,False,0.3850066844919786,0.3747994652406417,0.1615106951871657,0.7692981283422463,0.3137700534759357,-0.01975267379679145,0.4314983508317472,0.45497267624694515,0.11701805078935701,0.8336750904782005,0.37046452260252566,-0.1919990828254333
Go,Normal,Simulation Data,rounds,13,False,0.4179545454545453,0.4177339572192512,0.16132352941176475,0.7912767379679143,0.390548128342246,-0.01722593582887701,0.4844980451258721,0.5110823713088909,0.09580699688494111,0.8539975994070196,0.4547922684791448,-0.15997372759580897
Go,Normal,Simulation Data,rounds,14,False,0.4184826203208557,0.3880280748663101,0.16643048128342247,0.8259625668449196,0.3521122994652407,-0.02232620320855615,0.47932901502660613,0.4681794475755865,0.09966413004811966,0.8748761659317822,0.43252329424048513,-0.19492093475159572
Go,Normal,Simulation Data,rounds,15,False,0.43829545454545454,0.4380748663101604,0.15351604278074865,0.823729946524064,0.32913770053475927,-0.045193850267379695,0.5165177130757513,0.5272798346175179,0.12314560856850748,0.8743573407229364,0.37088656351246263,-0.21206300928263036
Go,Normal,Simulation Data,rounds,16,False,0.4813636363636365,0.3605213903743315,0.12955213903743312,0.8372593582887702,0.3381550802139038,-0.029705882352941183,0.5477295052479187,0.44621132012811543,0.09556244534880594,0.8833405382938385,0.4019414068668253,-0.19029985731167848
Go,Normal,Simulation Data,rounds,17,False,0.5026737967914439,0.3738903743315508,0.16945855614973265,0.8344986631016045,0.32229946524064174,-0.04627005347593583,0.5748429456374532,0.4589005208662536,0.12213498082705122,0.8823906239911516,0.38647994704101096,-0.21520232076941287
Go,Normal,Simulation Data,rounds,18,False,0.5209157754010696,0.4326069518716577,0.1742179144385026,0.8409157754010694,0.3313368983957219,-0.026938502673796796,0.5949818752985463,0.5147325926796971,0.11621214209758636,0.8871712744402906,0.3711530606918273,-0.22831791629632328
Go,Normal,Simulation Data,rounds,19,False,0.5363101604278075,0.4211229946524063,0.15288770053475936,0.8335628342245986,0.324057486631016,-0.032212566844919806,0.608278572888518,0.48101730343760396,0.09869472911458027,0.8847128030859851,0.34164193014273375,-0.21591024772783465
Go,Normal,Simulation Data,rounds,20,False,0.538288770053476,0.3993649732620321,0.14294786096256687,0.8431283422459893,0.3343449197860962,-0.0540909090909091,0.6358712688934172,0.4725084198924499,0.08840152787716483,0.8922827579279685,0.3930289509451047,-0.22471934235577926
Go,Normal,Simulation Data,rounds,21,False,0.5212700534759359,0.41770053475935826,0.18350267379679142,0.8612566844919788,0.3521724598930481,-0.03451203208556151,0.5933872177012935,0.49131802070774294,0.10676367664448284,0.9032930571895673,0.41115560703339843,-0.2098626893844192
Go,Normal,Simulation Data,rounds,22,False,0.5504679144385027,0.3857887700534758,0.17457219251336895,0.8561296791443853,0.35078208556149737,-0.039057486631016054,0.6248160202996252,0.4607576975882046,0.13430179835304984,0.89998489831878,0.43627972112060964,-0.23379732883644297
Go,Normal,Simulation Data,rounds,23,False,0.5727941176470588,0.37903743315508026,0.15316176470588236,0.8637500000000001,0.34289438502673797,-0.034278074866310154,0.6596101054916891,0.4815782893871062,0.09923253496133037,0.9063161301939108,0.3845598238164504,-0.22708488180487105
Go,Normal,Simulation Data,rounds,24,False,0.560561497326203,0.436470588235294,0.17093582887700534,0.8762499999999999,0.34633021390374324,-0.038335561497326205,0.6419193724023446,0.5212442239138764,0.138186437518898,0.9146855909092837,0.3557969109330795,-0.20661245588284738
Go,Normal,Simulation Data,rounds,25,False,0.5779411764705883,0.39212566844919794,0.15122994652406418,0.8733422459893047,0.3508622994652407,-0.04655080213903742,0.6502803969303141,0.47079850958631353,0.0774035606080055,0.9116317035198505,0.409386301164458,-0.22439558590637934
Go,Normal,Simulation Data,rounds,26,False,0.582466577540107,0.39749999999999985,0.16994652406417113,0.8829478609625668,0.33822860962566836,-0.04151069518716577,0.6622525208817176,0.48106508080135507,0.113542140348281,0.918439087768904,0.39609112998621604,-0.23406459699119397
Go,Normal,Simulation Data,rounds,27,False,0.5852473262032086,0.3909358288770053,0.17008021390374328,0.8922326203208558,0.3316644385026738,-0.04192513368983958,0.6658665242570909,0.47960602170254335,0.11097160550828045,0.9237909138678533,0.37615615029601335,-0.2300954379352358
Go,Normal,Simulation Data,rounds,28,False,0.5708556149732619,0.4136564171122996,0.18343582887700538,0.8870788770053477,0.3740106951871656,-0.03774064171122992,0.6660106809422243,0.4911722855779514,0.12429727375176544,0.922193874609889,0.4151614539771433,-0.24272450160646286
Go,Normal,Simulation Data,rounds,29,False,0.5892045454545454,0.41350935828877006,0.16981283422459886,0.9002139037433156,0.3525401069518716,-0.034779411764705885,0.6833706755325566,0.499127990237855,0.09879493328414425,0.930194004309279,0.4125795755638377,-0.24005767400544809
Go,Normal,Simulation Data,rounds,30,False,0.5865240641711231,0.4156483957219252,0.1699866310160428,0.9035561497326203,0.35600267379679146,-0.05208556149732621,0.6810634140529706,0.5020664011130848,0.1135482457302653,0.9318245280932311,0.41968806857221763,-0.25724836164712395
Go,Normal,Simulation Data,rounds,31,False,0.6190307486631014,0.4268716577540107,0.1801604278074866,0.9020655080213903,0.34734625668449204,-0.028074866310160432,0.6964818389754321,0.5142291347237873,0.1352593359574801,0.9307187919540059,0.4157156999566754,-0.22434386153748712
Go,Normal,Simulation Data,rounds,32,False,0.6142580213903743,0.41935160427807505,0.1474064171122995,0.9085895721925134,0.3623529411764705,-0.03504679144385025,0.7019733674784796,0.5063642944431259,0.07085520108453104,0.9364441909853279,0.417396371529409,-0.2384292460380619
Go,Normal,Simulation Data,rounds,33,False,0.6096390374331552,0.4215842245989303,0.16495989304812828,0.9070922459893046,0.3651604278074865,-0.05478609625668447,0.7041704372332407,0.5053769531074491,0.0996016631156805,0.9344943572800013,0.4159064064296681,-0.26193097127564163
Go,Normal,Simulation Data,rounds,34,False,0.6177272727272727,0.4440240641711229,0.1628542780748663,0.9039839572192513,0.3531283422459894,-0.03703877005347594,0.7003397331654929,0.5371393602558414,0.10161600183450809,0.9328600277243086,0.4147258119102494,-0.2480304472375963
Go,Normal,Simulation Data,finish_all_rounds,None,True,0.6226671122994654,0.3197927807486631,0.1949866310160428,0.8996189839572193,0.3183489304812835,0.29360294117647046,0.7049478229029681,0.3827007504173599,0.14365600742866427,0.9291702256639697,0.3881299961090056,0.1828299223504677
Go,MultiGaussian,Simulation Data,rounds,1,False,0.746163101604278,0.5807286096256685,0.6493181818181817,0.6174598930481282,0.30879010695187153,0.29180481283422455,0.8279475923301866,0.709023864825236,0.7597483780562121,0.676761668549857,0.40990815031596894,0.15189741479609983
Go,MultiGaussian,Simulation Data,rounds,2,False,0.40586229946524055,0.3462232620320856,0.34089572192513373,0.5034491978609625,0.2273529411764706,0.10792780748663104,0.4239073939166801,0.3969854184858273,0.40059128163153135,0.5671571959563453,0.23309541967200528,0.016060354636592177
Go,MultiGaussian,Simulation Data,rounds,3,False,0.35773395721925133,0.2963970588235294,0.2075935828877005,0.4900534759358287,0.2803542780748663,0.04898395721925135,0.3796493892288651,0.33751153864282574,0.20568497793356869,0.5977649563271998,0.2973430778051293,-0.054772292728173605
Go,MultiGaussian,Simulation Data,rounds,4,False,0.33457219251336895,0.29920454545454545,0.16736631016042774,0.539705882352941,0.23469251336898395,0.023475935828877015,0.3503087053637014,0.31505661746337665,0.11930469873910975,0.6556257452774592,0.2669034358755236,-0.09051071343831608
Go,MultiGaussian,Simulation Data,rounds,5,False,0.36881684491978595,0.3268582887700534,0.17879679144385022,0.554010695187166,0.32852941176470585,0.016470588235294115,0.40507136483441,0.40198132043416185,0.12846306602624222,0.6701075865130117,0.3990140402981819,-0.13077507964145454
Go,MultiGaussian,Simulation Data,rounds,6,False,0.33504010695187153,0.33268716577540103,0.18264037433155075,0.6177473262032084,0.32485962566844917,0.010327540106951874,0.34996815850436547,0.40454126682660485,0.12350014420726707,0.721732672105594,0.3913467042600018,-0.10535821604619507
Go,MultiGaussian,Simulation Data,rounds,7,False,0.3704278074866311,0.3202807486631016,0.17817513368983956,0.638696524064171,0.34432486631016035,-0.005989304812834222,0.40663687317292097,0.3779556613223935,0.11024333971829404,0.7411545148712432,0.3973023762898672,-0.12055109066467935
Go,MultiGaussian,Simulation Data,rounds,8,False,0.3571657754010696,0.3571457219251337,0.15596256684491977,0.6824064171122992,0.3480280748663103,-0.013469251336898398,0.3987528593391733,0.44874171587476674,0.05253815446688707,0.7758697122878868,0.3934849118826235,-0.15692399977066906
Go,MultiGaussian,Simulation Data,rounds,9,False,0.3453275401069519,0.3696791443850268,0.15743983957219249,0.7298395721925133,0.3232419786096257,-0.007312834224598934,0.4132823188331532,0.45217497736737644,0.13292925508297243,0.8060859995942373,0.3777555423225241,-0.17505802419264252
Go,MultiGaussian,Simulation Data,rounds,10,False,0.39569518716577545,0.3949398395721925,0.17507352941176468,0.7514973262032086,0.3502272727272727,-0.006029411764705877,0.4473762179342373,0.46710607966477213,0.12033571742003538,0.82553612915807,0.40340863152845713,-0.17593126691097222
Go,MultiGaussian,Simulation Data,rounds,11,False,0.39086229946524065,0.3463970588235295,0.14491310160427806,0.7702606951871657,0.3656483957219253,-0.00508021390374332,0.45009335297399994,0.44198811456213005,0.05462997246461023,0.8391707681398283,0.4055217590538466,-0.17417978803455575
Go,MultiGaussian,Simulation Data,rounds,12,False,0.3517179144385027,0.4103141711229947,0.15470588235294117,0.7952673796791443,0.3791310160427807,-0.021363636363636366,0.4348096603055089,0.4840576326137114,0.10339870383852506,0.8566274445302882,0.43149985551690123,-0.17739172106128565
Go,MultiGaussian,Simulation Data,rounds,13,False,0.40747326203208567,0.380153743315508,0.17010695187165775,0.8210695187165774,0.3397326203208557,-0.04334893048128345,0.4570945117055355,0.4595144372745253,0.11498168368504424,0.8724582193208507,0.3884509142782268,-0.20759568769643835
Go,MultiGaussian,Simulation Data,rounds,14,False,0.4407018716577541,0.40123663101604296,0.1847727272727273,0.8087700534759358,0.3505080213903743,-0.03887032085561497,0.5006625265302919,0.4991201877258024,0.13862560634395918,0.8613223207631051,0.4012808654728386,-0.2185273648576408
Go,MultiGaussian,Simulation Data,rounds,15,False,0.4478008021390375,0.40995989304812835,0.18244652406417114,0.8251604278074864,0.3461096256684491,-0.025808823529411763,0.5178000269384309,0.49335127011625696,0.11647071134829011,0.8746968867241114,0.38077842236552,-0.18670367226148155
Go,MultiGaussian,Simulation Data,rounds,16,False,0.5124732620320855,0.3829411764705883,0.1766644385026738,0.8319852941176471,0.32155080213903736,-0.03661096256684493,0.5878360816498521,0.47163461698624176,0.10387135762461064,0.8796393233926346,0.3743998237686472,-0.19492586456781993
Go,MultiGaussian,Simulation Data,rounds,17,False,0.5091310160427808,0.3921858288770054,0.1552072192513369,0.8313168449197861,0.34227941176470594,-0.04385026737967913,0.5788772376313873,0.49515441410514766,0.08530471491582091,0.8819237160973796,0.4015104938284814,-0.22561778874717636
Go,MultiGaussian,Simulation Data,rounds,18,False,0.5343449197860961,0.39695855614973274,0.16849598930481283,0.8438168449197861,0.3102606951871657,-0.037352941176470596,0.6116698017098675,0.49056878638360774,0.09633988692846689,0.8901060252059159,0.35771077955696307,-0.21094361280448215
Go,MultiGaussian,Simulation Data,rounds,19,False,0.5446657754010694,0.4011497326203209,0.15612299465240637,0.8350735294117646,0.3535695187165775,-0.03546791443850268,0.623480469121843,0.48358804462944577,0.09365458250172196,0.8839437563404922,0.4146441547449104,-0.22748745133670817
Go,MultiGaussian,Simulation Data,rounds,20,False,0.5279679144385028,0.38880347593582876,0.19098262032085558,0.8473529411764708,0.32844251336898395,-0.03657754010695186,0.601833531745026,0.4513496482427934,0.1523179225926605,0.8939536175086457,0.3868758018698692,-0.22306722189732078
Go,MultiGaussian,Simulation Data,rounds,21,False,0.5369117647058824,0.4163903743315509,0.14519385026737963,0.841664438502674,0.32917112299465245,-0.04163101604278074,0.6325138164432592,0.49955307581411545,0.04407128626018987,0.8890460401363621,0.3820105752815891,-0.21514327278338552
Go,MultiGaussian,Simulation Data,rounds,22,False,0.547620320855615,0.39733288770053476,0.15362299465240645,0.8657419786096255,0.3378877005347593,-0.04133689839572192,0.6179702841103839,0.4834393154580321,0.09563368659862802,0.9065403282903705,0.3786686435079394,-0.23030396130473818
Go,MultiGaussian,Simulation Data,rounds,23,False,0.544966577540107,0.4282887700534759,0.18843582887700536,0.8626002673796797,0.3322927807486631,-0.04641711229946525,0.6261509936180587,0.5128979627272416,0.11755614324322833,0.9058844562483518,0.4158850928348521,-0.23158259522491892
Go,MultiGaussian,Simulation Data,rounds,24,False,0.547433155080214,0.39895053475935827,0.17034759358288779,0.8782620320855615,0.34169786096256693,-0.03997326203208558,0.6314701292649962,0.4886010392612235,0.10970282732831384,0.9168454411750632,0.36578678296571426,-0.22434123138980183
Go,MultiGaussian,Simulation Data,rounds,25,False,0.5607152406417112,0.3832419786096256,0.17927807486631012,0.875427807486631,0.3969385026737968,-0.04370989304812836,0.6512659116959818,0.46309620867382534,0.10976331786964043,0.91393799696972,0.44986303453594345,-0.22969458850010235
Go,MultiGaussian,Simulation Data,rounds,26,False,0.5962032085561497,0.4161029411764705,0.17774732620320863,0.8736764705882352,0.3555748663101605,-0.0403409090909091,0.6749113206419538,0.49079110236578743,0.13826821987875568,0.91268982112099,0.41410496892732135,-0.23394370858509428
Go,MultiGaussian,Simulation Data,rounds,27,False,0.5899999999999999,0.4249933155080214,0.16403074866310163,0.890942513368984,0.35087566844919793,-0.06473930481283424,0.675685127225854,0.5191688624798259,0.08943410970808094,0.9231243089929748,0.4066005397489605,-0.26404438694383314
Go,MultiGaussian,Simulation Data,rounds,28,False,0.5636096256684493,0.42887700534759365,0.14336898395721925,0.8891978609625666,0.3365040106951872,-0.043121657754010695,0.6496616074569104,0.506779137094481,0.13040047865198995,0.9230046307900805,0.40731292683235004,-0.24759818751394985
Go,MultiGaussian,Simulation Data,rounds,29,False,0.6110026737967912,0.3838235294117646,0.16552807486631013,0.8965708556149735,0.3488101604278075,-0.05603609625668447,0.6951044110688929,0.46786721642485296,0.12915873125047758,0.9279949551950369,0.41623906554475376,-0.25625173422011144
Go,MultiGaussian,Simulation Data,rounds,30,False,0.6034157754010697,0.41821524064171134,0.18083556149732616,0.8960895721925135,0.31843582887700533,-0.04812165775401068,0.6929020165248256,0.5196762328554364,0.11366687668711631,0.9272788766161213,0.375791878858012,-0.23573204101643172
Go,MultiGaussian,Simulation Data,rounds,31,False,0.5744451871657752,0.3944652406417113,0.17229946524064169,0.8972526737967911,0.3650066844919786,-0.053709893048128336,0.67220478948694,0.4699304395212677,0.11789371072403627,0.92660440898339,0.4176375034868184,-0.25373525731543534
Go,MultiGaussian,Simulation Data,rounds,32,False,0.5961430481283422,0.4213302139037433,0.17627005347593586,0.9035962566844915,0.32326871657754,-0.05441844919786098,0.6821398964350116,0.5003100595443108,0.09964044689612511,0.9322980449993685,0.38568158386596574,-0.26126922664300656
Go,MultiGaussian,Simulation Data,rounds,33,False,0.6397860962566846,0.41193181818181807,0.13877005347593582,0.9122326203208556,0.3642513368983957,-0.028743315508021398,0.72372406185908,0.5031645012353358,0.11364227883953781,0.9390570408610692,0.41249596983657566,-0.2390186202870282
Go,MultiGaussian,Simulation Data,rounds,34,False,0.6153810160427807,0.4002072192513368,0.157192513368984,0.9012433155080214,0.3115975935828877,-0.040995989304812845,0.7046022009672797,0.4882211275628493,0.10379340014871094,0.9306496027406523,0.36499258018420333,-0.23865896980829981
Go,MultiGaussian,Simulation Data,finish_all_rounds,None,True,0.6553275401069518,0.35084893048128335,0.1655280748663102,0.9069852941176473,0.3542780748663102,0.288288770053476,0.7268104168422985,0.4091300823758726,0.10896202177279422,0.9334717285028167,0.4251814068643454,0.17455146009866776
Badminton,,Real Data,rounds,1,False,0.5980614973262032,0.6501270053475936,0.6070989304812835,0.5091243315508023,0.2717513368983957,0.21867647058823528,0.7238861874213482,0.7599484989098552,0.7308557999641522,0.6221096997304034,0.3657276625217185,0.2257962846695879
Badminton,,Real Data,rounds,2,False,0.30146390374331555,0.4057352941176472,0.3713569518716577,0.30056818181818185,0.1895588235294118,0.12281417112299466,0.323966302776948,0.46569331004906206,0.44652570804321295,0.4222050350326817,0.17185162069629503,0.1775146951982687
Badminton,,Real Data,rounds,3,False,0.19310828877005354,0.34836229946524055,0.22876336898395724,0.25024064171122995,0.17482620320855624,0.09266711229946527,0.24694623587884756,0.39480144268706363,0.22895841719768673,0.431470786199726,0.16768124320666833,0.17125464762858866
Badminton,,Real Data,rounds,4,False,0.13712566844919788,0.3929344919786096,0.2111163101604279,0.32828877005347584,0.21044786096256676,0.06143716577540108,0.19328774468743018,0.42312143796429724,0.19465383551912094,0.5040235857858307,0.2642810410966301,0.1406708894302615
Badminton,,Real Data,rounds,5,False,0.13647058823529418,0.3819719251336899,0.16982620320855615,0.43437165775401065,0.2838302139037433,0.045909090909090906,0.17842775959670246,0.4525776088208815,0.12566015624481422,0.590742612458044,0.3634782473305064,0.13490610859100713
Badminton,,Real Data,rounds,6,False,0.12483288770053477,0.43695187165775395,0.17004010695187166,0.4618716577540106,0.364846256684492,0.04370320855614973,0.18478887047912662,0.5383134561353262,0.10844519923830598,0.6095481538316391,0.421428106216726,0.1387381309930649
Badminton,,Real Data,rounds,7,False,0.14441844919786098,0.4226537433155081,0.17693850267379677,0.5505347593582888,0.3608288770053476,0.06722593582887701,0.19618727062242963,0.5172480381381687,0.08461481373825931,0.6716221340832504,0.41994352471208285,0.15589548142358667
Badminton,,Real Data,rounds,8,False,0.1650601604278075,0.4539772727272727,0.19191176470588237,0.5897393048128343,0.4283556149732619,0.04083556149732621,0.18681459275468412,0.5503491260653655,0.12058739965866011,0.7037480038692467,0.4881037876292208,0.14748421279727067
Badminton,,Real Data,rounds,9,False,0.1454010695187166,0.4760360962566847,0.16078877005347597,0.6363836898395724,0.3654478609625669,0.06552139037433156,0.19225859188253008,0.5534678347925406,0.11614588235415567,0.7371703374409858,0.429435429989079,0.1614980416965703
Badminton,,Real Data,rounds,10,False,0.16644385026737968,0.4944719251336897,0.17917112299465235,0.648696524064171,0.42416443850267366,0.06134358288770052,0.25143476290524225,0.5707222234402125,0.1379215263211789,0.7475857259666436,0.48679806065360326,0.17668202784536305
Badminton,,Real Data,rounds,11,False,0.1979010695187165,0.4755548128342247,0.14830882352941177,0.6771189839572194,0.4013302139037433,0.05543449197860964,0.2944666744551567,0.57122049430545,0.09181229258568485,0.7720570225567651,0.46847724503908805,0.16733924261524116
Badminton,,Real Data,rounds,12,False,0.1632754010695187,0.502533422459893,0.17915775401069517,0.7173328877005347,0.4304010695187165,0.10239973262032084,0.2413081996988321,0.5938529070136441,0.11871856043018045,0.7959569659040736,0.4817475922333976,0.19659889640202377
Badminton,,Real Data,rounds,13,False,0.25099598930481276,0.5104545454545455,0.19395721925133685,0.7595922459893047,0.39636363636363625,0.07564839572192511,0.3529243680521458,0.6157445426548531,0.12233784026728438,0.8331671386617476,0.43460844948019967,0.18592499227002854
Badminton,,Real Data,rounds,14,False,0.2820788770053477,0.5348729946524065,0.16798796791443849,0.7897727272727272,0.36179144385026724,0.06192513368983957,0.4004602262758702,0.6293279239103711,0.1149573202376053,0.851532554652384,0.4414277031706168,0.17838629973173387
Badminton,,Real Data,rounds,15,False,0.3542179144385027,0.511831550802139,0.16921791443850265,0.8206684491978612,0.4043850267379679,0.0754879679144385,0.45254669618466453,0.6105382939177558,0.0876716998615512,0.8752799106561562,0.47692832744065206,0.18671445313259516
Badminton,,Real Data,rounds,16,False,0.4216377005347594,0.5259826203208554,0.1765441176470588,0.8408422459893048,0.3791042780748663,0.07744652406417109,0.5276622523050178,0.6138365711034358,0.12028268025956819,0.8865669474676436,0.44414657761309145,0.1896174779810541
Badminton,,Real Data,rounds,17,False,0.5163168449197861,0.47557486631016055,0.17210561497326204,0.8546390374331553,0.37165775401069523,0.09032085561497323,0.6062929735575676,0.5695016628409009,0.09977676419011967,0.8987487877898702,0.4292717986191754,0.18926367678011308
Badminton,,Real Data,rounds,18,False,0.5735160427807486,0.5304478609625667,0.17469919786096244,0.8653676470588231,0.3764371657754011,0.06885695187165776,0.6576107198317392,0.6130969980666883,0.131890800374853,0.9053957184623174,0.452674333511546,0.18521307261604344
Badminton,,Real Data,rounds,19,False,0.6134491978609626,0.5250668449197861,0.14649732620320857,0.8740641711229948,0.37094251336898393,0.07131016042780748,0.6874661701186148,0.5821257009304902,0.06855714691033715,0.9103001063033095,0.44007280713763824,0.18888794567123404
Badminton,,Real Data,rounds,20,False,0.6133756684491979,0.4890842245989305,0.16393716577540107,0.8814906417112298,0.3633422459893049,0.0967580213903743,0.6895176830444834,0.5972886591030419,0.0985980731628913,0.9165705169262182,0.42125179453801137,0.20342449481403221
Badminton,,Real Data,rounds,21,False,0.6565173796791441,0.5141042780748662,0.19770053475935825,0.8887433155080218,0.3853275401069519,0.10261363636363634,0.7310609132694154,0.6026003758983093,0.12479253064486338,0.9213394410077753,0.4391582983545501,0.20446403842418756
Badminton,,Real Data,rounds,22,False,0.6916778074866309,0.47427807486631013,0.18550802139037434,0.8973195187165772,0.3955147058823529,0.10184491978609625,0.7646809298978171,0.5744521654465959,0.10191876149315043,0.9290482357051231,0.4530202071733171,0.2011899470044428
Badminton,,Real Data,rounds,23,False,0.6945320855614974,0.5310026737967914,0.16506684491978607,0.9017647058823531,0.3791443850267381,0.0875200534759358,0.7636101995638188,0.6254466721450573,0.09048995691990981,0.931442169563706,0.4441265418411629,0.19700238126956438
Badminton,,Real Data,rounds,24,False,0.6755882352941177,0.5111831550802138,0.18731951871657754,0.8966377005347591,0.40667780748663096,0.08998663101604276,0.7551028891422873,0.5909821088409903,0.11623103106511826,0.9279068952265577,0.4535499411507328,0.20158249174328152
Badminton,,Real Data,rounds,25,False,0.6878943850267379,0.5193983957219251,0.182807486631016,0.8952874331550802,0.4002072192513369,0.10578208556149732,0.764205461273348,0.6152150801554072,0.10503978943061526,0.9283700759670751,0.4468932690292244,0.20484233598291263
Badminton,,Real Data,rounds,26,False,0.7065574866310159,0.5038368983957219,0.16773395721925133,0.9015441176470589,0.3812165775401069,0.10046791443850267,0.7839970287750385,0.599845675520078,0.09230372218061811,0.932883600146748,0.4462157448323401,0.20065381445841368
Badminton,,Real Data,rounds,27,False,0.6997660427807487,0.5013903743315509,0.17158422459893047,0.9046524064171121,0.38032754010695186,0.11735962566844921,0.7784576862953542,0.60464339391444,0.10742311822993439,0.9354760253792972,0.4295942264912084,0.22485849604570848
Badminton,,Real Data,rounds,28,False,0.7054812834224599,0.5311229946524063,0.18931818181818177,0.9133422459893048,0.38824866310160416,0.08100267379679148,0.786311928106285,0.6367001172733056,0.12620146037507549,0.9386044237803403,0.4663710561733786,0.19338461488683048
Badminton,,Real Data,rounds,29,False,0.6834959893048129,0.5102673796791446,0.17387700534759354,0.9170187165775401,0.39349598930481294,0.08187834224598926,0.7649689127535803,0.6068845330972336,0.1016537542948877,0.940968551644846,0.46217553800877254,0.17760088297381849
Badminton,,Real Data,rounds,30,False,0.7231016042780749,0.5248195187165777,0.19383021390374336,0.9175467914438503,0.36272058823529413,0.0975735294117647,0.801480014981108,0.6200955488786646,0.13794603912698283,0.9407766147620674,0.4256803240881525,0.1992523833021912
Badminton,,Real Data,rounds,31,False,0.7395655080213903,0.4975601604278075,0.17258021390374328,0.9222393048128344,0.41469251336898405,0.09036096256684491,0.8084781884026507,0.6083788437100314,0.10209009280353078,0.9442858278211661,0.4773229260000524,0.20119427783129556
Badminton,,Real Data,rounds,32,False,0.7347058823529413,0.499552139037433,0.16264705882352945,0.9254010695187168,0.3898262032085562,0.11069518716577542,0.809260696612489,0.5934690901206136,0.10444355506110334,0.9476277208721947,0.4607073170179193,0.2008188787750003
Badminton,,Real Data,rounds,33,False,0.7166911764705884,0.5025534759358288,0.1638903743315508,0.9169919786096259,0.4042446524064171,0.0873663101604278,0.795934834015639,0.6057185266622103,0.10075663930802775,0.9418048355180926,0.46070974416583,0.1997917392019909
Badminton,,Real Data,rounds,34,False,0.7163970588235293,0.5295521390374334,0.16265374331550805,0.92048128342246,0.3514104278074867,0.0860561497326203,0.7989911719859958,0.6285968938743053,0.09909465863586654,0.9435503106398501,0.4020491191380798,0.20040922255621368
Badminton,,Real Data,finish_all_rounds,None,True,0.7179144385026739,0.44227272727272704,0.21124331550802128,0.9171189839572196,0.4138101604278075,0.22188502673796795,0.7956082213863693,0.5330404748006393,0.13335962068856913,0.9404133630484987,0.46463796335163815,0.23704123083424353
Badminton,Uniform,Simulation Data,rounds,1,False,0.619605614973262,0.6613302139037434,0.651163101604278,0.506096256684492,0.3304545454545454,0.2039772727272727,0.7392789430214443,0.7693208112763482,0.7605744597241797,0.6214334339644583,0.44486952584714645,0.21574190615849595
Badminton,Uniform,Simulation Data,rounds,2,False,0.3156082887700535,0.45220588235294107,0.36649732620320846,0.3008355614973261,0.1817179144385027,0.072379679144385,0.3408461944321121,0.5093445872101993,0.4397549727818461,0.42162162547742116,0.18792417741072207,0.14558771821536262
Badminton,Uniform,Simulation Data,rounds,3,False,0.19538770053475937,0.3667580213903744,0.25564171122994656,0.2946991978609626,0.21501336898395723,0.07084893048128343,0.24427538138695964,0.43880978918546143,0.28040344164956754,0.46530243039048685,0.25277912816589243,0.15645045736977703
Badminton,Uniform,Simulation Data,rounds,4,False,0.15590240641711234,0.3972125668449198,0.21092914438502666,0.327433155080214,0.2472393048128343,0.06315508021390376,0.21807463433398155,0.4683225373183662,0.18130458606865324,0.5056409723990951,0.26561246863464294,0.15340569382031208
Badminton,Uniform,Simulation Data,rounds,5,False,0.14911764705882352,0.40588235294117647,0.18806149732620325,0.422533422459893,0.32203208556149737,0.05142379679144385,0.1856077452980919,0.4801948458758982,0.10724932892820853,0.5760562854029968,0.37885784205811907,0.14642511031237976
Badminton,Uniform,Simulation Data,rounds,6,False,0.12155748663101601,0.42617647058823527,0.2037032085561497,0.499144385026738,0.35126336898395727,0.06883689839572195,0.17788814129683864,0.5046918588803911,0.11996525361148558,0.6335838605929189,0.3858283349732517,0.1598787309835189
Badminton,Uniform,Simulation Data,rounds,7,False,0.1331951871657754,0.44283422459893046,0.20947860962566842,0.5178074866310161,0.4433155080213904,0.08195855614973262,0.19340425894835378,0.5228697693369517,0.12328605352579589,0.652734109046923,0.5111324958458549,0.17590137128225694
Badminton,Uniform,Simulation Data,rounds,8,False,0.15010695187165776,0.45921122994652414,0.17610962566844926,0.5813101604278076,0.38638368983957233,0.06048128342245992,0.19783032961479294,0.5396069082253131,0.11512024670104008,0.6985367968035647,0.46317746894466505,0.14978156136448822
Badminton,Uniform,Simulation Data,rounds,9,False,0.1685427807486631,0.4776069518716576,0.1621657754010695,0.6413836898395721,0.3891911764705882,0.060995989304812814,0.18799765035906518,0.5654586587904509,0.11218278588167746,0.741750806450924,0.4528645085070513,0.16780814411799796
Badminton,Uniform,Simulation Data,rounds,10,False,0.14739973262032088,0.5178275401069518,0.18140374331550807,0.6469451871657754,0.3920521390374331,0.04473930481283424,0.22455615251735966,0.6083805644736934,0.1087305187212568,0.7488377295536486,0.4529010484225063,0.16144724294480428
Badminton,Uniform,Simulation Data,rounds,11,False,0.2178475935828878,0.49601604278074857,0.18413770053475936,0.6987232620320859,0.40556818181818177,0.05955213903743315,0.30372589464642114,0.5954568878890659,0.10597176981212925,0.7864020437597697,0.4611909472356553,0.1727435455673219
Badminton,Uniform,Simulation Data,rounds,12,False,0.20692513368983956,0.46820187165775407,0.17911764705882352,0.7038235294117646,0.3863101604278076,0.09181149732620324,0.27710260597499636,0.5738057377716101,0.09428787747209326,0.7863567457499637,0.43372686510845443,0.19310159061272172
Badminton,Uniform,Simulation Data,rounds,13,False,0.24544786096256688,0.5056417112299466,0.1773997326203208,0.7542580213903743,0.37661096256684495,0.0963302139037433,0.3538119137713155,0.587536774984623,0.12517700057081188,0.8274765188375417,0.43921539171304813,0.19872327046198865
Badminton,Uniform,Simulation Data,rounds,14,False,0.26035427807486633,0.5179144385026737,0.17747994652406418,0.7807286096256689,0.38715240641711224,0.0977205882352941,0.37501464431106635,0.6202990741203736,0.1510940135348886,0.8466954610165233,0.4343448592577706,0.18475393889079725
Badminton,Uniform,Simulation Data,rounds,15,False,0.3424665775401069,0.5122660427807486,0.20123663101604275,0.8079144385026737,0.410173796791444,0.07304144385026737,0.4537792088012702,0.60705892496794,0.1331413652679783,0.8675187705661085,0.46405561456737976,0.18117292904918908
Badminton,Uniform,Simulation Data,rounds,16,False,0.442466577540107,0.5454812834224598,0.1951002673796792,0.8424264705882355,0.4036831550802138,0.07558155080213905,0.5496785381941092,0.6398347954139529,0.10982071509197107,0.8885849994969945,0.47439452446746727,0.18808555550918604
Badminton,Uniform,Simulation Data,rounds,17,False,0.538114973262032,0.514110962566845,0.15999331550802137,0.852366310160428,0.39659090909090927,0.08204545454545453,0.6434866445840477,0.610645988781625,0.09517018749265306,0.896232754122269,0.4726524702646604,0.19169313510785202
Badminton,Uniform,Simulation Data,rounds,18,False,0.571577540106952,0.5122192513368983,0.1481350267379679,0.861229946524064,0.4168248663101604,0.06368983957219253,0.6619356441513431,0.6005241581007197,0.05250514382085674,0.9015483070528302,0.4756724024823021,0.17860553355776215
Badminton,Uniform,Simulation Data,rounds,19,False,0.6209759358288768,0.513643048128342,0.17961898395721929,0.8765775401069519,0.3702874331550802,0.07755347593582887,0.6969028015491533,0.6013208056121498,0.10777232333483672,0.9120854864982663,0.4262809528741252,0.17664621924162194
Badminton,Uniform,Simulation Data,rounds,20,False,0.6157553475935831,0.5252673796791446,0.19967914438502674,0.8777072192513367,0.3954411764705882,0.09642379679144383,0.688286152352482,0.6114196520767902,0.12022536554704547,0.9150732776431572,0.46433403850759525,0.20299644843052467
Badminton,Uniform,Simulation Data,rounds,21,False,0.6592312834224597,0.4774131016042781,0.15606283422459893,0.8866711229946524,0.3997660427807487,0.0891644385026738,0.7313408343286502,0.5730505086977931,0.06752507826561031,0.921258359554268,0.46095726550752397,0.20221147001685677
Badminton,Uniform,Simulation Data,rounds,22,False,0.690207219251337,0.4868582887700535,0.18486631016042787,0.9001737967914438,0.36922459893048126,0.08546122994652407,0.7576521862226241,0.595931828109345,0.1126596105850029,0.9301626183956867,0.44049007819946107,0.1839235411266615
Badminton,Uniform,Simulation Data,rounds,23,False,0.7056483957219251,0.48524064171122994,0.17873663101604279,0.9015307486631019,0.39406417112299463,0.08762032085561497,0.7758414676602221,0.5802077165810486,0.11377088796007571,0.9306228730613918,0.4664029321555837,0.19946293154721356
Badminton,Uniform,Simulation Data,rounds,24,False,0.6765775401069517,0.4849197860962567,0.17263368983957217,0.8964973262032087,0.3875868983957219,0.11190508021390372,0.756137314687952,0.576381422956435,0.08780321907991974,0.9287307989102759,0.44929905071543547,0.2015250490931966
Badminton,Uniform,Simulation Data,rounds,25,False,0.6973863636363634,0.5325066844919786,0.19426470588235292,0.8982754010695185,0.3596590909090909,0.09241310160427804,0.7776596425316413,0.6249639070984319,0.16079154674082788,0.9312120168445656,0.4142223207006437,0.19843329138838256
Badminton,Uniform,Simulation Data,rounds,26,False,0.6855548128342247,0.5223596256684493,0.16838235294117646,0.9009692513368983,0.39396390374331547,0.1000601604278075,0.7686616267170922,0.6125046107006037,0.09377373491013585,0.933332428958243,0.45913589571362334,0.21074677106704157
Badminton,Uniform,Simulation Data,rounds,27,False,0.6937098930481284,0.4972794117647058,0.15687165775401074,0.9056082887700535,0.3861564171122994,0.09719919786096255,0.7726727100935026,0.5934518197233524,0.0979588932813202,0.9351120722666938,0.42330998622587473,0.2093803724905799
Badminton,Uniform,Simulation Data,rounds,28,False,0.7125133689839573,0.4925267379679144,0.1688302139037433,0.9113435828877008,0.394331550802139,0.09570855614973262,0.7903497041928741,0.5851720665193718,0.09203697823931523,0.937821084328535,0.44549180058082116,0.20159996787239792
Badminton,Uniform,Simulation Data,rounds,29,False,0.7156283422459891,0.48098262032085565,0.16419117647058823,0.9138502673796789,0.390514705882353,0.07349598930481287,0.7925677246796622,0.5913418732704856,0.10024429813618278,0.9381515150289914,0.4321486975240842,0.19143887825799155
Badminton,Uniform,Simulation Data,rounds,30,False,0.7393582887700534,0.5415775401069516,0.1886096256684492,0.9240975935828876,0.3864639037433156,0.08616310160427806,0.8086627573833525,0.63334676198853,0.12603050265970775,0.9447237557776959,0.45461184392204457,0.19567608169067288
Badminton,Uniform,Simulation Data,rounds,31,False,0.7381417112299465,0.4794251336898397,0.1742580213903743,0.9223863636363636,0.39306149732620327,0.10568181818181818,0.8085990177067016,0.5867971120203825,0.1055176150879298,0.9452031470492434,0.45186531986513684,0.21224955417894315
Badminton,Uniform,Simulation Data,rounds,32,False,0.7334291443850267,0.49306149732620314,0.19024732620320847,0.9237232620320858,0.3867847593582887,0.1187834224598931,0.810884843574442,0.5887380411071537,0.15075131903728364,0.9463525786125279,0.4301810893520994,0.22157347057996982
Badminton,Uniform,Simulation Data,rounds,33,False,0.7107352941176471,0.5234491978609627,0.17997994652406418,0.9136764705882352,0.3704812834224599,0.1127874331550802,0.7891839612722188,0.6192220625701955,0.13226507416457647,0.940410578131813,0.4130184302000592,0.2151138247051139
Badminton,Uniform,Simulation Data,rounds,34,False,0.7142713903743315,0.49872326203208545,0.16680481283422463,0.9177205882352942,0.3690240641711231,0.10814171122994652,0.7927672319527481,0.5944226609300355,0.11169226822930925,0.9421568218969868,0.4329730713044112,0.21850452686870347
Badminton,Uniform,Simulation Data,finish_all_rounds,None,True,0.7029211229946523,0.4021925133689841,0.18426470588235294,0.9138435828877004,0.374177807486631,0.2184157754010695,0.7865891208955589,0.48155674917009733,0.11930675162142705,0.939994005331852,0.43893347613239214,0.23129172061901532
Badminton,PL,Simulation Data,rounds,1,False,0.6001938502673798,0.6490173796791444,0.6198061497326202,0.4791109625668449,0.3065909090909091,0.1983355614973262,0.7260869236708836,0.7591406796769995,0.7393876527826432,0.597147910008608,0.4042033089262121,0.21881970187487337
Badminton,PL,Simulation Data,rounds,2,False,0.30050133689839564,0.4304211229946525,0.351042780748663,0.3230614973262032,0.2092647058823529,0.08968582887700535,0.32074769951687654,0.49033137251066417,0.41305046438394144,0.4435200998709334,0.20194750436416406,0.173574442298811
Badminton,PL,Simulation Data,rounds,3,False,0.19639705882352942,0.32645053475935837,0.2285494652406417,0.29893048128342253,0.14651737967914436,0.07578208556149732,0.24984610248366734,0.3649103014567951,0.2407563260645572,0.47203948851772815,0.17810796914781757,0.15657675496262546
Badminton,PL,Simulation Data,rounds,4,False,0.1354879679144385,0.3970588235294118,0.18158422459893053,0.2838235294117647,0.2122927807486631,0.08536764705882352,0.18796757198474245,0.4354387174694635,0.1409905217724623,0.4687804724058853,0.2370618529381795,0.16472478012738911
Badminton,PL,Simulation Data,rounds,5,False,0.17484625668449197,0.404639037433155,0.16413770053475932,0.41873663101604275,0.3182553475935828,0.06496657754010694,0.21471157326256063,0.46512858037281646,0.07490947063760048,0.582552663974885,0.37355982100206775,0.15055670289040995
Badminton,PL,Simulation Data,rounds,6,False,0.10491310160427808,0.430100267379679,0.1690909090909091,0.4867780748663101,0.3895989304812835,0.0529211229946524,0.1750114345796846,0.4998965330022675,0.09052600614608151,0.6255617636543951,0.4452640412872537,0.14655197742640938
Badminton,PL,Simulation Data,rounds,7,False,0.13100935828877008,0.439866310160428,0.15124331550802142,0.5412433155080214,0.4135360962566845,0.06668449197860961,0.19653981098976858,0.5317547850006453,0.05240093876296445,0.6635559450198342,0.5009790453801845,0.15853270871816763
Badminton,PL,Simulation Data,rounds,8,False,0.1628542780748663,0.4534090909090908,0.18812165775401074,0.5808155080213905,0.43566844919786085,0.06702540106951872,0.19454563711090195,0.5585701862166585,0.10058435049376704,0.6953611200177989,0.5121602015300476,0.15403850779034806
Badminton,PL,Simulation Data,rounds,9,False,0.15543449197860956,0.438529411764706,0.15618315508021388,0.6334826203208557,0.38632352941176473,0.04975267379679145,0.1733428416383784,0.5361630188659395,0.10438971216481649,0.7383585035644629,0.4510378308091769,0.15013319087888535
Badminton,PL,Simulation Data,rounds,10,False,0.14612299465240644,0.47959893048128344,0.21019385026737972,0.6509959893048126,0.36975267379679155,0.0736764705882353,0.2159592998248872,0.5777388583980024,0.14221259205133518,0.7513720671747671,0.43915027930554706,0.1803670577517704
Badminton,PL,Simulation Data,rounds,11,False,0.2139705882352942,0.4905213903743315,0.17142379679144384,0.6831550802139038,0.4013970588235293,0.06287433155080213,0.29980630682217946,0.593010163585229,0.0837002765812256,0.7766271978712621,0.45973233542245523,0.16249472423014585
Badminton,PL,Simulation Data,rounds,12,False,0.16990641711229948,0.499144385026738,0.16930481283422455,0.7159692513368984,0.39572192513369,0.08016042780748663,0.256059134795865,0.6076109650537288,0.08300555613506068,0.79776280218463,0.4555426692097605,0.1805990971622633
Badminton,PL,Simulation Data,rounds,13,False,0.2624064171122994,0.5193114973262033,0.16989304812834216,0.7611898395721924,0.39076203208556154,0.0518917112299465,0.35636957590197754,0.613040070052901,0.07852066570399022,0.8341584209905626,0.45951076319919903,0.1672770010483639
Badminton,PL,Simulation Data,rounds,14,False,0.28538101604278077,0.5060895721925135,0.17465240641711227,0.7960695187165778,0.3406483957219252,0.061544117647058826,0.38167025014044315,0.6082813815543132,0.11662003485774589,0.8566717513020078,0.38831054029602813,0.17239786299572352
Badminton,PL,Simulation Data,rounds,15,False,0.3339839572192514,0.5141310160427808,0.1803409090909091,0.8173529411764704,0.3595922459893049,0.06550133689839573,0.44116830585929356,0.5974926724773808,0.09701390011677079,0.8713084457940039,0.41835507343334943,0.1655687574268104
Badminton,PL,Simulation Data,rounds,16,False,0.4350601604278075,0.5251537433155081,0.18813502673796795,0.8313903743315509,0.3906885026737968,0.09008689839572188,0.5280763190644018,0.6229362918354179,0.1234637577101187,0.8817856034901752,0.44430866419209614,0.1875820770876895
Badminton,PL,Simulation Data,rounds,17,False,0.5019184491978609,0.5314572192513369,0.2107352941176471,0.8516042780748659,0.3722660427807486,0.08743315508021393,0.6056186578794671,0.6304547629240287,0.12668340068478495,0.8943110568936771,0.4406713152740522,0.19837062837303754
Badminton,PL,Simulation Data,rounds,18,False,0.5746390374331549,0.5046724598930481,0.17169117647058818,0.8617713903743318,0.3847459893048128,0.07816176470588236,0.654615151857876,0.5996736627818605,0.10417537731912675,0.9023069271740403,0.42782496548975496,0.18704680693920256
Badminton,PL,Simulation Data,rounds,19,False,0.5807887700534758,0.5034090909090908,0.17295454545454547,0.8802673796791443,0.40624999999999994,0.06008689839572192,0.659599280799779,0.5972817373082971,0.11535332293201106,0.91507607607799,0.4981605871953239,0.16920322790966302
Badminton,PL,Simulation Data,rounds,20,False,0.6221189839572191,0.519057486631016,0.17817513368983953,0.879672459893048,0.3971256684491978,0.0738903743315508,0.6874281124481874,0.6088632102850404,0.09612286126429845,0.9164136624486219,0.4522582765973781,0.18575762670169163
Badminton,PL,Simulation Data,rounds,21,False,0.6494050802139038,0.521644385026738,0.1798195187165775,0.8866510695187166,0.38754679144385007,0.07761363636363637,0.7191490029064311,0.6188292202876848,0.11997425510758872,0.9216262252536289,0.4402040365087379,0.18738374241015157
Badminton,PL,Simulation Data,rounds,22,False,0.6763903743315509,0.4802005347593583,0.1707352941176471,0.8999532085561495,0.37961229946524055,0.08761363636363638,0.745879563075746,0.5815394595792048,0.1193389723034344,0.9305329049294542,0.4505811398473105,0.19144169594874882
Badminton,PL,Simulation Data,rounds,23,False,0.6930080213903743,0.5088101604278076,0.19104946524064179,0.9058957219251337,0.3836631016042781,0.08582887700534761,0.760322275462078,0.604630708413427,0.11168969664599171,0.9349363471826558,0.4262827346964406,0.20110978103724725
Badminton,PL,Simulation Data,rounds,24,False,0.6807620320855616,0.49963903743315496,0.18247326203208553,0.8982085561497322,0.39077540106951886,0.07654411764705885,0.7526347479254053,0.5892931169593261,0.138560944818858,0.9295047404188211,0.43874038878850696,0.19317908589583196
Badminton,PL,Simulation Data,rounds,25,False,0.6921524064171122,0.5142513368983958,0.1701871657754011,0.8965173796791445,0.40467245989304795,0.09683823529411763,0.7734550777278091,0.6086426902054547,0.13497058778558832,0.9312522253733989,0.4619188145343386,0.19345491835423803
Badminton,PL,Simulation Data,rounds,26,False,0.6956216577540105,0.5180548128342245,0.16747994652406412,0.9011965240641711,0.4183489304812835,0.12393716577540108,0.7769092901076956,0.5999603238489083,0.09643650923798301,0.9340130416700859,0.47214606110986973,0.2204142059772834
Badminton,PL,Simulation Data,rounds,27,False,0.6879946524064172,0.5245053475935829,0.16923796791443857,0.9087633689839574,0.41808155080213893,0.09155748663101602,0.7709734104905712,0.6189280451063758,0.09468559718337785,0.9377030577264134,0.4608175792318629,0.20532665509578574
Badminton,PL,Simulation Data,rounds,28,False,0.7107352941176472,0.48281417112299463,0.15585561497326197,0.913803475935829,0.3782219251336898,0.08661764705882354,0.7907963028177616,0.5695762413208082,0.07213704046869078,0.9404246904912174,0.4291725450407368,0.18799814338436246
Badminton,PL,Simulation Data,rounds,29,False,0.7097259358288768,0.5360093582887699,0.1772794117647059,0.9133556149732618,0.3962232620320855,0.10415775401069519,0.787085378748083,0.6272731264980049,0.10897128351461345,0.9389035870617114,0.44927094711571336,0.20925613336173143
Badminton,PL,Simulation Data,rounds,30,False,0.7206885026737969,0.4972994652406417,0.1789171122994652,0.9170922459893047,0.3960561497326204,0.10041443850267379,0.7968114342609396,0.592419789951573,0.11889130114725496,0.9414922598300299,0.4530600596006089,0.20602608320853066
Badminton,PL,Simulation Data,rounds,31,False,0.7195187165775403,0.5113970588235294,0.17709224598930484,0.9190574866310162,0.3572660427807488,0.07993983957219253,0.789949684352678,0.6210564246300714,0.1055906425631126,0.9416206273970276,0.4344702464794334,0.19074586994666565
Badminton,PL,Simulation Data,rounds,32,False,0.7487834224598932,0.49839572192513354,0.18078208556149725,0.9195120320855614,0.3699732620320856,0.10820855614973261,0.8156061818427645,0.5965124113253549,0.0953522361730069,0.9428322534622299,0.46654184062240023,0.21098496794155788
Badminton,PL,Simulation Data,rounds,33,False,0.712553475935829,0.47292112299465244,0.1930013368983957,0.9190909090909091,0.3602205882352943,0.124177807486631,0.7892285915725122,0.5621566909962921,0.12375972262001614,0.942954762772169,0.4111184049225109,0.21382717751700414
Badminton,PL,Simulation Data,rounds,34,False,0.7031216577540108,0.5006885026737968,0.1921858288770053,0.9161631016042783,0.3918783422459894,0.0875267379679144,0.7876877500306163,0.5909497545417455,0.14838156433797323,0.9403793140852287,0.46672898205722746,0.19951880924045767
Badminton,PL,Simulation Data,finish_all_rounds,None,True,0.7251604278074866,0.4000534759358289,0.16225935828877006,0.9162032085561497,0.37404411764705897,0.19932486631016047,0.8016674950309806,0.47118070152630237,0.09325987064063879,0.9410150370973268,0.4219840202668227,0.21930171992030975
Badminton,Normal,Simulation Data,rounds,1,False,0.601403743315508,0.6298863636363636,0.6314304812834225,0.46425802139037453,0.3114237967914439,0.2221991978609626,0.7265171019791168,0.7462553400779222,0.7443029957400917,0.5867182674346209,0.4236939142633787,0.22836306086432803
Badminton,Normal,Simulation Data,rounds,2,False,0.2833355614973262,0.4364371657754011,0.35695855614973254,0.28122326203208564,0.19820187165775402,0.08589572192513367,0.3082177834309384,0.4906615563553282,0.4152631786771611,0.4084591528823119,0.18949279719910503,0.13901655376358993
Badminton,Normal,Simulation Data,rounds,3,False,0.20453877005347595,0.42783422459893056,0.24727272727272726,0.29648395721925136,0.13212566844919788,0.07606951871657752,0.2517515321239272,0.4779608599170552,0.2441731462697508,0.4659788244634935,0.15700641630799675,0.1472477943798748
Badminton,Normal,Simulation Data,rounds,4,False,0.1497660427807487,0.3524598930481282,0.18881684491978618,0.30955213903743317,0.26908422459893055,0.07218582887700534,0.21650211488061874,0.38558513214735607,0.16616370472672667,0.4875710288538471,0.30976723257529526,0.1522433799045163
Badminton,Normal,Simulation Data,rounds,5,False,0.11831550802139038,0.3763235294117647,0.1595788770053476,0.44850935828877014,0.28919786096256683,0.06145721925133687,0.1657793230913111,0.4541428153334597,0.1102461154904365,0.5935440624033084,0.3240972863919456,0.150912904346588
Badminton,Normal,Simulation Data,rounds,6,False,0.10102272727272728,0.4168315508021391,0.2045053475935829,0.4729812834224599,0.38221256684491983,0.03828877005347595,0.15241027265213045,0.4984495458196095,0.14794641089317864,0.6099845399330522,0.45163746715854464,0.13599231119758332
Badminton,Normal,Simulation Data,rounds,7,False,0.15048796791443853,0.4324331550802139,0.18614304812834226,0.5559358288770054,0.41624999999999984,0.06018716577540108,0.20689393941346954,0.5305263506093709,0.13704933118207274,0.676568774876969,0.48004972450764055,0.16453354795415848
Badminton,Normal,Simulation Data,rounds,8,False,0.15218582887700538,0.4506818181818182,0.18399064171122997,0.5834625668449196,0.4383890374331551,0.05268048128342249,0.1675296653091083,0.5433830350055638,0.13895492912665725,0.6983181213548153,0.4821863081224763,0.15528167857478864
Badminton,Normal,Simulation Data,rounds,9,False,0.1740975935828878,0.47146390374331565,0.21650401069518718,0.6134224598930483,0.35164438502673795,0.05998663101604278,0.1723157724415962,0.5568420297261241,0.16463274219894486,0.7230657790553096,0.40849746613581817,0.15001638841747253
Badminton,Normal,Simulation Data,rounds,10,False,0.17571524064171126,0.495307486631016,0.1958422459893048,0.6620387700534757,0.3751270053475935,0.05522727272727272,0.23378269995994475,0.5799180554399714,0.1324124490019839,0.7597021186476474,0.4594008722009828,0.1598916954563097
Badminton,Normal,Simulation Data,rounds,11,False,0.21388368983957218,0.45697860962566844,0.19693181818181815,0.6817045454545453,0.428716577540107,0.02825534759358288,0.3093801347575228,0.5459881436769812,0.14808640826031083,0.7756438279205685,0.5007091909018376,0.14074245819549758
Badminton,Normal,Simulation Data,rounds,12,False,0.17704545454545456,0.5012098930481286,0.18177139037433154,0.7151403743315509,0.3872393048128342,0.08185828877005345,0.25737431683080503,0.604387413815809,0.12280443549087437,0.7973237239559111,0.46036635438100193,0.18105404551978618
Badminton,Normal,Simulation Data,rounds,13,False,0.2592446524064171,0.47116310160427816,0.15824197860962563,0.7591844919786095,0.40882352941176464,0.06919786096256685,0.36098188023557426,0.572306111908862,0.09201269213242634,0.8332325271168866,0.46077594690777035,0.1825964616181647
Badminton,Normal,Simulation Data,rounds,14,False,0.25643048128342244,0.5003409090909091,0.18451203208556155,0.7984224598930482,0.3751203208556149,0.08490641711229947,0.36617097460020015,0.5776354448312916,0.09135169946918921,0.8588534281644701,0.45255447087837863,0.1880544928027842
Badminton,Normal,Simulation Data,rounds,15,False,0.3145922459893048,0.5133957219251337,0.19171122994652412,0.8072058823529409,0.37225935828877005,0.06178475935828878,0.436000795751357,0.5948618684385002,0.10711883049425913,0.8669490358948808,0.42129606743381437,0.17372918284525274
Badminton,Normal,Simulation Data,rounds,16,False,0.44509358288770057,0.5130748663101605,0.16339572192513366,0.8306617647058825,0.4067580213903743,0.09500668449197866,0.5448902698700461,0.6099856717123102,0.07804743889339102,0.8797880898047898,0.4720764056513269,0.19611236241222532
Badminton,Normal,Simulation Data,rounds,17,False,0.5146858288770053,0.4980548128342244,0.16282085561497325,0.8619719251336896,0.41163770053475923,0.0756951871657754,0.6115286839493751,0.6123318127478243,0.09131419278533727,0.9027397312085145,0.4507989444247152,0.17539266039823787
Badminton,Normal,Simulation Data,rounds,18,False,0.5513770053475935,0.5098863636363636,0.17221256684491976,0.8675534759358289,0.3941911764705882,0.08188502673796794,0.639272996386829,0.6116826391467003,0.11226219946841758,0.905947198763402,0.456633142597428,0.19424692257391973
Badminton,Normal,Simulation Data,rounds,19,False,0.5901804812834225,0.49762700534759363,0.1651336898395722,0.8712499999999997,0.39446524064171135,0.0796724598930481,0.6685735242142746,0.5916534592561496,0.05904677459177039,0.9075844580484245,0.4463788517842391,0.18571375100776608
Badminton,Normal,Simulation Data,rounds,20,False,0.6122125668449196,0.5276136363636363,0.1809959893048129,0.8789237967914437,0.37229946524064167,0.08520053475935828,0.6791899659471489,0.6211390516299651,0.08511600417643402,0.9142134622100909,0.43233475018956397,0.1905625347177255
Badminton,Normal,Simulation Data,rounds,21,False,0.6506483957219251,0.5237032085561499,0.1935695187165775,0.8882486631016043,0.38092914438502673,0.10296791443850269,0.7267666899015055,0.620211116889464,0.10604478172118562,0.9222956957273725,0.45395345330590464,0.20815244220441012
Badminton,Normal,Simulation Data,rounds,22,False,0.6861831550802138,0.4955681818181818,0.18836229946524066,0.8939304812834227,0.41361631016042777,0.09559491978609624,0.7543859371450198,0.6042560099233668,0.11174058380739595,0.9256542519433347,0.47234218268682004,0.19744328221053814
Badminton,Normal,Simulation Data,rounds,23,False,0.7014104278074866,0.49581550802139046,0.19572860962566843,0.8951136363636364,0.3808622994652406,0.07574866310160429,0.7674334786777122,0.5838393419391762,0.13675116313343927,0.9258983831206541,0.434686147359335,0.1864093102566762
Badminton,Normal,Simulation Data,rounds,24,False,0.6711497326203208,0.52173128342246,0.151918449197861,0.890701871657754,0.38810160427807505,0.09948529411764706,0.7495918901585279,0.6040216598331877,0.0495494899496703,0.924276006473158,0.4299713475820385,0.21324771872197318
Badminton,Normal,Simulation Data,rounds,25,False,0.6960895721925136,0.5118983957219251,0.19348262032085567,0.8962566844919785,0.40761363636363623,0.0744385026737968,0.7765848177582905,0.6126328450183692,0.13591918898833713,0.929298302161291,0.46893307980753945,0.18938255875590315
Badminton,Normal,Simulation Data,rounds,26,False,0.6946457219251337,0.4967780748663102,0.17365641711229948,0.9026002673796789,0.40726604278074874,0.10687165775401074,0.7779311861218777,0.5919131821429445,0.11227146084675216,0.9334956700786731,0.43931529055405233,0.2181182322004241
Badminton,Normal,Simulation Data,rounds,27,False,0.6787767379679144,0.4979278074866312,0.1778342245989305,0.901938502673797,0.39232620320855616,0.09424465240641712,0.7655226560438004,0.5824659404877486,0.07689798534764805,0.9334723569919767,0.4556098143076826,0.20959072809562723
Badminton,Normal,Simulation Data,rounds,28,False,0.702359625668449,0.522072192513369,0.16120989304812836,0.9119451871657754,0.40095588235294116,0.0959024064171123,0.7848768037299553,0.6053695163828035,0.07516234687583194,0.9377339422024232,0.4608419156078836,0.20824178048920858
Badminton,Normal,Simulation Data,rounds,29,False,0.7134358288770053,0.49429812834224585,0.18173796791443844,0.9182152406417111,0.4171590909090909,0.10119652406417114,0.791860168524987,0.5948146487133283,0.09028854499697701,0.942411596983678,0.4931981417495341,0.19837433301034235
Badminton,Normal,Simulation Data,rounds,30,False,0.7147727272727274,0.5248863636363637,0.13368315508021392,0.9170521390374329,0.3540775401069518,0.10444518716577543,0.7915065153331848,0.6177862663686308,0.08282426274441451,0.9399334629531438,0.4317791379749644,0.20435464955206994
Badminton,Normal,Simulation Data,rounds,31,False,0.736524064171123,0.5167045454545454,0.20155080213903748,0.9258823529411764,0.37647727272727266,0.12322860962566842,0.8095546656953364,0.5977143443682881,0.12232282059491068,0.9469684422824051,0.4198620238837947,0.22351474632440305
Badminton,Normal,Simulation Data,rounds,32,False,0.7330949197860959,0.5256216577540106,0.18314839572192512,0.9220788770053477,0.39199197860962554,0.09666443850267381,0.8101911148605737,0.624746710907191,0.09428419890533217,0.9448181060268732,0.44667186494985656,0.2029475870630424
Badminton,Normal,Simulation Data,rounds,33,False,0.7120187165775401,0.5285561497326203,0.17429144385026735,0.9164839572192511,0.3730882352941176,0.0872994652406417,0.791438271571687,0.6188409577328952,0.09635972801657014,0.9406331697545255,0.4573819314248447,0.19642918576904822
Badminton,Normal,Simulation Data,rounds,34,False,0.7165909090909094,0.5263101604278075,0.18485962566844927,0.9156951871657755,0.4165574866310161,0.10348930481283419,0.7959859230688803,0.6138776421102119,0.10012338414903281,0.939360700663531,0.4866855650925469,0.2124929694999649
Badminton,Normal,Simulation Data,finish_all_rounds,None,True,0.7224665775401075,0.43171791443850266,0.1678475935828877,0.9153877005347593,0.39258021390374326,0.23119652406417118,0.8004773793052512,0.5119016403949257,0.087289984007414,0.9402819327249934,0.4697043796572594,0.23240282338679383
Badminton,MultiGaussian,Simulation Data,rounds,1,False,0.6206283422459893,0.6373128342245991,0.6392513368983956,0.5044050802139038,0.21314171122994646,0.22899064171123,0.7402568000230292,0.7505524690682013,0.7524025867849211,0.6192486719307227,0.3339157716761178,0.23748562465575992
Badminton,MultiGaussian,Simulation Data,rounds,2,False,0.29241978609625663,0.39665775401069525,0.3777740641711231,0.3137633689839572,0.22288770053475943,0.1185561497326203,0.31602979507673895,0.45237835623728123,0.44634602073052504,0.4328316136985791,0.22353102205061617,0.17365764135297523
Badminton,MultiGaussian,Simulation Data,rounds,3,False,0.19881016042780753,0.4289304812834224,0.21352941176470583,0.29856283422459895,0.180120320855615,0.06399732620320855,0.2459040823007349,0.4746019026610824,0.2169863995326653,0.46942122756806826,0.21825361903687454,0.1315031069828329
Badminton,MultiGaussian,Simulation Data,rounds,4,False,0.13962566844919788,0.3848395721925133,0.20346256684491973,0.2916577540106952,0.21739973262032083,0.06463235294117645,0.1957019787058346,0.43136663478307197,0.18802180383121633,0.47343619606816767,0.27952719588668734,0.15387353418564068
Badminton,MultiGaussian,Simulation Data,rounds,5,False,0.14697192513368992,0.43188502673796797,0.18500668449197855,0.4140374331550803,0.298114973262032,0.08087566844919784,0.16979602132583038,0.5178885150299575,0.13224084064426836,0.5728805775015712,0.36577042819885947,0.16031491542749582
Badminton,MultiGaussian,Simulation Data,rounds,6,False,0.13741310160427808,0.389110962566845,0.16048796791443848,0.4694986631016044,0.3803877005347593,0.05665106951871657,0.18154658330874082,0.44750318290909186,0.08168209935681761,0.6068455111686142,0.4539368046767175,0.1490755515601995
Badminton,MultiGaussian,Simulation Data,rounds,7,False,0.11659090909090912,0.4434024064171123,0.16667112299465234,0.548422459893048,0.3780080213903743,0.0619318181818182,0.17213581137265174,0.5316563738565097,0.09732861155115363,0.6742058317154731,0.42911549235152413,0.15994370805255634
Badminton,MultiGaussian,Simulation Data,rounds,8,False,0.1451336898395722,0.44391711229946523,0.17537433155080212,0.5807419786096255,0.3784692513368983,0.02925802139037434,0.16019940111333442,0.5094845468491914,0.07179641897832317,0.6983778407567542,0.45944929223387343,0.13928972869046163
Badminton,MultiGaussian,Simulation Data,rounds,9,False,0.16807486631016044,0.46902406417112297,0.1844585561497325,0.6382419786096257,0.3712366310160428,0.07532085561497326,0.18814162148548877,0.5628773426414222,0.13315555712560104,0.7380991728758355,0.44308639110729103,0.1775719647821107
Badminton,MultiGaussian,Simulation Data,rounds,10,False,0.17081550802139037,0.47485294117647053,0.16409090909090915,0.6531751336898395,0.39493315508021387,0.03672459893048128,0.21888028307660323,0.5671821636865861,0.10605328079744883,0.7535065483331936,0.43537579791864967,0.1538573410394203
Badminton,MultiGaussian,Simulation Data,rounds,11,False,0.1977473262032085,0.4792112299465241,0.17156417112299469,0.6935427807486634,0.38881016042780764,0.06402406417112302,0.2853295855465605,0.5808184667513749,0.10897192776335057,0.7812278055714559,0.4620184934439488,0.16288407779710176
Badminton,MultiGaussian,Simulation Data,rounds,12,False,0.20483957219251336,0.5411029411764706,0.1571991978609626,0.7139705882352942,0.3777874331550802,0.04300802139037434,0.28444791327761376,0.6247804694201339,0.07598947390608889,0.7941431354255098,0.43083280346531666,0.1529890412796055
Badminton,MultiGaussian,Simulation Data,rounds,13,False,0.267533422459893,0.48670454545454545,0.18167112299465246,0.7574665775401068,0.4282152406417111,0.06985962566844924,0.35920211472322044,0.5917518385573795,0.17385660442497525,0.8316710888593748,0.495799592553737,0.1811888068043087
Badminton,MultiGaussian,Simulation Data,rounds,14,False,0.27751336898395723,0.5237633689839571,0.13252005347593585,0.7938435828877007,0.36528074866310173,0.09264705882352944,0.37816763805359654,0.6319761762086272,0.06358563549099704,0.8546117622346852,0.4493792554048717,0.19648278363523478
Badminton,MultiGaussian,Simulation Data,rounds,15,False,0.3493048128342246,0.5261965240641713,0.17628342245989306,0.8131550802139037,0.3643516042780749,0.08105614973262032,0.43683728727455384,0.6129534711265879,0.121389074366031,0.8701917660709911,0.41675971220033586,0.19118012172379154
Badminton,MultiGaussian,Simulation Data,rounds,16,False,0.4491978609625668,0.5128342245989306,0.19392379679144386,0.8345521390374334,0.4000935828877006,0.09414438502673801,0.5409750321926066,0.6035916793332805,0.11635631402075662,0.8813130700441077,0.4515077328383725,0.19522253879613416
Badminton,MultiGaussian,Simulation Data,rounds,17,False,0.5374598930481282,0.5217580213903742,0.1727072192513369,0.8556684491978609,0.43268716577540123,0.08879010695187166,0.6239481229766245,0.6168080986364018,0.09706302676115897,0.8998179590961746,0.500689696489863,0.19233267206403387
Badminton,MultiGaussian,Simulation Data,rounds,18,False,0.5835828877005347,0.47278743315508037,0.1634625668449198,0.851263368983957,0.4101938502673797,0.07294786096256685,0.6692119862893773,0.5593683157543109,0.1122931772845904,0.8958124935734822,0.4630708316687712,0.180457489741999
Badminton,MultiGaussian,Simulation Data,rounds,19,False,0.624605614973262,0.46606283422459904,0.1771457219251337,0.8729478609625668,0.37681818181818194,0.09780080213903743,0.7092598090888412,0.5357742676278946,0.10276297565733568,0.909923947320575,0.41574214713115,0.19972228921518487
Badminton,MultiGaussian,Simulation Data,rounds,20,False,0.6358890374331551,0.5235561497326204,0.17856283422459895,0.8750066844919785,0.4088569518716579,0.09306149732620321,0.7105854389397501,0.6185181284370418,0.10040546600481604,0.9113554415166724,0.4870730969523454,0.19648249155202432
Badminton,MultiGaussian,Simulation Data,rounds,21,False,0.6602139037433156,0.5067513368983958,0.17790106951871656,0.8892981283422461,0.3998529411764706,0.08782085561497324,0.7371481256539009,0.5804096676549748,0.09685272499724547,0.923361315678288,0.4651017845025636,0.18935953324785731
Badminton,MultiGaussian,Simulation Data,rounds,22,False,0.6829211229946524,0.5075601604278074,0.16495989304812833,0.8951136363636363,0.3658422459893048,0.09868983957219248,0.7558231850905612,0.6014985817473653,0.09083754817989209,0.9257496019305043,0.4035117313601685,0.20265182189823697
Badminton,MultiGaussian,Simulation Data,rounds,23,False,0.686764705882353,0.5143248663101604,0.1718850267379679,0.9000601604278076,0.4031885026737968,0.11002673796791441,0.7575693496731546,0.620559168000084,0.11955876934478243,0.929973071164095,0.4591487302875976,0.2103277690740291
Badminton,MultiGaussian,Simulation Data,rounds,24,False,0.6894318181818184,0.5064104278074865,0.1802473262032086,0.8934491978609624,0.35615641711229956,0.08547459893048132,0.7598729737138382,0.6035891836844454,0.08858849605818492,0.9271715133236826,0.42165433750195214,0.2002098448346776
Badminton,MultiGaussian,Simulation Data,rounds,25,False,0.7001069518716578,0.5074197860962567,0.14425133689839573,0.8955614973262028,0.40089572192513373,0.08594919786096256,0.7787746334303871,0.5902535063305779,0.07499234897485428,0.9278101791469757,0.48736737037277567,0.19144315943329676
Badminton,MultiGaussian,Simulation Data,rounds,26,False,0.7040975935828879,0.5276136363636362,0.17511363636363642,0.9028008021390374,0.3794318181818182,0.08188502673796792,0.7818680917511975,0.6317070551887777,0.0987589288814312,0.935316623927373,0.41366189128392483,0.1927135779719901
Badminton,MultiGaussian,Simulation Data,rounds,27,False,0.6798128342245991,0.5068449197860962,0.1840574866310161,0.8938569518716577,0.4017580213903743,0.12918449197860965,0.766214370379328,0.6117862019133796,0.14037655397857965,0.9283641775100354,0.47604484033541156,0.23001013422449632
Badminton,MultiGaussian,Simulation Data,rounds,28,False,0.7158622994652407,0.5192446524064169,0.20296791443850268,0.9121590909090911,0.3844518716577541,0.0923328877005347,0.7974675470621313,0.6172921208556527,0.11216066254460248,0.9377136208699436,0.4311905725774298,0.20848777415888695
Badminton,MultiGaussian,Simulation Data,rounds,29,False,0.7084157754010693,0.5406216577540105,0.1460895721925134,0.9075668449197862,0.381457219251337,0.09301470588235293,0.789897384340837,0.6393608592408012,0.04840494526114782,0.9351651873323916,0.4417130388559343,0.19726275701164103
Badminton,MultiGaussian,Simulation Data,rounds,30,False,0.7270922459893049,0.5294251336898395,0.1631751336898396,0.9180213903743315,0.3822994652406417,0.10054144385026738,0.8036801075995045,0.6132206729417738,0.12002153970040942,0.9406318453880134,0.4485613637519074,0.2089515815099018
Badminton,MultiGaussian,Simulation Data,rounds,31,False,0.7233489304812833,0.5141911764705883,0.18565508021390378,0.9203342245989304,0.3556216577540106,0.09531417112299467,0.7923008041420596,0.5999092476107499,0.11376607671542828,0.9431559774053297,0.40934517721171415,0.21698542322794892
Badminton,MultiGaussian,Simulation Data,rounds,32,False,0.7356350267379682,0.5359893048128344,0.2006818181818181,0.9285227272727272,0.39853609625668457,0.10381016042780747,0.8087612723492942,0.6239385302134762,0.1259410039075143,0.9490213113556863,0.4489657300365155,0.20394158296886808
Badminton,MultiGaussian,Simulation Data,rounds,33,False,0.7065374331550802,0.5006617647058823,0.1645454545454546,0.9131216577540109,0.389605614973262,0.09808155080213903,0.7911063168108251,0.598898126362153,0.1058214429239441,0.9385254082790343,0.4408754067246657,0.2088222297002045
Badminton,MultiGaussian,Simulation Data,rounds,34,False,0.705,0.5058957219251337,0.19289438502673797,0.9162967914438502,0.39102272727272736,0.08215240641711233,0.7841128092569659,0.5960487311603143,0.12164051538166674,0.9409823341519372,0.4495628057605924,0.19324082965832418
Badminton,MultiGaussian,Simulation Data,finish_all_rounds,None,True,0.7042847593582887,0.40733288770053483,0.17566176470588235,0.9185628342245987,0.3618181818181818,0.2010026737967915,0.7867036629738513,0.48515642330777686,0.10452554272835717,0.9416549338087482,0.4458826144588628,0.23482094023895728
