Match,Distribution Type,Data Type,Parameter Type,Parameter,Finish all rounds,Spearman Round Robin,Spearman Swiss Round,Spearman Double Elimination,Spearman Weighted Round Robin,Spearman Round Robin Knockout,Spearman Ladder Tournament,NDCG Spearman Round Robin,NDCG Spearman Swiss Round,NDCG Spearman Double Elimination,NDCG Spearman Weighted Round Robin,NDCG Spearman Round Robin Knockout,NDCG Spearman Ladder Tournament
StarCraft,,Real Data,rounds,1,False,0.5137032085561497,0.5040106951871658,0.36330213903743314,0.651403743315508,0.490975935828877,0.009692513368983913,0.47206483769705454,0.45720751931147263,0.5058727583544103,0.6887465777946743,0.5064604549810292,0.0262773917915472
StarCraft,,Real Data,rounds,2,False,0.651403743315508,0.5274064171122994,0.5297459893048129,0.6463903743315508,0.7102272727272727,0.013703208556149704,0.6524137155270996,0.6626969495600219,0.5594476940457014,0.7100815537288123,0.767990049796865,0.04421861648063008
StarCraft,,Real Data,rounds,3,False,0.7760695187165776,0.5989304812834224,0.46691176470588236,0.8018048128342246,0.794451871657754,-0.00401069518716568,0.7956502806318955,0.697051359555115,0.4905172494693991,0.8322143821892937,0.8460461337788915,0.052410206269791204
StarCraft,,Real Data,rounds,4,False,0.7479946524064172,0.8091577540106951,0.39070855614973266,0.8429144385026738,0.8205213903743316,-0.010695187165775444,0.7707753903633234,0.8476570295215693,0.46493792122382727,0.879579460179692,0.8821953616926095,0.053859731358322116
StarCraft,,Real Data,rounds,5,False,0.749331550802139,0.8282085561497327,0.36330213903743314,0.8445855614973262,0.8061497326203209,-0.00200534759358284,0.7646685610195819,0.8844653040008366,0.40785202360726525,0.8799373996039433,0.8601665450895561,-0.0024290844661583044
StarCraft,,Real Data,rounds,6,False,0.7443181818181819,0.8282085561497327,0.5441176470588236,0.8415775401069518,0.8836898395721925,-0.025735294117646967,0.7619054671547778,0.8810061663642853,0.6420807048169477,0.871831960241045,0.9149572810165185,0.025634795679349676
StarCraft,,Real Data,rounds,7,False,0.7302807486631016,0.7713903743315508,0.37332887700534756,0.8539438502673797,0.9351604278074866,-0.023729946524064127,0.7556716301192833,0.8410555726226423,0.5043997667770835,0.8982805447742483,0.9507624742326803,0.005794736295562597
StarCraft,,Real Data,rounds,8,False,0.7052139037433155,0.7637032085561497,0.34525401069518713,0.8853609625668449,0.8302139037433155,-0.03208556149732611,0.7406022082685617,0.8377597939133883,0.4667670261137282,0.9151378593995421,0.8783030406618691,-0.021458008328148592
StarCraft,,Real Data,rounds,9,False,0.7115641711229946,0.8693181818181819,0.39471925133689845,0.8689839572192514,0.9234625668449198,-0.044451871657753994,0.7564218209184733,0.9124259954280153,0.5085752652612692,0.9058340605176132,0.9426827256750998,-0.027163925647242237
StarCraft,,Real Data,rounds,10,False,0.7520053475935828,0.9217914438502673,0.4157754010695187,0.8960561497326203,0.8970588235294118,-0.04077540106951871,0.8091004993654358,0.945827883580645,0.5344680370608454,0.9288955166242926,0.9333273967625861,-0.021952907623097317
StarCraft,,Real Data,rounds,11,False,0.7894385026737968,0.9010695187165776,0.3626336898395722,0.902072192513369,0.8024732620320856,-0.043449197860962574,0.8496899180902782,0.9343245541795181,0.47640076828116495,0.9338825740391857,0.8532791765675919,0.016636410831341486
StarCraft,,Real Data,rounds,12,False,0.8262032085561497,0.8860294117647058,0.4117647058823529,0.9264705882352942,0.9087566844919786,-0.02606951871657759,0.8772818832052498,0.9247980657955417,0.5305929635165734,0.9494629808034395,0.9273633619084811,0.0060878173089544685
StarCraft,,Real Data,rounds,13,False,0.8612967914438503,0.9027406417112299,0.3519385026737968,0.9425133689839572,0.8111631016042781,-0.03275401069518713,0.9029674558315741,0.9345065964733145,0.48681874142050074,0.959326546376784,0.8293307403259387,0.0311143343668554
StarCraft,,Real Data,rounds,14,False,0.8927139037433155,0.8773395721925134,0.3566176470588235,0.9592245989304813,0.9261363636363636,-0.051804812834224556,0.9253787706278637,0.9143033692637548,0.4929952534489853,0.9720709189538603,0.9497562571211013,-0.027896561451118185
StarCraft,,Real Data,rounds,15,False,0.9258021390374331,0.9408422459893048,0.4231283422459893,0.9692513368983957,0.8482620320855615,-0.021390374331550888,0.9486985603793789,0.9595969545119594,0.5174201112787253,0.979253708153744,0.8976913533093733,0.038369228874013506
StarCraft,,Real Data,rounds,16,False,0.9301470588235294,0.9405080213903744,0.3709893048128342,0.9776069518716578,0.9064171122994652,-0.02774064171123003,0.9542658655549657,0.9617517050911021,0.4985100764547242,0.9853825133812925,0.9347975636899284,-0.01284172048728971
StarCraft,,Real Data,rounds,17,False,0.9532085561497327,0.9532085561497327,0.3536096256684492,0.9822860962566845,0.8061497326203209,-0.026403743315507988,0.969411773973023,0.9702147009847578,0.47632902062117977,0.9883924772133094,0.8705951036900772,0.04029577776031357
StarCraft,,Real Data,rounds,18,False,0.9562165775401069,0.9401737967914439,0.3348930481283422,0.9836229946524064,0.8328877005347594,-0.045454545454545414,0.9724269043465711,0.9594938559576306,0.494095389641272,0.9894746522637877,0.8857423038626372,-0.022899940656465168
StarCraft,,Real Data,rounds,19,False,0.9588903743315508,0.884024064171123,0.33689839572192515,0.983957219251337,0.8866978609625669,-0.02406417112299475,0.9735755651384891,0.9169775011025063,0.46100075820967124,0.9898499803324106,0.9214024376853223,0.04574538906882075
StarCraft,,Real Data,rounds,20,False,0.9635695187165776,0.920120320855615,0.4010695187165776,0.983957219251337,0.8806818181818181,-0.025401069518716568,0.976983112480659,0.945419883365505,0.534608885847546,0.9898499803324106,0.904797272275347,7.189937369100896e-05
StarCraft,,Real Data,rounds,21,False,0.9672459893048129,0.9224598930481284,0.3602941176470589,0.9829545454545454,0.8265374331550802,-0.020721925133689867,0.9787126297460597,0.9470981429882677,0.5143879150526773,0.9889245853519163,0.8817118634742056,0.006230232126503643
StarCraft,,Real Data,rounds,22,False,0.9665775401069518,0.8820187165775402,0.3673128342245989,0.9856283422459893,0.8803475935828877,-0.041443850267379734,0.9780126942519886,0.9215745871776265,0.4861823953149106,0.9905871326789527,0.9140525163915361,0.014248748607968653
StarCraft,,Real Data,rounds,23,False,0.9585561497326203,0.8856951871657754,0.30080213903743314,0.9842914438502673,0.8940508021390374,-0.025735294117646967,0.9728903168832681,0.9199336078694865,0.4426971700411714,0.9896039415271262,0.9230982822156989,-0.013591214107976146
StarCraft,,Real Data,rounds,24,False,0.9572192513368984,0.8168449197860963,0.3475935828877005,0.9859625668449198,0.8078208556149733,-0.03709893048128343,0.9718815055307425,0.8682690746882017,0.4845173958180683,0.9905405619213499,0.8683797163859142,0.03831406051301722
StarCraft,,Real Data,rounds,25,False,0.9488636363636364,0.8355614973262032,0.37266042780748665,0.9862967914438503,0.901403743315508,-0.02941176470588225,0.9659019174712095,0.8824617740277263,0.5206588836602193,0.9907725680657835,0.9334132464021622,-0.01865027220120008
StarCraft,,Real Data,rounds,26,False,0.946524064171123,0.9321524064171123,0.35528074866310155,0.9849598930481284,0.7259358288770054,-0.03175133689839571,0.9645103332088588,0.9550784918942458,0.47119675261329463,0.9899241308171506,0.790175494700656,0.038071125981742004
StarCraft,,Real Data,rounds,27,False,0.9505347593582888,0.8920454545454546,0.46724598930481287,0.9856283422459893,0.7717245989304813,-0.05514705882352944,0.9667567842676772,0.9296569053109341,0.5707864669565058,0.9905021208325471,0.8291205301362954,0.0064321547647138155
StarCraft,,Real Data,rounds,28,False,0.9505347593582888,0.9131016042780749,0.3880347593582888,0.982620320855615,0.8669786096256684,-0.02673796791443861,0.9677992914941503,0.939943396373502,0.49223740025805096,0.9886311415063771,0.9087962761595211,0.03440117371199758
StarCraft,,Real Data,rounds,29,False,0.9582219251336899,0.9268048128342246,0.3653074866310161,0.9829545454545454,0.9522058823529411,-0.014705882352941124,0.9726629114048566,0.9462890391409221,0.49753704676504773,0.988816688836553,0.9576606141917867,0.00943567691938707
StarCraft,,Real Data,rounds,30,False,0.9709224598930482,0.9545454545454546,0.44050802139037437,0.9832887700534759,0.8883689839572193,-0.046457219251336834,0.9809749094825336,0.9699673457665152,0.5475209742958407,0.9893535122319933,0.9264330012581995,0.018202102965346967
StarCraft,,Real Data,rounds,31,False,0.9712566844919787,0.8753342245989305,0.47894385026737973,0.9856283422459893,0.7640374331550802,-0.045120320855615015,0.9810239915540484,0.9156465822404989,0.5822384616420051,0.9907030814868852,0.8267519736575646,-0.006617159495014402
StarCraft,,Real Data,rounds,32,False,0.9756016042780749,0.9615641711229946,0.4251336898395722,0.9856283422459893,0.8509358288770054,-0.047459893048128254,0.9840687248815416,0.9741060747196236,0.5582117807521094,0.9907761760500657,0.8887519911237849,-0.01001007355691752
StarCraft,Uniform,Simulation Data,rounds,1,False,0.6173128342245989,0.6614304812834224,0.5394385026737968,0.7162433155080214,0.5297459893048129,0.03308823529411764,0.5967729793173491,0.7149239770443907,0.6316596790502234,0.724314890510668,0.508755942941473,0.06085119972937658
StarCraft,Uniform,Simulation Data,rounds,2,False,0.6483957219251337,0.6026069518716577,0.4809491978609626,0.6754679144385027,0.6794786096256684,0.018716577540106916,0.5488115401157462,0.6380164098691418,0.5165536301189529,0.7222294475012387,0.6451283800935752,0.023426463804730124
StarCraft,Uniform,Simulation Data,rounds,3,False,0.7172459893048129,0.5046791443850267,0.4184491978609626,0.7754010695187166,0.7105614973262032,0.0076871657754010725,0.7556294593002291,0.6289265968423072,0.5457792440867981,0.8174730285226132,0.7784018134592016,0.05935260953316712
StarCraft,Uniform,Simulation Data,rounds,4,False,0.7550133689839572,0.6493983957219251,0.3800133689839572,0.8165106951871658,0.8292112299465241,-0.013703208556149704,0.7251715209662926,0.7522484515266004,0.4826926858329196,0.8632317600059773,0.8820322010888935,0.03686243568705272
StarCraft,Uniform,Simulation Data,rounds,5,False,0.7556818181818181,0.6998663101604279,0.32386363636363635,0.8582887700534759,0.7169117647058824,-0.02941176470588225,0.7673355448701389,0.7881786481857759,0.34560352336438427,0.8877184906901001,0.8031050898718457,-0.005649647078018294
StarCraft,Uniform,Simulation Data,rounds,6,False,0.7483288770053476,0.7707219251336899,0.40508021390374327,0.848596256684492,0.8579545454545454,-0.03141711229946531,0.7640910321586043,0.8435040053654654,0.5350089305626633,0.8759060260044296,0.899447889265545,-0.002978512393136956
StarCraft,Uniform,Simulation Data,rounds,7,False,0.7169117647058824,0.8673128342245989,0.410427807486631,0.8482620320855615,0.8893716577540107,-0.042446524064171154,0.7470961109182555,0.9114357245139857,0.5413776222190512,0.8950664018628748,0.9163262305237897,-0.012872461678611336
StarCraft,Uniform,Simulation Data,rounds,8,False,0.7005347593582888,0.829879679144385,0.4588903743315508,0.8686497326203209,0.8078208556149733,-0.048128342245989275,0.7373735889880564,0.86063457233561,0.5655247226587912,0.9056697476518439,0.824802730902109,0.024911148005278716
StarCraft,Uniform,Simulation Data,rounds,9,False,0.6998663101604279,0.8265374331550802,0.3135026737967914,0.8729946524064172,0.7834224598930482,-0.050133689839572115,0.7497941139856288,0.881027591885153,0.43075791846224754,0.9079932872823031,0.8388339099974387,-0.009287669077144178
StarCraft,Uniform,Simulation Data,rounds,10,False,0.7516711229946524,0.9251336898395722,0.39004010695187163,0.892379679144385,0.8566176470588236,-0.02807486631016043,0.8088971893803613,0.9488217238837895,0.514095277719165,0.9268675256185244,0.8837857176943434,0.03108088522271446
StarCraft,Uniform,Simulation Data,rounds,11,False,0.7911096256684492,0.9408422459893048,0.3619652406417112,0.9034090909090909,0.8877005347593583,-0.02974598930481287,0.8504973110118856,0.9556173019028041,0.485215357804459,0.9345964533563494,0.9234062873165594,0.0015519826615933985
StarCraft,Uniform,Simulation Data,rounds,12,False,0.8322192513368984,0.9689171122994652,0.383355614973262,0.9264705882352942,0.8893716577540107,-0.02707219251336901,0.8813987349463399,0.9797217965154941,0.5121016489602076,0.9494629808034395,0.921030124047772,0.03608629126065499
StarCraft,Uniform,Simulation Data,rounds,13,False,0.8586229946524064,0.9060828877005348,0.384024064171123,0.9408422459893048,0.8683155080213903,-0.021056149732620266,0.901461722361039,0.9353090967672921,0.48991818226031114,0.9584356882606474,0.9035009177256927,0.051384730126580846
StarCraft,Uniform,Simulation Data,rounds,14,False,0.9027406417112299,0.8335561497326203,0.4331550802139037,0.9592245989304813,0.911096256684492,-0.03743315508021383,0.9324874898539641,0.883671040449017,0.5528550830864817,0.9720709189538603,0.9261898169954299,-0.004503712695804518
StarCraft,Uniform,Simulation Data,rounds,15,False,0.9258021390374331,0.6637700534759359,0.37767379679144386,0.9692513368983957,0.8322192513368984,-0.039438502673796894,0.9486023000338304,0.7059542082846817,0.5302210169521666,0.979253708153744,0.8661483473086307,0.033732197305988976
StarCraft,Uniform,Simulation Data,rounds,16,False,0.9321524064171123,0.865307486631016,0.33188502673796794,0.9776069518716578,0.8903743315508021,-0.03175133689839571,0.9554427994249206,0.9033253024823363,0.4875524432485221,0.9853825133812925,0.924056609041583,0.025879608516892416
StarCraft,Uniform,Simulation Data,rounds,17,False,0.9498663101604278,0.9187834224598931,0.35461229946524064,0.9822860962566845,0.9197860962566845,-0.03776737967914445,0.9675464699816406,0.946625530006937,0.48880884775737976,0.9883924772133094,0.9451631233517802,-0.023731742831165414
StarCraft,Uniform,Simulation Data,rounds,18,False,0.9568850267379679,0.936831550802139,0.4371657754010695,0.9836229946524064,0.9298128342245989,-0.03008021390374327,0.9727380170132536,0.9576125337926383,0.5446354542618685,0.9894746522637877,0.9512302422991753,-0.005775397176466024
StarCraft,Uniform,Simulation Data,rounds,19,False,0.9582219251336899,0.9144385026737968,0.2984625668449198,0.983957219251337,0.8673128342245989,-0.03442513368983957,0.9732209514545653,0.9412387977240119,0.44248760718224944,0.9898499803324106,0.912731098380656,-0.017754985143091595
StarCraft,Uniform,Simulation Data,rounds,20,False,0.9652406417112299,0.8820187165775402,0.41410427807486627,0.983957219251337,0.9204545454545454,-0.048796791443850296,0.9774542960625549,0.9177495580434503,0.5262280508689702,0.9898499803324106,0.9382071880144314,-0.025111871750139514
StarCraft,Uniform,Simulation Data,rounds,21,False,0.9652406417112299,0.8619652406417112,0.4197860962566845,0.9829545454545454,0.7436497326203209,-0.06450534759358284,0.9774522278097539,0.8972794320431322,0.5251682781653624,0.9889245853519163,0.8029931542481448,-0.04010978573648516
StarCraft,Uniform,Simulation Data,rounds,22,False,0.9625668449197861,0.8900401069518716,0.4421791443850267,0.9856283422459893,0.8094919786096256,-0.04010695187165769,0.9756708253202214,0.9242172991167202,0.5729514497639442,0.9905871326789527,0.8711893487406843,0.01586110309100075
StarCraft,Uniform,Simulation Data,rounds,23,False,0.9605614973262032,0.8770053475935828,0.4231283422459893,0.9842914438502673,0.8793449197860963,-0.021056149732620266,0.9740742481016662,0.9201372923686992,0.5403488039963885,0.9896039415271262,0.9111583280763131,0.0071315169728144445
StarCraft,Uniform,Simulation Data,rounds,24,False,0.9578877005347594,0.9077540106951871,0.3519385026737968,0.9859625668449198,0.8228609625668449,-0.03509358288770059,0.9722290944080207,0.9374717450233273,0.46658021573548736,0.9905405619213499,0.875433719232885,0.01880052831779333
StarCraft,Uniform,Simulation Data,rounds,25,False,0.9488636363636364,0.9445187165775402,0.48930481283422456,0.9862967914438503,0.7286096256684492,-0.03877005347593587,0.9660385453064353,0.9595662409038701,0.5717960176104057,0.9907725680657835,0.8038224955790411,-0.0262835033726867
StarCraft,Uniform,Simulation Data,rounds,26,False,0.9425133689839572,0.9247994652406417,0.3218582887700535,0.9849598930481284,0.8409090909090909,-0.03643048128342241,0.9622512926234335,0.9482846896202254,0.464056606375582,0.9899241308171506,0.890041975681438,-0.021428576138302402
StarCraft,Uniform,Simulation Data,rounds,27,False,0.9505347593582888,0.9502005347593583,0.4695855614973262,0.9856283422459893,0.811831550802139,-0.03108288770053469,0.9667567842676772,0.9666960041095375,0.5606635053502973,0.9905021208325471,0.8291960615584673,0.01918758161473333
StarCraft,Uniform,Simulation Data,rounds,28,False,0.9505347593582888,0.9184491978609626,0.29177807486631013,0.982620320855615,0.9364973262032086,-0.023395721925133728,0.9677992914941503,0.9417216923327068,0.44891853027596684,0.9886311415063771,0.946628101327297,0.02879814750960752
StarCraft,Uniform,Simulation Data,rounds,29,False,0.9582219251336899,0.8676470588235294,0.47058823529411764,0.9829545454545454,0.8295454545454546,-0.048128342245989275,0.9726629114048566,0.9122060928913016,0.583422692910949,0.988816688836553,0.8790001803840464,-0.025861227582851365
StarCraft,Uniform,Simulation Data,rounds,30,False,0.9709224598930482,0.9217914438502673,0.36898395721925137,0.9832887700534759,0.8422459893048129,-0.046457219251336834,0.9809749094825336,0.9484111159509715,0.49657890063084087,0.9893535122319933,0.895068796812229,0.026732895096543086
StarCraft,Uniform,Simulation Data,rounds,31,False,0.9712566844919787,0.8492647058823529,0.3826871657754011,0.9856283422459893,0.8927139037433155,-0.03074866310160429,0.9810239915540484,0.8978588746342062,0.48869101510927826,0.9907030814868852,0.9301849732473941,0.023352548780787852
StarCraft,Uniform,Simulation Data,rounds,32,False,0.9756016042780749,0.8602941176470589,0.37332887700534756,0.9856283422459893,0.7894385026737968,-0.022727272727272707,0.9840687248815416,0.8974346124778183,0.4979905354701758,0.9907761760500657,0.8508922783739595,0.04509204902623809
StarCraft,Normal,Simulation Data,rounds,1,False,0.6440508021390374,0.4682486631016043,0.4722593582887701,0.5658422459893049,0.5337566844919786,0.10628342245989308,0.6539650953831508,0.5523427727058113,0.588916970549209,0.6403980214139373,0.5573560697597295,0.07877873039476713
StarCraft,Normal,Simulation Data,rounds,2,False,0.5868983957219251,0.5,0.43114973262032086,0.6875,0.5802139037433155,0.009024064171123003,0.536428835764043,0.5423075576003749,0.5998298913197837,0.7301513835477198,0.6729849078810621,0.05291255621655422
StarCraft,Normal,Simulation Data,rounds,3,False,0.7553475935828877,0.5417780748663101,0.3121657754010695,0.7937834224598931,0.7573529411764706,0.017713903743315496,0.7443711524256252,0.6608448406996734,0.42197922713575076,0.82461254160495,0.801902493473947,0.05496328593965749
StarCraft,Normal,Simulation Data,rounds,4,False,0.7546791443850267,0.7118983957219251,0.27439839572192515,0.8181818181818181,0.8419117647058824,0.0016711229946524409,0.7798312921284425,0.7856421401208652,0.37372565370736255,0.8639134484872522,0.8881427272068154,0.003437234371457598
StarCraft,Normal,Simulation Data,rounds,5,False,0.7516711229946524,0.8081550802139037,0.3606283422459893,0.8562834224598931,0.8071524064171123,-0.023061497326203106,0.7647375670791849,0.865126716332676,0.4360960766477191,0.8862510118158544,0.8602076236180203,0.029025239684666304
StarCraft,Normal,Simulation Data,rounds,6,False,0.749331550802139,0.8098262032085561,0.3890374331550802,0.8455882352941176,0.9134358288770054,-0.013034759358288683,0.7645789385222156,0.8743262507757461,0.5200526906925818,0.874383057428445,0.9411082080163808,0.012559572532399477
StarCraft,Normal,Simulation Data,rounds,7,False,0.7463235294117647,0.8188502673796791,0.4812834224598931,0.8589572192513368,0.8141711229946524,-0.021390374331550888,0.7637794174934263,0.8791540017770694,0.5886009083364748,0.9007111771838867,0.8576471538573256,-0.011021040852920105
StarCraft,Normal,Simulation Data,rounds,8,False,0.7082219251336899,0.8913770053475936,0.3803475935828877,0.8796791443850267,0.883355614973262,-0.045788770053476036,0.7423169752050105,0.9288901581433363,0.5090183950637143,0.911964470532701,0.9186846713562108,-0.006115736464843868
StarCraft,Normal,Simulation Data,rounds,9,False,0.6998663101604279,0.8663101604278075,0.3024732620320856,0.8609625668449198,0.9060828877005348,-0.020053475935828846,0.749961055548874,0.9089095887158256,0.4344216120229134,0.9013700768025575,0.9325886324789217,0.03861906801015924
StarCraft,Normal,Simulation Data,rounds,10,False,0.7536764705882353,0.883355614973262,0.39070855614973266,0.8917112299465241,0.7937834224598931,-0.020721925133689867,0.8100426157829265,0.9148724454023205,0.48999472916424336,0.9265401814819438,0.8535512258010589,0.007411033719760596
StarCraft,Normal,Simulation Data,rounds,11,False,0.7894385026737968,0.9268048128342246,0.338903743315508,0.901403743315508,0.7787433155080214,-0.03676470588235303,0.849629048113725,0.9499328055150189,0.48141847207491517,0.9335085023781051,0.8029147191312347,0.03444855292989368
StarCraft,Normal,Simulation Data,rounds,12,False,0.8241978609625669,0.9552139037433155,0.35962566844919786,0.929144385026738,0.8031417112299465,-0.03308823529411775,0.8762065768446773,0.9713884974719778,0.4759854960753791,0.9508942167771516,0.8621117718687905,0.04052458175479501
StarCraft,Normal,Simulation Data,rounds,13,False,0.8556149732620321,0.8786764705882353,0.41276737967914434,0.9438502673796791,0.9358288770053476,-0.05414438502673802,0.8994334477036573,0.9162057748298854,0.5424219730513555,0.9600481777636481,0.9545941234625611,-0.03217177931302029
StarCraft,Normal,Simulation Data,rounds,14,False,0.8963903743315508,0.9197860962566845,0.4913101604278075,0.9592245989304813,0.8977272727272727,-0.023729946524064127,0.9276367126335714,0.9455127857707577,0.5854213637732146,0.9720709189538603,0.9219884137115297,0.03602707354206802
StarCraft,Normal,Simulation Data,rounds,15,False,0.9258021390374331,0.9274732620320856,0.45788770053475936,0.9692513368983957,0.8669786096256684,-0.039438502673796894,0.9486985603793789,0.9520262853359525,0.5670039981449165,0.979253708153744,0.9019185352056203,-0.021939275714622397
StarCraft,Normal,Simulation Data,rounds,16,False,0.9334893048128342,0.8843582887700535,0.48429144385026734,0.9776069518716578,0.8495989304812834,-0.03676470588235303,0.9561260126958413,0.9243759582000312,0.5933860547348067,0.9853825133812925,0.8986696087621021,0.02916280754539502
StarCraft,Normal,Simulation Data,rounds,17,False,0.9532085561497327,0.9278074866310161,0.25267379679144386,0.9822860962566845,0.8519385026737968,-0.019385026737967825,0.9693778131383386,0.95395784910285,0.41333137583670176,0.9883924772133094,0.8959227360103299,0.04699801269076165
StarCraft,Normal,Simulation Data,rounds,18,False,0.954879679144385,0.8953877005347594,0.4652406417112299,0.9836229946524064,0.8104946524064172,-0.02673796791443861,0.9716071847666978,0.9254990356207086,0.5739116845018449,0.9894746522637877,0.8572145394144174,0.03201734845635107
StarCraft,Normal,Simulation Data,rounds,19,False,0.9588903743315508,0.9485294117647058,0.3245320855614974,0.983957219251337,0.9338235294117647,-0.04177807486631013,0.9735694452678666,0.9655334484047859,0.46706712975057363,0.9898499803324106,0.9564430932980386,-0.015907505330697402
StarCraft,Normal,Simulation Data,rounds,20,False,0.9629010695187166,0.8352272727272727,0.464572192513369,0.983957219251337,0.874331550802139,-0.044451871657753994,0.9760714910057403,0.8807634148034473,0.5628247401574902,0.9898499803324106,0.8932794026376559,-0.02765354703568912
StarCraft,Normal,Simulation Data,rounds,21,False,0.9699197860962567,0.9027406417112299,0.40808823529411764,0.9829545454545454,0.8863636363636364,-0.03241978609625673,0.9801538741422562,0.9315039493663478,0.548635765290058,0.9889245853519163,0.9164828036368354,0.033344571018838254
StarCraft,Normal,Simulation Data,rounds,22,False,0.963903743315508,0.9084224598930482,0.47660427807486627,0.9856283422459893,0.8318850267379679,-0.043449197860962574,0.9764411796490003,0.937613839171067,0.5942702806646472,0.9905871326789527,0.8785763625137718,-0.013563655244371198
StarCraft,Normal,Simulation Data,rounds,23,False,0.9545454545454546,0.9251336898395722,0.3348930481283422,0.9842914438502673,0.8843582887700535,-0.013703208556149704,0.9707208694559379,0.9477477159646835,0.4834435041811149,0.9896039415271262,0.9163853531433229,0.052855158235165955
StarCraft,Normal,Simulation Data,rounds,24,False,0.9532085561497327,0.9164438502673797,0.23462566844919786,0.9859625668449198,0.8318850267379679,-0.03542780748663099,0.9696027734928115,0.9456445111273113,0.39872106617668823,0.9905405619213499,0.8864509444872846,0.03714443626907693
StarCraft,Normal,Simulation Data,rounds,25,False,0.9441844919786097,0.9281417112299465,0.4334893048128342,0.9862967914438503,0.8826871657754011,-0.03542780748663099,0.9633224268141495,0.9520080844245438,0.5449445645341078,0.9907725680657835,0.9062136183945546,-0.007655659986529395
StarCraft,Normal,Simulation Data,rounds,26,False,0.946524064171123,0.9114304812834224,0.4274732620320856,0.9849598930481284,0.7804144385026738,-0.011029411764705843,0.9644277092814982,0.935131861083846,0.557709606945612,0.9899241308171506,0.8368522909477324,0.012632831897657404
StarCraft,Normal,Simulation Data,rounds,27,False,0.9505347593582888,0.9441844919786097,0.3385695187165776,0.9856283422459893,0.911096256684492,-0.017379679144384985,0.9667567842676772,0.9628917336874665,0.4974093421121645,0.9905021208325471,0.9337584328050951,0.0059009533030941475
StarCraft,Normal,Simulation Data,rounds,28,False,0.9505347593582888,0.8241978609625669,0.3622994652406417,0.982620320855615,0.7810828877005348,-0.03609625668449201,0.9677992914941503,0.8863445777905584,0.4977121255792821,0.9886311415063771,0.8487002923030816,0.0004870231214916254
StarCraft,Normal,Simulation Data,rounds,29,False,0.9582219251336899,0.8228609625668449,0.383355614973262,0.9829545454545454,0.9418449197860963,-0.022058823529411686,0.9726629114048566,0.8667711826424329,0.508839062226317,0.988816688836553,0.9584109013862827,0.0004785731913780067
StarCraft,Normal,Simulation Data,rounds,30,False,0.9709224598930482,0.8993983957219251,0.3846925133689839,0.9832887700534759,0.9087566844919786,-0.018382352941176405,0.9809749094825336,0.9292206829485882,0.5304628476040871,0.9893535122319933,0.9384027511191891,0.04636337062784368
StarCraft,Normal,Simulation Data,rounds,31,False,0.9712566844919787,0.9328208556149733,0.3559491978609626,0.9856283422459893,0.8549465240641712,-0.047125668449197855,0.9810239915540484,0.9560529619610232,0.4883174235894354,0.9907030814868852,0.9002098636203948,0.02388432398829221
StarCraft,Normal,Simulation Data,rounds,32,False,0.9756016042780749,0.9037433155080214,0.3312165775401069,0.9856283422459893,0.928475935828877,-0.039438502673796894,0.9840687248815416,0.9348094098440868,0.47996061925977196,0.9907761760500657,0.9507249401945338,0.028203335311994593
StarCraft,Zipf,Simulation Data,rounds,1,False,0.6798128342245989,0.3656417112299465,0.43048128342245995,0.5932486631016043,0.6186497326203209,0.06517379679144386,0.7566391969299595,0.3511671368945781,0.47444943838336606,0.6662599559434726,0.6367853347793916,0.10002006230186944
StarCraft,Zipf,Simulation Data,rounds,2,False,0.5935828877005347,0.5304144385026738,0.4114304812834224,0.6811497326203209,0.7540106951871658,0.018716577540106916,0.6018255406512998,0.6773897552739828,0.47506264114797403,0.7241744178917322,0.8096330965791274,0.02213276119358054
StarCraft,Zipf,Simulation Data,rounds,3,False,0.7540106951871658,0.6517379679144385,0.3656417112299465,0.7830882352941176,0.8114973262032086,0.014037433155080214,0.7318192290595029,0.7122670419923605,0.4770290435147183,0.8217773796481139,0.8615398349209652,0.059681758999440615
StarCraft,Zipf,Simulation Data,rounds,4,False,0.7306149732620321,0.7155748663101604,0.47159090909090906,0.8121657754010695,0.8566176470588236,-0.002673796791443861,0.7623837604516784,0.7830539532956564,0.5681428677969536,0.861283255420069,0.9016638552893831,0.007958588878578587
StarCraft,Zipf,Simulation Data,rounds,5,False,0.75,0.6821524064171123,0.4381684491978609,0.8345588235294118,0.9064171122994652,-0.019719251336898447,0.7643723499558084,0.7840230633716154,0.5223214462786463,0.874582382913241,0.9120020969379361,0.005734567258318557
StarCraft,Zipf,Simulation Data,rounds,6,False,0.7356283422459893,0.7974598930481284,0.37299465240641716,0.8412433155080214,0.9358288770053476,-0.03241978609625673,0.757066311635647,0.8607317420044152,0.500013655224661,0.8715958807524434,0.9560082398588421,-0.007439110931430015
StarCraft,Zipf,Simulation Data,rounds,7,False,0.7449866310160428,0.8054812834224598,0.5053475935828877,0.8643048128342246,0.9087566844919786,-0.02941176470588225,0.7633655431816305,0.8680620070186619,0.5919731472031203,0.9039946189386281,0.9347816502613195,0.04360662507742752
StarCraft,Zipf,Simulation Data,rounds,8,False,0.7108957219251337,0.8556149732620321,0.42580213903743314,0.8853609625668449,0.9445187165775402,-0.05046791443850274,0.7433270791041227,0.8988303800468153,0.5383220699966691,0.915074816982743,0.9585498586284059,0.01554684837875775
StarCraft,Zipf,Simulation Data,rounds,9,False,0.7149064171122994,0.8586229946524064,0.3004679144385026,0.8646390374331551,0.9034090909090909,-0.03241978609625673,0.7590394850499066,0.9020745920161035,0.4370789644397388,0.9033027380621924,0.9279437719927282,0.0003664286784171855
StarCraft,Zipf,Simulation Data,rounds,10,False,0.7533422459893049,0.9191176470588235,0.4007352941176471,0.8897058823529411,0.7767379679144385,-0.014037433155080103,0.809918690767647,0.9453136277587905,0.5496553887070652,0.9254056756555407,0.813912214833608,0.010874236183118557
StarCraft,Zipf,Simulation Data,rounds,11,False,0.7927807486631016,0.8295454545454546,0.4288101604278075,0.9037433155080214,0.8793449197860963,-0.05882352941176472,0.8514489185519274,0.8782797414765044,0.5393892271465197,0.9347827906825922,0.9103092265755963,-0.034655128981988526
StarCraft,Zipf,Simulation Data,rounds,12,False,0.8345588235294118,0.9127673796791443,0.4231283422459893,0.929144385026738,0.8830213903743316,-0.05046791443850274,0.8827316815501122,0.943116949633192,0.5565632384331874,0.9508942167771516,0.922971239587145,-0.025609694031664798
StarCraft,Zipf,Simulation Data,rounds,13,False,0.8589572192513368,0.9588903743315508,0.3004679144385026,0.9438502673796791,0.9074197860962567,-0.045120320855615015,0.9014160706815922,0.9738611537718156,0.43947500229370595,0.9600481777636481,0.9296961668018918,0.02518923525501926
StarCraft,Zipf,Simulation Data,rounds,14,False,0.8987299465240641,0.9141042780748663,0.38135026737967914,0.9592245989304813,0.865307486631016,-0.03208556149732611,0.929143752669532,0.9423280239055742,0.5134378535146753,0.9720709189538603,0.9048688932710779,0.03128669977032639
StarCraft,Zipf,Simulation Data,rounds,15,False,0.9268048128342246,0.9137700534759359,0.4812834224598931,0.9692513368983957,0.9174465240641712,-0.03910427807486627,0.9493201930384396,0.9383165217505458,0.5958876883848381,0.979253708153744,0.9384949005727898,-0.004508039226381433
StarCraft,Zipf,Simulation Data,rounds,16,False,0.9298128342245989,0.9010695187165776,0.3800133689839572,0.9776069518716578,0.9348262032085561,-0.048796791443850296,0.9542051216481486,0.9321237408629317,0.511619281231092,0.9853825133812925,0.9459047117916815,0.012817946265422764
StarCraft,Zipf,Simulation Data,rounds,17,False,0.9538770053475936,0.9241310160427807,0.3927139037433155,0.9822860962566845,0.9174465240641712,-0.018716577540107027,0.9698490115843073,0.9483907442922271,0.5371236651896605,0.9883924772133094,0.9415257345395991,0.0018704697655347324
StarCraft,Zipf,Simulation Data,rounds,18,False,0.9568850267379679,0.8850267379679144,0.454879679144385,0.9836229946524064,0.6313502673796791,-0.048796791443850296,0.9727878270479209,0.9173828892412822,0.5816916141037763,0.9894746522637877,0.705882430470293,-0.02615034053070775
StarCraft,Zipf,Simulation Data,rounds,19,False,0.9568850267379679,0.8713235294117647,0.4371657754010695,0.983957219251337,0.9488636363636364,-0.02506684491978617,0.9724879782724052,0.9177495718846443,0.5373706582390216,0.9898499803324106,0.965071311048488,-0.0033896459817885916
StarCraft,Zipf,Simulation Data,rounds,20,False,0.9629010695187166,0.9151069518716577,0.3435828877005348,0.983957219251337,0.8790106951871658,-0.052807486631015976,0.9760714910057403,0.9332179205982558,0.48522493733342387,0.9898499803324106,0.9041672933174533,-0.018350684836833553
StarCraft,Zipf,Simulation Data,rounds,21,False,0.9685828877005348,0.8114973262032086,0.36363636363636365,0.9829545454545454,0.8552807486631016,-0.03877005347593587,0.9793730169228533,0.8551769296498061,0.49327871788106226,0.9889245853519163,0.9006944738067876,-0.012689978539205837
StarCraft,Zipf,Simulation Data,rounds,22,False,0.9632352941176471,0.8633021390374331,0.35160427807486627,0.9856283422459893,0.6684491978609626,-0.03141711229946531,0.9760738993192165,0.910763732297116,0.4925139387449553,0.9905871326789527,0.7550640751459085,0.04349047244900217
StarCraft,Zipf,Simulation Data,rounds,23,False,0.9578877005347594,0.9455213903743316,0.2820855614973262,0.9842914438502673,0.8679812834224598,-0.020387700534759468,0.9725230365534843,0.9606804474207561,0.4210014996889945,0.9896039415271262,0.8995633537187638,0.006788808377517497
StarCraft,Zipf,Simulation Data,rounds,24,False,0.9545454545454546,0.9274732620320856,0.23596256684491979,0.9859625668449198,0.9234625668449198,-0.03776737967914445,0.9703036332993202,0.9517401431827099,0.40899661815912913,0.9905405619213499,0.9434833439989914,0.01837011631493357
StarCraft,Zipf,Simulation Data,rounds,25,False,0.9455213903743316,0.8920454545454546,0.3114973262032086,0.9862967914438503,0.8556149732620321,-0.041443850267379734,0.964036613479827,0.9183613796323942,0.46962044437652406,0.9907725680657835,0.889664780841884,0.018752653543206987
StarCraft,Zipf,Simulation Data,rounds,26,False,0.9451871657754011,0.8602941176470589,0.4879679144385026,0.9849598930481284,0.8977272727272727,-0.03141711229946531,0.9636637125811535,0.8998005799863409,0.5970700444179201,0.9899241308171506,0.9297463360124528,0.032770412170927465
StarCraft,Zipf,Simulation Data,rounds,27,False,0.9505347593582888,0.9131016042780749,0.44919786096256686,0.9856283422459893,0.8566176470588236,-0.02774064171123003,0.9667567842676772,0.9417871794576573,0.5695919964060976,0.9905021208325471,0.8895819887621471,0.04222767963439056
StarCraft,Zipf,Simulation Data,rounds,28,False,0.9505347593582888,0.8853609625668449,0.37834224598930477,0.982620320855615,0.865975935828877,-0.021724598930481287,0.9677992914941503,0.9259975798820141,0.527430371473353,0.9886311415063771,0.9012806640804517,0.04439567595493976
StarCraft,Zipf,Simulation Data,rounds,29,False,0.9582219251336899,0.9147727272727273,0.3696524064171123,0.9829545454545454,0.8696524064171123,-0.043449197860962574,0.9726629114048566,0.9424896520253558,0.48007223081472783,0.988816688836553,0.9058182167049095,0.01397186941703732
StarCraft,Zipf,Simulation Data,rounds,30,False,0.9709224598930482,0.9217914438502673,0.4281417112299465,0.9832887700534759,0.8810160427807486,-0.016711229946523964,0.9809749094825336,0.9487971948021962,0.5394553455302569,0.9893535122319933,0.9159897365041432,0.050714575085035185
StarCraft,Zipf,Simulation Data,rounds,31,False,0.9712566844919787,0.7924465240641712,0.4274732620320856,0.9856283422459893,0.8753342245989305,-0.03275401069518713,0.9810239915540484,0.8576989148946149,0.5222470796216709,0.9907030814868852,0.916208000148599,0.026345740206524915
StarCraft,Zipf,Simulation Data,rounds,32,False,0.9756016042780749,0.9127673796791443,0.4281417112299465,0.9856283422459893,0.8606283422459893,-0.04010695187165769,0.9840687248815416,0.9414974069388731,0.5408346076131574,0.9907761760500657,0.8972505369725123,-0.010072988810489125
StarCraft,MultiGaussian,Simulation Data,rounds,1,False,0.5317513368983957,0.43014705882352944,0.6112967914438503,0.6360294117647058,0.6400401069518716,0.03008021390374327,0.4975622287489967,0.40330010861548593,0.7053040041910128,0.6733020122547703,0.584317330584952,0.05878144561734511
StarCraft,MultiGaussian,Simulation Data,rounds,2,False,0.6313502673796791,0.5578208556149733,0.5381016042780749,0.6798128342245989,0.71524064171123,0.011697860962566864,0.5175111424636291,0.677811941856787,0.6217769300893966,0.7318332919369895,0.7700623983660354,0.024175398606599896
StarCraft,MultiGaussian,Simulation Data,rounds,3,False,0.7804144385026738,0.5929144385026738,0.3843582887700535,0.8064839572192514,0.7807486631016043,0.023729946524064127,0.7961426395398093,0.6540907687130968,0.5078444410864522,0.8368902504833936,0.8232005037078196,0.06710541788576563
StarCraft,MultiGaussian,Simulation Data,rounds,4,False,0.7593582887700535,0.5965909090909092,0.3402406417112299,0.8399064171122994,0.8663101604278075,-0.005681818181818121,0.7775978401409128,0.712331530883362,0.45340330694680275,0.8760489337540912,0.9126348028093815,0.012144425221749189
StarCraft,MultiGaussian,Simulation Data,rounds,5,False,0.7580213903743316,0.704879679144385,0.31049465240641716,0.8455882352941176,0.8739973262032086,-0.005681818181818121,0.7682043178967126,0.7932780427625753,0.36302199394222023,0.8803407361112477,0.9140028722976936,0.017493618959257162
StarCraft,MultiGaussian,Simulation Data,rounds,6,False,0.7436497326203209,0.6918449197860963,0.41276737967914434,0.8399064171122994,0.9007352941176471,-0.021056149732620266,0.761811151247695,0.7677659735122662,0.5474125530770275,0.8705955382015772,0.9345380727598407,0.04705914700604652
StarCraft,MultiGaussian,Simulation Data,rounds,7,False,0.7309491978609626,0.8562834224598931,0.3800133689839572,0.8439171122994652,0.8489304812834224,-0.046457219251336834,0.7558317976210762,0.9015834095538603,0.5201759558067827,0.8922741372988462,0.8741744364782095,-0.005178661974249765
StarCraft,MultiGaussian,Simulation Data,rounds,8,False,0.7105614973262032,0.874331550802139,0.4334893048128342,0.8790106951871658,0.8198529411764706,-0.044117647058823595,0.7431169197714581,0.9164293013736495,0.5650717588928003,0.9116063752922735,0.8584678337901881,0.016272015702175735
StarCraft,MultiGaussian,Simulation Data,rounds,9,False,0.7112299465240641,0.848596256684492,0.4498663101604278,0.8736631016042781,0.7306149732620321,-0.050133689839572115,0.75648530221746,0.9000742642530415,0.5509094990857217,0.9084929160458437,0.8180841446669977,0.010224444427750834
StarCraft,MultiGaussian,Simulation Data,rounds,10,False,0.7513368983957219,0.8532754010695187,0.39070855614973266,0.8900401069518716,0.785427807486631,-0.03877005347593587,0.8087026002403399,0.8973353923024955,0.4981588519884752,0.9255661608133613,0.8467235967119509,-0.0022791469928067354
StarCraft,MultiGaussian,Simulation Data,rounds,11,False,0.7924465240641712,0.9117647058823529,0.28709893048128343,0.9054144385026738,0.8806818181818181,-0.02506684491978617,0.8514259853045048,0.9439283587186679,0.434830912259335,0.935693718791156,0.9188790048462663,0.04302056212448946
StarCraft,MultiGaussian,Simulation Data,rounds,12,False,0.830548128342246,0.9127673796791443,0.40942513368983957,0.9261363636363636,0.910427807486631,-0.05548128342245984,0.8801695561447497,0.9374100062076096,0.514370900679646,0.9492785325590036,0.9333948563669263,-0.03148676170628062
StarCraft,MultiGaussian,Simulation Data,rounds,13,False,0.8596256684491979,0.8960561497326203,0.38068181818181823,0.9418449197860963,0.8582887700534759,-0.02707219251336901,0.9020765977154375,0.9262066513072843,0.49182491224906744,0.9589608446030594,0.8857465416369682,-0.006992285583276248
StarCraft,MultiGaussian,Simulation Data,rounds,14,False,0.8927139037433155,0.9177807486631016,0.3362299465240641,0.9592245989304813,0.8415775401069518,-0.051136363636363535,0.9264750847539954,0.9411079102934932,0.4942317274300301,0.9720709189538603,0.8662613255881525,0.012710115104505482
StarCraft,MultiGaussian,Simulation Data,rounds,15,False,0.9244652406417112,0.9508689839572193,0.2847593582887701,0.9692513368983957,0.920120320855615,-0.03609625668449201,0.9478487537150377,0.9654573533833224,0.45477950924212807,0.979253708153744,0.9453644427892609,0.032596374032514364
StarCraft,MultiGaussian,Simulation Data,rounds,16,False,0.9388368983957219,0.9057486631016043,0.4017379679144385,0.9776069518716578,0.8766711229946524,-0.041443850267379734,0.9592532559775092,0.9359018330200028,0.5395261789905632,0.9853825133812925,0.9053634211634526,-0.01198455313232305
StarCraft,MultiGaussian,Simulation Data,rounds,17,False,0.9525401069518716,0.9187834224598931,0.23128342245989308,0.9822860962566845,0.8121657754010695,-0.017045454545454586,0.9691471606437805,0.9399643491932056,0.38701870710686326,0.9883924772133094,0.8701334300058498,0.05240568865959738
StarCraft,MultiGaussian,Simulation Data,rounds,18,False,0.9568850267379679,0.9040775401069518,0.4241310160427807,0.9836229946524064,0.7737299465240641,-0.03475935828876997,0.9726886517621592,0.9329143672534363,0.5369660553082547,0.9894746522637877,0.8319358826611258,-0.009727680104191672
StarCraft,MultiGaussian,Simulation Data,rounds,19,False,0.9582219251336899,0.9224598930481284,0.5070187165775402,0.983957219251337,0.8185160427807486,-0.03008021390374327,0.9732209514545653,0.9482104901600745,0.6267876962637038,0.9898499803324106,0.877966758572624,0.0014330630969836555
StarCraft,MultiGaussian,Simulation Data,rounds,20,False,0.9629010695187166,0.9097593582887701,0.2934491978609626,0.983957219251337,0.6828208556149733,-0.03843582887700525,0.9760714910057403,0.9393283824063217,0.4287316140777321,0.9898499803324106,0.7003685335111032,-0.0024518966450179924
StarCraft,MultiGaussian,Simulation Data,rounds,21,False,0.964572192513369,0.911096256684492,0.40508021390374327,0.9829545454545454,0.8713235294117647,-0.03810160427807485,0.9771137719184466,0.9396745682303077,0.525394312696749,0.9889245853519163,0.9122204372127583,-0.009818665706873064
StarCraft,MultiGaussian,Simulation Data,rounds,22,False,0.9665775401069518,0.8993983957219251,0.40508021390374327,0.9856283422459893,0.9137700534759359,-0.022058823529411686,0.9779860335687482,0.9348216214977272,0.5134291245563993,0.9905871326789527,0.9396673636373,0.04870811150078713
StarCraft,MultiGaussian,Simulation Data,rounds,23,False,0.9598930481283422,0.9361631016042781,0.47526737967914434,0.9842914438502673,0.8332219251336899,-0.03409090909090917,0.9737069677718824,0.9567108953688034,0.5797735654068921,0.9896039415271262,0.8697044200556645,-0.016007064504929502
StarCraft,MultiGaussian,Simulation Data,rounds,24,False,0.9598930481283422,0.9271390374331551,0.46156417112299464,0.9859625668449198,0.7891042780748663,-0.02840909090909083,0.973350093151564,0.9454145997897354,0.586475869709674,0.9905405619213499,0.8496536972739119,0.03675049939801489
StarCraft,MultiGaussian,Simulation Data,rounds,25,False,0.9461898395721925,0.8462566844919786,0.35060160427807485,0.9862967914438503,0.8472593582887701,-0.03676470588235303,0.9644396874788221,0.8938016674505656,0.4920940169811744,0.9907725680657835,0.8926085198167152,0.0009545742970881177
StarCraft,MultiGaussian,Simulation Data,rounds,26,False,0.946524064171123,0.8155080213903744,0.4906417112299465,0.9849598930481284,0.847927807486631,-0.016711229946523964,0.9645103332088588,0.8694361655882679,0.6066327385525705,0.9899241308171506,0.8820096168468348,0.042185090174807316
StarCraft,MultiGaussian,Simulation Data,rounds,27,False,0.9505347593582888,0.9154411764705882,0.4241310160427807,0.9856283422459893,0.8663101604278075,-0.022393048128342308,0.9667567842676772,0.9408458544838857,0.5341082301080862,0.9905021208325471,0.8995734508504769,0.042527347977622254
StarCraft,MultiGaussian,Simulation Data,rounds,28,False,0.9505347593582888,0.8606283422459893,0.3385695187165776,0.982620320855615,0.9435160427807486,-0.03108288770053469,0.9677992914941503,0.902012970044313,0.4744775462484436,0.9886311415063771,0.9635910107953132,0.03453978200097474
StarCraft,MultiGaussian,Simulation Data,rounds,29,False,0.9582219251336899,0.891042780748663,0.3472593582887701,0.9829545454545454,0.9064171122994652,-0.04077540106951871,0.9726629114048566,0.9192618293763403,0.48165435005146695,0.988816688836553,0.9345925993558915,-0.006505709470388865
StarCraft,MultiGaussian,Simulation Data,rounds,30,False,0.9709224598930482,0.8997326203208557,0.5026737967914439,0.9832887700534759,0.8733288770053476,-0.03342245989304815,0.9809749094825336,0.9292470740513539,0.602048056939749,0.9893535122319933,0.8820083794174677,-0.018833092909622096
StarCraft,MultiGaussian,Simulation Data,rounds,31,False,0.9712566844919787,0.8937165775401069,0.5280748663101604,0.9856283422459893,0.9321524064171123,-0.019050802139037426,0.9810239915540484,0.9287841048078246,0.6228611192795537,0.9907030814868852,0.9474978294941528,0.04454936527014686
StarCraft,MultiGaussian,Simulation Data,rounds,32,False,0.9756016042780749,0.919451871657754,0.28409090909090906,0.9856283422459893,0.7927807486631016,-0.02941176470588225,0.9840687248815416,0.949389707750932,0.41479961395705867,0.9907761760500657,0.8492746535562223,0.034156462882229954
Tennis,,Real Data,rounds,1,False,0.6681149732620321,0.3713235294117647,0.41744652406417115,0.5671791443850267,0.5207219251336899,0.044786096256684504,0.7392612197052797,0.33656468370483605,0.5798808176309953,0.6827944654534399,0.45249390562113234,0.058375334546618696
Tennis,,Real Data,rounds,2,False,0.6587566844919786,0.2185828877005348,0.10995989304812837,0.7262700534759359,0.3970588235294118,0.009358288770053513,0.741564047964509,0.2973253962503912,0.08876613454473903,0.8099038689784388,0.4891804015348663,0.04237321639456293
Tennis,,Real Data,rounds,3,False,0.750668449197861,0.2777406417112299,0.3786764705882353,0.8469251336898396,0.616644385026738,0.0,0.8051851661723727,0.23975958858185398,0.49798006420790975,0.8793467639866859,0.7238708543438839,0.030237545654628217
Tennis,,Real Data,rounds,4,False,0.7369652406417112,0.6834893048128342,0.30982620320855614,0.8536096256684492,0.5397727272727273,-0.021390374331550888,0.8028209855568804,0.7635804347299697,0.2348137367409806,0.8961067285256443,0.6577523092125981,-0.06886503944891453
Tennis,,Real Data,rounds,5,False,0.6861631016042781,0.6898395721925134,0.3629679144385026,0.8368983957219251,0.7038770053475936,-0.05481283422459904,0.7737573360566953,0.7716608124326751,0.38515192296304734,0.8900313407239983,0.7951783031187655,-0.07136915198943106
Tennis,,Real Data,rounds,6,False,0.7426470588235294,0.6330213903743316,0.32419786096256686,0.8619652406417112,0.7349598930481284,-0.013368983957219305,0.8180728896495054,0.746155322396016,0.4528556845605771,0.9043928035579035,0.8191326721282984,-0.04662165910992688
Tennis,,Real Data,rounds,7,False,0.7245989304812834,0.6122994652406417,0.32352941176470584,0.8559491978609626,0.7142379679144385,-0.045788770053476036,0.8066675788080416,0.7170870844894304,0.41063563622093147,0.9052856386431319,0.8192116619342863,-0.06918872835857615
Tennis,,Real Data,rounds,8,False,0.7279411764705883,0.8850267379679144,0.2847593582887701,0.893048128342246,0.6915106951871658,-0.014037433155080103,0.7991207468308664,0.9212293108723815,0.3977128414679486,0.9263913107792937,0.7486152252526317,0.020042245437064232
Tennis,,Real Data,rounds,9,False,0.7169117647058824,0.6898395721925134,0.34191176470588236,0.9017379679144385,0.7149064171122994,-0.05046791443850274,0.7912449690762605,0.7918164993758063,0.4570468111645679,0.9328425045322761,0.7656767753605556,-0.07080115854352109
Tennis,,Real Data,rounds,10,False,0.7098930481283423,0.8021390374331551,0.20354278074866305,0.8796791443850267,0.6443850267379679,-0.03008021390374327,0.8056420515833027,0.8678717329224414,0.35315855080175607,0.9221109363203789,0.7492947076929402,-0.059697298121671905
Tennis,,Real Data,rounds,11,False,0.6798128342245989,0.7794117647058824,0.22259358288770048,0.8850267379679144,0.8211898395721925,-0.03008021390374327,0.7835869453228016,0.8532584643826895,0.3455110185999932,0.9249568553167614,0.8826810353627862,0.011876959500646045
Tennis,,Real Data,rounds,12,False,0.722927807486631,0.8108288770053476,0.3118315508021391,0.884024064171123,0.5785427807486632,-0.03609625668449201,0.8201579052372747,0.8692067804721285,0.4173638523894765,0.9258573344016203,0.6791772669831366,-0.07189286758831592
Tennis,,Real Data,rounds,13,False,0.714572192513369,0.7683823529411764,0.23328877005347592,0.9258021390374331,0.7005347593582888,-0.016711229946523964,0.8040208129418902,0.8395398350709089,0.3821490758527907,0.9516242343628926,0.7950175900524765,-0.05357679622319589
Tennis,,Real Data,rounds,14,False,0.7496657754010696,0.6744652406417112,0.05481283422459893,0.936831550802139,0.5865641711229946,-0.05481283422459904,0.8240839345932849,0.7785426092975456,0.2648728750853616,0.9588012451833412,0.5117784531672057,-0.07367314913238743
Tennis,,Real Data,rounds,15,False,0.8255347593582888,0.7436497326203209,0.3342245989304813,0.9408422459893048,0.7760695187165776,-0.03843582887700525,0.8827831846602393,0.8307170404498544,0.45902397455144683,0.9621455225738534,0.829044952221437,0.0049420837806666285
Tennis,,Real Data,rounds,16,False,0.8482620320855615,0.8469251336898396,0.30080213903743314,0.9358288770053476,0.7857620320855615,-0.071524064171123,0.8970750040257065,0.8990059648479698,0.39240939060989943,0.9592752211786393,0.8326719917540356,-0.08171720177361386
Tennis,,Real Data,rounds,17,False,0.8713235294117647,0.6758021390374331,0.18449197860962563,0.9505347593582888,0.6296791443850267,-0.04478609625668439,0.9145250596369233,0.7811432881425762,0.3419177374172435,0.9679008791676964,0.6882303495565549,-0.08221078517267899
Tennis,,Real Data,rounds,18,False,0.8893716577540107,0.6801470588235294,0.33288770053475936,0.9552139037433155,0.6236631016042781,-0.03409090909090917,0.9275825139861164,0.7902556364788174,0.4814300915141373,0.9710148723648483,0.7314598152890178,-0.058605187388960145
Tennis,,Real Data,rounds,19,False,0.8973930481283423,0.740307486631016,0.24799465240641716,0.9602272727272727,0.6403743315508021,-0.06784759358288772,0.9325082196196266,0.816667108133887,0.37829094209603664,0.9743619183717417,0.7611041853903691,-0.09052764536756941
Tennis,,Real Data,rounds,20,False,0.9120989304812834,0.8064839572192514,0.39906417112299464,0.9675802139037433,0.5093582887700534,-0.06383689839572182,0.9427681138096964,0.8749462125109755,0.5214156579497071,0.9800135557039993,0.5934000256616836,-0.0901973920971022
Tennis,,Real Data,rounds,21,False,0.9120989304812834,0.8950534759358288,0.26169786096256686,0.9602272727272727,0.8265374331550802,-0.03609625668449201,0.9427161735024658,0.9329214341977341,0.37076148151461386,0.9745182287782167,0.8722990070225034,-0.07668640948794736
Tennis,,Real Data,rounds,22,False,0.9117647058823529,0.7386363636363636,0.30080213903743314,0.9679144385026738,0.3880347593582888,-0.012032085561497263,0.9414538737012634,0.8210034494617504,0.3939089381026538,0.9785459310449425,0.5344261771727413,0.01924233948803067
Tennis,,Real Data,rounds,23,False,0.9251336898395722,0.8135026737967914,0.3385695187165776,0.9689171122994652,0.8201871657754011,-0.011697860962566864,0.9504543766588883,0.8754178315944932,0.48803674547648235,0.979175180627015,0.8680762771024221,-0.0420474652936107
Tennis,,Real Data,rounds,24,False,0.9047459893048129,0.794451871657754,0.23562834224598928,0.9635695187165776,0.5982620320855615,-0.013368983957219305,0.9369025918821462,0.857038946134018,0.3544020729378563,0.9769023978976392,0.7190177157435249,0.011267223501451817
Tennis,,Real Data,rounds,25,False,0.9254679144385026,0.8084893048128342,0.39538770053475936,0.9692513368983957,0.7202540106951871,-0.012700534759358284,0.9504860442343279,0.8561941346889536,0.5042295482573169,0.9807723136510975,0.7999710669373181,0.006751363303092561
Tennis,,Real Data,rounds,26,False,0.9244652406417112,0.7911096256684492,0.2820855614973262,0.9752673796791443,0.7867647058823529,-0.026403743315507988,0.949947579491174,0.8704659344628042,0.44530986796869443,0.9844283631366397,0.8589524671692312,-0.07523591695833054
Tennis,,Real Data,rounds,27,False,0.9318181818181819,0.7877673796791445,0.3114973262032086,0.9812834224598931,0.75,-0.03175133689839571,0.9557580467531239,0.8553534445800774,0.3987002093518762,0.9880610285319902,0.8279555888495761,-0.06962404295970459
Tennis,,Real Data,rounds,28,False,0.9251336898395722,0.8068181818181819,0.3883689839572193,0.9776069518716578,0.7640374331550802,-0.023729946524064127,0.9522344400841782,0.8685502473623324,0.5031210375931938,0.9859471490468139,0.8115314533183304,0.019387238420530806
Tennis,,Real Data,rounds,29,False,0.9184491978609626,0.7957887700534759,0.2102272727272727,0.9802807486631016,0.6995320855614973,-0.02907754010695185,0.9479572570454103,0.8636977376994004,0.3280212327089349,0.9874843665346332,0.7650733628618983,0.0016263394793694097
Tennis,,Real Data,rounds,30,False,0.9254679144385026,0.8255347593582888,0.28910427807486627,0.9742647058823529,0.7225935828877006,-0.02907754010695185,0.9526748733847923,0.8795363757149738,0.4236010974111042,0.9838075746273087,0.7965783420900983,-0.054559728161882814
Tennis,,Real Data,rounds,31,False,0.9318181818181819,0.9268048128342246,0.21557486631016043,0.9732620320855615,0.749331550802139,-0.023061497326203106,0.9577636924285239,0.9510142819419145,0.3435343024142047,0.9835355888232515,0.8282471005902893,-0.05287602522754997
Tennis,,Real Data,rounds,32,False,0.9294786096256684,0.7306149732620321,0.35026737967914434,0.9749331550802139,0.6888368983957219,-0.03241978609625673,0.9564641434998175,0.8214675871295141,0.45000721369420993,0.9843822951032815,0.7815619882301391,-0.07009955950979996
Tennis,Uniform,Simulation Data,rounds,1,False,0.6838235294117647,0.08088235294117652,-0.08422459893048129,0.6858288770053476,0.5457887700534759,0.09191176470588236,0.779860871620057,0.013920854883100464,-0.19847570856511165,0.7352889840897993,0.4138560375869905,0.07171196045279693
Tennis,Uniform,Simulation Data,rounds,2,False,0.6580882352941176,0.5905748663101604,0.1781417112299465,0.7219251336898396,0.37332887700534756,0.048128342245989275,0.7571593618813801,0.6580055225011323,0.3402530979545466,0.8067365796036448,0.20684006442028713,0.0582347414677481
Tennis,Uniform,Simulation Data,rounds,3,False,0.7546791443850267,0.38135026737967914,0.07286096256684493,0.8462566844919786,0.5040106951871658,-0.048796791443850296,0.8134058330602247,0.5068099278560725,0.16340611429875562,0.8795722759415214,0.5835409191301465,-0.005169289111546016
Tennis,Uniform,Simulation Data,rounds,4,False,0.7396390374331551,0.6383689839572193,0.22894385026737973,0.8536096256684492,0.8135026737967914,-0.011697860962566864,0.8037548394617244,0.7330662343922563,0.3423612787983502,0.8961067285256443,0.8772089416399436,0.015780286714787928
Tennis,Uniform,Simulation Data,rounds,5,False,0.7118983957219251,0.7489973262032086,0.19552139037433158,0.8368983957219251,0.6270053475935828,-0.03576203208556139,0.7959947848296948,0.8240955725563526,0.2590703584409201,0.8900313407239983,0.7518239871514202,-0.07558276673820741
Tennis,Uniform,Simulation Data,rounds,6,False,0.7386363636363636,0.46624331550802134,0.3048128342245989,0.8619652406417112,0.7372994652406417,-0.0578208556149733,0.8146317575971236,0.5872031620345453,0.39807390930329756,0.9043928035579035,0.8090317332537362,-0.07174471845495245
Tennis,Uniform,Simulation Data,rounds,7,False,0.7262700534759359,0.6761363636363636,0.3526069518716578,0.8559491978609626,0.7830882352941176,-0.07252673796791442,0.8073995930331053,0.7686880964340841,0.4304598554007778,0.9052856386431319,0.8586542464495913,-0.09214234035578883
Tennis,Uniform,Simulation Data,rounds,8,False,0.7329545454545454,0.5678475935828877,0.205548128342246,0.893048128342246,0.732620320855615,-0.07052139037433158,0.8033053186910388,0.694257897501025,0.36346236611839844,0.9263913107792937,0.8205636357193462,-0.08079952293001491
Tennis,Uniform,Simulation Data,rounds,9,False,0.7125668449197862,0.7530080213903744,0.24632352941176472,0.9017379679144385,0.7760695187165776,-0.014705882352941124,0.7887393048880744,0.8381231768066487,0.39430764686661657,0.9328425045322761,0.8519149954695295,-0.06673970799864559
Tennis,Uniform,Simulation Data,rounds,10,False,0.7112299465240641,0.5591577540106951,0.2503342245989305,0.8796791443850267,0.7937834224598931,-0.03141711229946531,0.8072248238550165,0.6643536594844672,0.3518537274479495,0.9221109363203789,0.8506485388470774,-0.05984618455235169
Tennis,Uniform,Simulation Data,rounds,11,False,0.6824866310160428,0.7921122994652406,0.4522058823529411,0.8850267379679144,0.8358957219251337,-0.046457219251336834,0.7854913788085732,0.8626134845554497,0.5319115066298915,0.9249568553167614,0.89411895860353,-0.01702962886204773
Tennis,Uniform,Simulation Data,rounds,12,False,0.723596256684492,0.7202540106951871,0.18048128342245995,0.884024064171123,0.6631016042780749,-0.049131016042780695,0.8214952713006007,0.8031047852418202,0.3441586822061353,0.9258573344016203,0.7650375534847313,-0.0025180585491340057
Tennis,Uniform,Simulation Data,rounds,13,False,0.7172459893048129,0.8068181818181819,0.2767379679144385,0.9258021390374331,0.8081550802139037,-0.0076871657754009615,0.8049771688219705,0.8700270825255825,0.4020907109139078,0.9516242343628926,0.8734990062583264,-0.046898854778305576
Tennis,Uniform,Simulation Data,rounds,14,False,0.7540106951871658,0.8937165775401069,0.25200534759358284,0.936831550802139,0.6056149732620321,-0.051804812834224556,0.8263786875756653,0.931971568299296,0.36761187961833297,0.9588012451833412,0.7451178492861786,-0.0005428033240852947
Tennis,Uniform,Simulation Data,rounds,15,False,0.8198529411764706,0.7964572192513368,0.17112299465240643,0.9408422459893048,0.7433155080213903,-0.0578208556149733,0.8793464144890503,0.8516813671374637,0.29583643272920157,0.9621455225738534,0.8077744526895185,-0.08912044560484955
Tennis,Uniform,Simulation Data,rounds,16,False,0.8482620320855615,0.8760026737967914,0.26537433155080214,0.9358288770053476,0.7399732620320856,-0.02874331550802145,0.8970750040257065,0.9227937564556608,0.3824462388626815,0.9592752211786393,0.80818811812846,-0.05502609285577997
Tennis,Uniform,Simulation Data,rounds,17,False,0.8733288770053476,0.7376336898395721,0.2540106951871658,0.9505347593582888,0.7359625668449198,-0.04378342245989297,0.9157604648225827,0.8343800093593132,0.35958875123147027,0.9679008791676964,0.8180469709393228,-0.016527488314788785
Tennis,Uniform,Simulation Data,rounds,18,False,0.8893716577540107,0.7904411764705882,0.18148395721925137,0.9552139037433155,0.7513368983957219,-0.03041443850267389,0.9275825139861164,0.849259025903402,0.32646875261787556,0.9710148723648483,0.8309224346831059,-0.0078912181626285
Tennis,Uniform,Simulation Data,rounds,19,False,0.9007352941176471,0.7957887700534759,0.37700534759358284,0.9602272727272727,0.7847593582887701,-0.02606951871657759,0.934434662365717,0.8706328429740842,0.4722356705657178,0.9743619183717417,0.8631295167479294,-0.06815812376672903
Tennis,Uniform,Simulation Data,rounds,20,False,0.9120989304812834,0.7747326203208555,0.2185828877005348,0.9675802139037433,0.5772058823529411,-0.015374331550802145,0.9427681138096964,0.8494156354640334,0.33586882690496167,0.9800135557039993,0.6562348892341858,0.009044181090314907
Tennis,Uniform,Simulation Data,rounds,21,False,0.9120989304812834,0.7693850267379679,0.16243315508021394,0.9602272727272727,0.7723930481283423,0.009024064171123003,0.9427161735024658,0.8442436673429432,0.35353229380673523,0.9745182287782167,0.8322847879890495,-0.03730032890932833
Tennis,Uniform,Simulation Data,rounds,22,False,0.9117647058823529,0.6838235294117647,0.23161764705882348,0.9679144385026738,0.7633689839572193,-0.03008021390374327,0.9414538737012634,0.7786150752237301,0.36321616180655647,0.9785459310449425,0.8241961717679624,-0.05906408289705167
Tennis,Uniform,Simulation Data,rounds,23,False,0.9251336898395722,0.7489973262032086,0.2767379679144385,0.9689171122994652,0.7824197860962567,-0.06417112299465244,0.9504543766588883,0.835249127523534,0.42397236830195106,0.979175180627015,0.8402946439281784,-0.09481290355868555
Tennis,Uniform,Simulation Data,rounds,24,False,0.9047459893048129,0.8161764705882353,0.39137700534759357,0.9635695187165776,0.616644385026738,-0.05915775401069512,0.9369025918821462,0.88629187260169,0.4954011055370052,0.9769023978976392,0.732842822937555,-0.00472228592320989
Tennis,Uniform,Simulation Data,rounds,25,False,0.9254679144385026,0.8820187165775402,0.14471925133689845,0.9692513368983957,0.7710561497326203,-0.013368983957219305,0.9504860442343279,0.923141983483761,0.29999757279239836,0.9807723136510975,0.8354196753633695,0.02239108608654017
Tennis,Uniform,Simulation Data,rounds,26,False,0.9244652406417112,0.8536096256684492,0.304144385026738,0.9752673796791443,0.7015374331550802,-0.045788770053476036,0.949947579491174,0.9044490706603561,0.41350780333053616,0.9844283631366397,0.8089758505563699,-0.06609471632017128
Tennis,Uniform,Simulation Data,rounds,27,False,0.9318181818181819,0.740975935828877,0.3175133689839572,0.9812834224598931,0.6490641711229946,-0.0531417112299466,0.9557580467531239,0.826571604507122,0.4605385185643678,0.9880610285319902,0.7215139675930529,-0.014136969626259877
Tennis,Uniform,Simulation Data,rounds,28,False,0.9251336898395722,0.9044117647058824,0.27038770053475936,0.9776069518716578,0.7299465240641712,-0.02907754010695185,0.9522344400841782,0.9326533033541541,0.40788638966426904,0.9859471490468139,0.8015931856267293,-0.053488105335248504
Tennis,Uniform,Simulation Data,rounds,29,False,0.9184491978609626,0.8308823529411764,0.38235294117647056,0.9802807486631016,0.5959224598930482,-0.05882352941176472,0.9479572570454103,0.8709430120847935,0.46859775355142386,0.9874843665346332,0.7206815303329264,-0.07506069322180542
Tennis,Uniform,Simulation Data,rounds,30,False,0.9254679144385026,0.8449197860962567,0.3846925133689839,0.9742647058823529,0.7550133689839572,-0.02673796791443861,0.9526748733847923,0.9013223459487479,0.49185708849580057,0.9838075746273087,0.8320288548169611,0.007080367252902509
Tennis,Uniform,Simulation Data,rounds,31,False,0.9318181818181819,0.7483288770053476,0.3753342245989305,0.9732620320855615,0.8669786096256684,-0.03074866310160429,0.9577636924285239,0.8228252505227004,0.4771518345336446,0.9835355888232515,0.9136784153556966,-0.058908810568735204
Tennis,Uniform,Simulation Data,rounds,32,False,0.9294786096256684,0.7683823529411764,0.30581550802139035,0.9749331550802139,0.625,-0.03776737967914445,0.9564641434998175,0.8345610146739545,0.4464653543013555,0.9843822951032815,0.7201985617740216,0.00495084198767437
Tennis,Normal,Simulation Data,rounds,1,False,0.6731283422459893,0.3746657754010695,0.14605614973262027,0.6707887700534759,0.6657754010695187,0.06417112299465244,0.7359393753680734,0.33927683858031155,0.07803330885246684,0.7534852470206672,0.7703387968093183,0.06407582014346358
Tennis,Normal,Simulation Data,rounds,2,False,0.6397058823529411,0.3024732620320856,0.03542780748663099,0.7553475935828877,0.5651737967914439,0.044451871657753994,0.7070658939449441,0.3370463334045579,0.07242013828706095,0.8299833941041197,0.6781008180276682,0.05504255775118916
Tennis,Normal,Simulation Data,rounds,3,False,0.7369652406417112,0.3927139037433155,0.16443850267379678,0.8445855614973262,0.5357620320855615,-0.05548128342245984,0.8001817853764046,0.5067294921500367,0.15384299256508027,0.8780556270818213,0.6347406593557275,-0.08399688455509025
Tennis,Normal,Simulation Data,rounds,4,False,0.7443181818181819,0.5531417112299466,0.2647058823529411,0.8512700534759359,0.6517379679144385,-0.046122994652406435,0.8073640432901991,0.6791450194071242,0.37268493802757796,0.8951634394225404,0.7674879641104675,-0.013610237444203532
Tennis,Normal,Simulation Data,rounds,5,False,0.7035427807486632,0.6854946524064172,0.2496657754010695,0.8368983957219251,0.6731283422459893,-0.0628342245989304,0.7902777466377924,0.7801671846680628,0.30202469969238765,0.8900313407239983,0.7761901261333106,-0.09253425162072992
Tennis,Normal,Simulation Data,rounds,6,False,0.7383021390374331,0.7259358288770054,0.1824866310160428,0.8619652406417112,0.7606951871657754,-0.039438502673796894,0.8146299880297205,0.8186991306421003,0.3651806806153812,0.9043928035579035,0.8478856999032136,0.0013256089108037994
Tennis,Normal,Simulation Data,rounds,7,False,0.7259358288770054,0.6066176470588236,0.34993315508021394,0.8559491978609626,0.7516711229946524,-0.045788770053476036,0.8077930937185662,0.7233405412847229,0.47380039124871454,0.9052856386431319,0.806663777909135,-0.07013774565631903
Tennis,Normal,Simulation Data,rounds,8,False,0.732620320855615,0.7814171122994652,0.071524064171123,0.893048128342246,0.6564171122994653,-0.044117647058823595,0.8029667355651557,0.839614738984731,0.25592209842652924,0.9263913107792937,0.7372750353662367,-0.009270513625573962
Tennis,Normal,Simulation Data,rounds,9,False,0.7169117647058824,0.7647058823529411,0.34057486631016043,0.9017379679144385,0.6400401069518716,-0.047794117647058876,0.7912449690762605,0.8382561916404931,0.4400010474625333,0.9328425045322761,0.7460961150308634,-0.016704386267472282
Tennis,Normal,Simulation Data,rounds,10,False,0.7105614973262032,0.7309491978609626,0.2627005347593583,0.8796791443850267,0.7088903743315508,-0.008689839572192604,0.8056763085111471,0.8194465615211821,0.3757724886967625,0.9221109363203789,0.7972195392978796,0.018785668986089465
Tennis,Normal,Simulation Data,rounds,11,False,0.6811497326203209,0.8816844919786097,0.4812834224598931,0.8850267379679144,0.7576871657754011,-0.03241978609625673,0.7846909629328724,0.9229205375243233,0.5775208760171192,0.9249568553167614,0.8364941989206528,-0.06943381789332492
Tennis,Normal,Simulation Data,rounds,12,False,0.723596256684492,0.6483957219251337,0.3262032085561497,0.884024064171123,0.7383021390374331,-0.03643048128342241,0.8214952713006007,0.7388592463401634,0.41690220787795973,0.9258573344016203,0.7899539559012794,-0.0052944098278771
Tennis,Normal,Simulation Data,rounds,13,False,0.723596256684492,0.7637032085561497,0.2543449197860963,0.9258021390374331,0.7115641711229946,-0.02974598930481287,0.80854835984206,0.8395340501304089,0.3606131196707374,0.9516242343628926,0.8040215405359354,-0.00025936322428510294
Tennis,Normal,Simulation Data,rounds,14,False,0.75,0.7469919786096257,0.3940508021390374,0.936831550802139,0.6570855614973262,-0.025401069518716568,0.8241878605889796,0.8219271908935462,0.45238883802351915,0.9588012451833412,0.7525971447614056,-0.056587124066109995
Tennis,Normal,Simulation Data,rounds,15,False,0.8201871657754011,0.7740641711229946,0.4137700534759359,0.9408422459893048,0.6106283422459893,-0.03810160427807485,0.879650286550152,0.8549950872347931,0.5208177279487982,0.9621455225738534,0.7332373063217912,-0.00592855332529707
Tennis,Normal,Simulation Data,rounds,16,False,0.8482620320855615,0.8248663101604278,0.2369652406417112,0.9358288770053476,0.767379679144385,-0.03810160427807485,0.8970750040257065,0.8775651075186228,0.3675002145259604,0.9592752211786393,0.8264305485200217,-0.010568283417579316
Tennis,Normal,Simulation Data,rounds,17,False,0.8713235294117647,0.7149064171122994,0.3897058823529411,0.9505347593582888,0.6754679144385027,-0.05581550802139046,0.9145250596369233,0.8025101992096264,0.5056563071800706,0.9679008791676964,0.7762034769442272,-0.022489244984504442
Tennis,Normal,Simulation Data,rounds,18,False,0.8893716577540107,0.7987967914438503,0.17346256684491979,0.9552139037433155,0.75,-0.020387700534759468,0.9275825139861164,0.8691761590620405,0.29339027320430366,0.9710148723648483,0.8356268318679498,0.01687583808080506
Tennis,Normal,Simulation Data,rounds,19,False,0.8973930481283423,0.670120320855615,0.34625668449197866,0.9602272727272727,0.7118983957219251,-0.016711229946523964,0.9325082196196266,0.7543077505274349,0.435682018701949,0.9743619183717417,0.8065693434194539,-0.061655145017679436
Tennis,Normal,Simulation Data,rounds,20,False,0.9120989304812834,0.9047459893048129,0.21189839572192515,0.9675802139037433,0.741644385026738,-0.02840909090909083,0.9427681138096964,0.9386674954189835,0.337509165664165,0.9800135557039993,0.8097473236939098,0.01488436704270868
Tennis,Normal,Simulation Data,rounds,21,False,0.9120989304812834,0.9304812834224598,0.2640374331550802,0.9602272727272727,0.6981951871657754,-0.020387700534759468,0.9427161735024658,0.951880017156179,0.3902244570417648,0.9745182287782167,0.802950499197791,-0.04910686902574524
Tennis,Normal,Simulation Data,rounds,22,False,0.9117647058823529,0.8606283422459893,0.33589572192513373,0.9679144385026738,0.7309491978609626,-0.05882352941176472,0.9414538737012634,0.9102749255508349,0.47731586964630957,0.9785459310449425,0.812210268983062,-0.07873947211968302
Tennis,Normal,Simulation Data,rounds,23,False,0.9294786096256684,0.8332219251336899,0.3977272727272727,0.9689171122994652,0.7075534759358288,-0.03375668449197855,0.953331851404178,0.8860807024834376,0.4880215970691847,0.979175180627015,0.7971249602741239,-0.008440707957015459
Tennis,Normal,Simulation Data,rounds,24,False,0.9047459893048129,0.7489973262032086,0.2366310160427807,0.9635695187165776,0.6925133689839572,-0.021390374331550888,0.9369025918821462,0.8130057756018835,0.359894440873304,0.9769023978976392,0.7452023303426342,0.020066804441695396
Tennis,Normal,Simulation Data,rounds,25,False,0.9254679144385026,0.7954545454545454,0.3128342245989305,0.9692513368983957,0.8091577540106951,-0.016377005347593565,0.9504860442343279,0.8632755724302905,0.4200022515530526,0.9807723136510975,0.8583251320369305,0.022002087773495882
Tennis,Normal,Simulation Data,rounds,26,False,0.9244652406417112,0.9100935828877006,0.43582887700534756,0.9752673796791443,0.8328877005347594,-0.03810160427807485,0.949947579491174,0.9353162315435031,0.5445447658735394,0.9844283631366397,0.8846828915519379,-0.07525525530327459
Tennis,Normal,Simulation Data,rounds,27,False,0.9318181818181819,0.6901737967914439,0.491644385026738,0.9812834224598931,0.5163770053475936,-0.049799465240641716,0.9557580467531239,0.7921749959547807,0.5793334804748858,0.9880610285319902,0.6426565296056415,-0.0020199339237889635
Tennis,Normal,Simulation Data,rounds,28,False,0.9251336898395722,0.7867647058823529,0.27105614973262027,0.9776069518716578,0.72225935828877,-0.0711898395721926,0.9522344400841782,0.84639435684814,0.40681200352429225,0.9859471490468139,0.7921067096082657,-0.09635376049592637
Tennis,Normal,Simulation Data,rounds,29,False,0.9184491978609626,0.8532754010695187,0.33221925133689845,0.9802807486631016,0.8094919786096256,-0.04278074866310155,0.9479572570454103,0.9082579847352029,0.4567740969958398,0.9874843665346332,0.8740186427017994,-0.06790659595514925
Tennis,Normal,Simulation Data,rounds,30,False,0.9254679144385026,0.8165106951871658,0.3482620320855615,0.9742647058823529,0.5879010695187166,-0.024732620320855547,0.9526748733847923,0.869061428055425,0.47156898878445175,0.9838075746273087,0.7324286235623617,-0.06893410538823441
Tennis,Normal,Simulation Data,rounds,31,False,0.9318181818181819,0.7914438502673797,0.3295454545454546,0.9732620320855615,0.7322860962566845,-0.06985294117647056,0.9577636924285239,0.8509544884846882,0.45708818574975907,0.9835355888232515,0.7981203225566512,-0.09885956552132158
Tennis,Normal,Simulation Data,rounds,32,False,0.9294786096256684,0.6891711229946524,0.27974598930481287,0.9749331550802139,0.6427139037433155,-0.047459893048128254,0.9564641434998175,0.7968446732188414,0.41424109350327387,0.9843822951032815,0.7454079416443307,-0.06807469397761512
Tennis,Zipf,Simulation Data,rounds,1,False,0.5929144385026738,0.3696524064171123,0.411096256684492,0.6012700534759359,0.5197192513368984,0.0581550802139037,0.5297191688716054,0.3368817730624186,0.5661345062998796,0.6977627191147936,0.4251954027212187,0.060996580630443775
Tennis,Zipf,Simulation Data,rounds,2,False,0.6871657754010696,0.41209893048128343,0.41778074866310155,0.7633689839572193,0.44451871657754005,-0.05614973262032086,0.7873394501131576,0.46541924738977136,0.4953851009248741,0.833766374217675,0.5591851827479811,-0.07608223536153624
Tennis,Zipf,Simulation Data,rounds,3,False,0.7446524064171123,0.45755347593582885,0.1116310160427807,0.8482620320855615,0.47058823529411764,-0.03442513368983957,0.8046198199199047,0.6306231997087319,0.2630520987014153,0.8806349700228168,0.4939186367608259,-0.07033959330520712
Tennis,Zipf,Simulation Data,rounds,4,False,0.7406417112299466,0.5106951871657754,0.28743315508021394,0.8546122994652406,0.6229946524064172,-0.014705882352941124,0.8060878790165167,0.6472114444292696,0.40068582635941474,0.8969435569628554,0.6924057754879822,0.019575882098925024
Tennis,Zipf,Simulation Data,rounds,5,False,0.7035427807486632,0.6096256684491979,0.23796791443850263,0.8368983957219251,0.7663770053475936,-0.02907754010695185,0.785315834322488,0.6328185441243233,0.30390950312285825,0.8900313407239983,0.8311448691725978,-0.05637751532497193
Tennis,Zipf,Simulation Data,rounds,6,False,0.7429812834224598,0.7423128342245989,0.43014705882352944,0.8619652406417112,0.6196524064171123,-0.0581550802139037,0.8181818925067765,0.8250773636742,0.5527408637508395,0.9043928035579035,0.7426212967688817,-0.08755901823357415
Tennis,Zipf,Simulation Data,rounds,7,False,0.7256016042780749,0.7122326203208555,0.34191176470588236,0.8559491978609626,0.7389705882352942,-0.007352941176470562,0.8065846880756447,0.7649719099759442,0.4558786396657758,0.9052856386431319,0.814376028028122,-0.05969519379176158
Tennis,Zipf,Simulation Data,rounds,8,False,0.7309491978609626,0.7112299465240641,0.22159090909090906,0.893048128342246,0.8358957219251337,-0.017379679144384985,0.8020338464942588,0.7932353701490908,0.35810563894850467,0.9263913107792937,0.8893015355539413,-0.05320011957076298
Tennis,Zipf,Simulation Data,rounds,9,False,0.71524064171123,0.8191844919786097,0.27105614973262027,0.9017379679144385,0.6711229946524064,-0.013703208556149704,0.7903591781080839,0.8857171067230546,0.37001192310517483,0.9328425045322761,0.7761749553403694,0.02198780985926252
Tennis,Zipf,Simulation Data,rounds,10,False,0.7122326203208555,0.509024064171123,0.1336898395721925,0.8796791443850267,0.7289438502673797,-0.04077540106951871,0.8077782910989286,0.6414159950393481,0.2698159232056335,0.9221109363203789,0.8003382944150063,0.004947666730396483
Tennis,Zipf,Simulation Data,rounds,11,False,0.6811497326203209,0.8302139037433155,0.3619652406417112,0.8850267379679144,0.661096256684492,-0.05982620320855614,0.7846909629328724,0.8854345469247576,0.48265685413934356,0.9249568553167614,0.745535030050944,-0.09080924556539127
Tennis,Zipf,Simulation Data,rounds,12,False,0.722927807486631,0.6584224598930482,0.28342245989304815,0.884024064171123,0.7202540106951871,0.019385026737967936,0.8201579052372747,0.7678398705723923,0.42535914079290127,0.9258573344016203,0.8053290341517014,0.022161294434517864
Tennis,Zipf,Simulation Data,rounds,13,False,0.7098930481283423,0.7082219251336899,0.38201871657754005,0.9258021390374331,0.7169117647058824,-0.06049465240641716,0.8003582139730496,0.8095853405103408,0.5055280253783867,0.9516242343628926,0.8212332488275316,-0.0878516681811965
Tennis,Zipf,Simulation Data,rounds,14,False,0.75,0.8308823529411764,0.23429144385026734,0.936831550802139,0.6627673796791445,-0.042446524064171154,0.8241878605889796,0.8856757848871497,0.36807012503352676,0.9588012451833412,0.7526560004720734,0.0078091220456798505
Tennis,Zipf,Simulation Data,rounds,15,False,0.8218582887700535,0.8592914438502673,0.1875,0.9408422459893048,0.6794786096256684,-0.04211229946524053,0.8805072827054774,0.9077404759747102,0.3479892700626528,0.9621455225738534,0.7669139130521818,-0.06645362484742257
Tennis,Zipf,Simulation Data,rounds,16,False,0.8482620320855615,0.8693181818181819,0.17179144385026734,0.9358288770053476,0.7035427807486632,-0.03308823529411775,0.8970750040257065,0.9114310662391539,0.3407476339555392,0.9592752211786393,0.7566025842264081,0.006010834306833246
Tennis,Zipf,Simulation Data,rounds,17,False,0.8713235294117647,0.7566844919786097,0.35995989304812837,0.9505347593582888,0.6410427807486632,-0.018716577540107027,0.9145250596369233,0.8389663758563921,0.4860168717671858,0.9679008791676964,0.7368753579041978,0.0023196489355825634
Tennis,Zipf,Simulation Data,rounds,18,False,0.8893716577540107,0.8385695187165776,0.36864973262032086,0.9552139037433155,0.7727272727272727,-0.02673796791443861,0.9275825139861164,0.8925870771908467,0.464423209169895,0.9710148723648483,0.8508311855875671,-0.06889276410138678
Tennis,Zipf,Simulation Data,rounds,19,False,0.8973930481283423,0.7941176470588236,0.27874331550802134,0.9602272727272727,0.5377673796791445,-0.03776737967914445,0.9325082196196266,0.8535727498052457,0.3790789194984818,0.9743619183717417,0.6716604088658208,0.009496314588796961
Tennis,Zipf,Simulation Data,rounds,20,False,0.9120989304812834,0.6443850267379679,0.3315508021390374,0.9675802139037433,0.7620320855614973,-0.02907754010695185,0.9427681138096964,0.7550362149955174,0.45135782648687195,0.9800135557039993,0.8403879709369159,-0.053337615040211395
Tennis,Zipf,Simulation Data,rounds,21,False,0.9120989304812834,0.6239973262032086,0.4652406417112299,0.9602272727272727,0.6871657754010696,-0.07052139037433158,0.9427161735024658,0.7438492548913833,0.5609980212895618,0.9745182287782167,0.7757699705385164,-0.08313945874970186
Tennis,Zipf,Simulation Data,rounds,22,False,0.9117647058823529,0.7844251336898396,0.2182486631016043,0.9679144385026738,0.6163101604278075,-0.024732620320855547,0.9414538737012634,0.8601192773027097,0.3565343260431706,0.9785459310449425,0.7316154107578563,-0.04973249312163408
Tennis,Zipf,Simulation Data,rounds,23,False,0.9251336898395722,0.7372994652406417,0.3125,0.9689171122994652,0.7710561497326203,-0.02874331550802145,0.9504543766588883,0.8224655452565448,0.411668093317207,0.979175180627015,0.8500044881442956,-0.06075191076039266
Tennis,Zipf,Simulation Data,rounds,24,False,0.9047459893048129,0.8596256684491979,0.2941176470588235,0.9635695187165776,0.6330213903743316,-0.044451871657753994,0.9369025918821462,0.9046419687592726,0.40896150001084086,0.9769023978976392,0.7398465830755495,-0.000394439119929757
Tennis,Zipf,Simulation Data,rounds,25,False,0.9254679144385026,0.7921122994652406,0.3442513368983957,0.9692513368983957,0.8352272727272727,-0.043114973262032175,0.9504860442343279,0.8561848567282846,0.4319268019225325,0.9807723136510975,0.8859232352792505,-0.06904440025035719
Tennis,Zipf,Simulation Data,rounds,26,False,0.9244652406417112,0.7299465240641712,0.2586898395721925,0.9752673796791443,0.7620320855614973,-0.041443850267379734,0.949947579491174,0.8047418932604582,0.37768417214237515,0.9844283631366397,0.7988690447456015,0.005633328380509006
Tennis,Zipf,Simulation Data,rounds,27,False,0.9318181818181819,0.8729946524064172,0.17245989304812837,0.9812834224598931,0.5518048128342246,-0.04946524064171132,0.9557580467531239,0.9148881409905969,0.30623239870058416,0.9880610285319902,0.691522741173543,-0.07005069859288326
Tennis,Zipf,Simulation Data,rounds,28,False,0.9251336898395722,0.8770053475935828,0.3084893048128342,0.9776069518716578,0.8656417112299465,-0.022727272727272707,0.9522344400841782,0.9205519192959349,0.4523752414404957,0.9859471490468139,0.9101302160975014,0.014105113125179813
Tennis,Zipf,Simulation Data,rounds,29,False,0.9184491978609626,0.7663770053475936,0.3295454545454546,0.9802807486631016,0.7189171122994653,-0.00200534759358284,0.9479572570454103,0.8335558319977829,0.45910250089748905,0.9874843665346332,0.7748748975269066,0.02663669769957211
Tennis,Zipf,Simulation Data,rounds,30,False,0.9254679144385026,0.669451871657754,0.3342245989304813,0.9742647058823529,0.7105614973262032,-0.03342245989304815,0.9526748733847923,0.7432419225188392,0.46317709724310685,0.9838075746273087,0.804841985853862,0.010653290876684873
Tennis,Zipf,Simulation Data,rounds,31,False,0.9318181818181819,0.8168449197860963,0.40875668449197866,0.9732620320855615,0.7342914438502675,-0.06149732620320858,0.9577636924285239,0.8790749790103299,0.5247106620305337,0.9835355888232515,0.8290936958363627,-0.08753422981891812
Tennis,Zipf,Simulation Data,rounds,32,False,0.9294786096256684,0.7924465240641712,0.2767379679144385,0.9749331550802139,0.7580213903743316,-0.03810160427807485,0.9564641434998175,0.8473555355183179,0.437626816626964,0.9843822951032815,0.8375847199216291,-0.010217784140461372
Tennis,MultiGaussian,Simulation Data,rounds,1,False,0.6483957219251337,0.3873663101604278,0.22894385026737973,0.6072860962566845,0.6811497326203209,0.05614973262032086,0.656530003000579,0.35815673722234287,0.24654057196582235,0.6688447586353139,0.7729340690261822,-0.010020030017397152
Tennis,MultiGaussian,Simulation Data,rounds,2,False,0.6594251336898396,0.6303475935828877,0.34659090909090906,0.7413101604278075,0.5086898395721925,0.03342245989304815,0.7483669623614525,0.7511471532583855,0.4418072294448514,0.8181212130458683,0.6127922834248375,-0.01981247396931085
Tennis,MultiGaussian,Simulation Data,rounds,3,False,0.7616978609625669,0.6126336898395721,0.23061497326203206,0.8425802139037433,0.5681818181818181,-0.010695187165775444,0.8153650898013804,0.6935232760396174,0.20584588672136017,0.8769499934341203,0.6539483775770989,0.02547835347674543
Tennis,MultiGaussian,Simulation Data,rounds,4,False,0.7306149732620321,0.6373663101604279,0.27339572192513373,0.847927807486631,0.7276069518716577,-0.045120320855615015,0.7993499465590757,0.7489135684285106,0.3381679220556716,0.8931135168428296,0.804952612089926,0.006736059706731856
Tennis,MultiGaussian,Simulation Data,rounds,5,False,0.6891711229946524,0.6022727272727273,0.21624331550802134,0.8368983957219251,0.7643716577540107,-0.041443850267379734,0.7829144418601467,0.7118723696604811,0.27944920676222307,0.8900313407239983,0.8420587299886589,-0.06440031119478862
Tennis,MultiGaussian,Simulation Data,rounds,6,False,0.7459893048128342,0.6086229946524064,0.267379679144385,0.8619652406417112,0.6413770053475936,-0.04110962566844911,0.8208462598878655,0.718908134130914,0.3821144634274466,0.9043928035579035,0.7501170124420717,-0.06548785823162429
Tennis,MultiGaussian,Simulation Data,rounds,7,False,0.7262700534759359,0.723596256684492,0.2934491978609626,0.8559491978609626,0.7620320855614973,-0.025401069518716568,0.8078215453959804,0.7961928920056689,0.4553780967373028,0.9052856386431319,0.843731924059014,0.019224366946280047
Tennis,MultiGaussian,Simulation Data,rounds,8,False,0.7289438502673797,0.5852272727272727,0.3669786096256684,0.893048128342246,0.7730614973262032,-0.03810160427807485,0.7998848816468865,0.7058294689840943,0.4505777972855868,0.9263913107792937,0.834290691779843,-0.006332347894494106
Tennis,MultiGaussian,Simulation Data,rounds,9,False,0.7132352941176471,0.8312165775401069,0.17981283422459893,0.9017379679144385,0.4375,-0.050802139037433136,0.7889183372097808,0.8930637463099964,0.3549772964404624,0.9328425045322761,0.574061931798536,-0.08260490207157467
Tennis,MultiGaussian,Simulation Data,rounds,10,False,0.7108957219251337,0.8038101604278075,0.26537433155080214,0.8796791443850267,0.8920454545454546,-0.06350267379679142,0.8067056135389489,0.8686977867539447,0.3841849705215348,0.9221109363203789,0.9241391404182583,-0.08882430294899346
Tennis,MultiGaussian,Simulation Data,rounds,11,False,0.6808155080213903,0.7840909090909091,0.36898395721925137,0.8850267379679144,0.6564171122994653,-0.03709893048128343,0.7847207948603403,0.8526341569801736,0.4989598666788335,0.9249568553167614,0.7778219857756644,0.0077850417411935435
Tennis,MultiGaussian,Simulation Data,rounds,12,False,0.7256016042780749,0.713903743315508,0.19886363636363635,0.884024064171123,0.8054812834224598,-0.04478609625668439,0.822590562209633,0.8130362946802694,0.3191070154880753,0.9258573344016203,0.8607201826144728,0.007113757093762718
Tennis,MultiGaussian,Simulation Data,rounds,13,False,0.7122326203208555,0.7637032085561497,0.2503342245989305,0.9258021390374331,0.7643716577540107,0.011363636363636354,0.802728383512121,0.8436042978750238,0.3817643776107452,0.9516242343628926,0.8278894484337315,-0.031749484344501866
Tennis,MultiGaussian,Simulation Data,rounds,14,False,0.7503342245989305,0.714572192513369,0.38569518716577544,0.936831550802139,0.6831550802139037,-0.018716577540107027,0.8244479826048929,0.7982157883293297,0.4864055100680431,0.9588012451833412,0.7647496331569799,-0.06715875842643304
Tennis,MultiGaussian,Simulation Data,rounds,15,False,0.8218582887700535,0.7850935828877006,0.35895721925133695,0.9408422459893048,0.7593582887700535,-0.06885026737967914,0.8805072827054774,0.8590767912525242,0.4242991959585797,0.9621455225738534,0.8333192362942452,-0.09247171415564504
Tennis,MultiGaussian,Simulation Data,rounds,16,False,0.8552807486631016,0.7994652406417112,0.2406417112299465,0.9358288770053476,0.7245989304812834,-0.04110962566844911,0.9037076970655862,0.8455200326555506,0.345100091512754,0.9592752211786393,0.792406293629055,-0.012231788713650715
Tennis,MultiGaussian,Simulation Data,rounds,17,False,0.8733288770053476,0.9024064171122994,0.22459893048128343,0.9505347593582888,0.7984625668449198,-0.050133689839572115,0.9157604648225827,0.932121750357001,0.3640726353330602,0.9679008791676964,0.8593042091930642,-0.07248290159100979
Tennis,MultiGaussian,Simulation Data,rounds,18,False,0.8893716577540107,0.768048128342246,0.42245989304812837,0.9552139037433155,0.8425802139037433,-0.014371657754010725,0.9275825139861164,0.8482986693967964,0.5377391148607578,0.9710148723648483,0.8952106460159042,-0.06035958606812719
Tennis,MultiGaussian,Simulation Data,rounds,19,False,0.8973930481283423,0.8509358288770054,0.2506684491978609,0.9602272727272727,0.7510026737967914,-0.022727272727272707,0.9325082196196266,0.9000041296365509,0.358549925707471,0.9743619183717417,0.8247520992727608,-0.06311487570418661
Tennis,MultiGaussian,Simulation Data,rounds,20,False,0.9120989304812834,0.866644385026738,0.33790106951871657,0.9675802139037433,0.6911764705882353,-0.013368983957219305,0.9427681138096964,0.9127537981087259,0.4422867206993082,0.9800135557039993,0.7712262277394367,0.015495822107780333
Tennis,MultiGaussian,Simulation Data,rounds,21,False,0.9120989304812834,0.9074197860962567,0.071524064171123,0.9602272727272727,0.7911096256684492,-0.019385026737967825,0.9427161735024658,0.9360171150291362,0.2607494671959705,0.9745182287782167,0.8554491030424021,-0.05955596965974452
Tennis,MultiGaussian,Simulation Data,rounds,22,False,0.9117647058823529,0.7797459893048129,0.3272058823529411,0.9679144385026738,0.6534090909090908,-0.0531417112299466,0.9414538737012634,0.8530380716600836,0.44278418296095623,0.9785459310449425,0.7467098797559721,-0.016159341504026425
Tennis,MultiGaussian,Simulation Data,rounds,23,False,0.9294786096256684,0.8442513368983957,0.4562165775401069,0.9689171122994652,0.6898395721925134,-0.026403743315507988,0.953331851404178,0.8967280731861945,0.5597570504451456,0.979175180627015,0.7793289096430966,0.012438419394209421
Tennis,MultiGaussian,Simulation Data,rounds,24,False,0.9047459893048129,0.7072192513368984,0.06651069518716579,0.9635695187165776,0.6761363636363636,-0.02907754010695185,0.9369025918821462,0.814374528780842,0.2348039859455474,0.9769023978976392,0.7601840877228604,-0.00432871139605262
Tennis,MultiGaussian,Simulation Data,rounds,25,False,0.9271390374331551,0.7887700534759359,0.36330213903743314,0.9692513368983957,0.7566844919786097,-0.06183155080213898,0.951702178556059,0.8581311081869014,0.45351850281883477,0.9807723136510975,0.8350227261005576,-0.012723144691180854
Tennis,MultiGaussian,Simulation Data,rounds,26,False,0.9244652406417112,0.7640374331550802,0.2135695187165776,0.9752673796791443,0.8362299465240641,-0.009358288770053402,0.949947579491174,0.8464087724235255,0.3352747272440526,0.9844283631366397,0.8823501886427743,0.027938796389324172
Tennis,MultiGaussian,Simulation Data,rounds,27,False,0.9318181818181819,0.8713235294117647,0.23295454545454541,0.9812834224598931,0.6096256684491979,-0.03308823529411775,0.9557580467531239,0.918696031648381,0.4010643053029601,0.9880610285319902,0.6889076006256267,-0.05461998912007071
Tennis,MultiGaussian,Simulation Data,rounds,28,False,0.9251336898395722,0.7964572192513368,0.35561497326203206,0.9776069518716578,0.7005347593582888,-0.046122994652406435,0.9522344400841782,0.8594290185992132,0.48881109259993116,0.9859471490468139,0.7740025507676913,-0.06670978567444319
Tennis,MultiGaussian,Simulation Data,rounds,29,False,0.9184491978609626,0.9034090909090909,0.24398395721925137,0.9802807486631016,0.6761363636363636,-0.03375668449197855,0.9479572570454103,0.9387909990650294,0.4146743151554769,0.9874843665346332,0.7883407342460402,0.007063585319398991
Tennis,MultiGaussian,Simulation Data,rounds,30,False,0.9254679144385026,0.6260026737967914,0.31885026737967914,0.9742647058823529,0.7316176470588236,-0.06751336898395732,0.9526748733847923,0.7510760026944453,0.4379114885158212,0.9838075746273087,0.7983767299994693,-0.024911147484538487
Tennis,MultiGaussian,Simulation Data,rounds,31,False,0.9318181818181819,0.7396390374331551,0.2543449197860963,0.9732620320855615,0.7309491978609626,-0.024732620320855547,0.9577636924285239,0.8263397551759843,0.3930371590404904,0.9835355888232515,0.7999028788171358,-0.07052701175296883
Tennis,MultiGaussian,Simulation Data,rounds,32,False,0.9294786096256684,0.8663101604278075,0.35060160427807485,0.9749331550802139,0.7533422459893049,-0.06049465240641716,0.9564641434998175,0.9126378664019679,0.44355627792176144,0.9843822951032815,0.8413582282469706,-0.09106842960256367
Go,,Real Data,rounds,1,False,0.7159090909090908,0.37767379679144386,0.2984625668449198,0.6260026737967914,0.34157754010695185,-0.03509358288770059,0.801998571749632,0.26794777934551506,0.3886370112265881,0.6669779381725551,0.2668474897528267,0.11261376314393468
Go,,Real Data,rounds,2,False,0.6052807486631016,0.27506684491978606,0.17680481283422456,0.713903743315508,0.5625,0.02941176470588236,0.6718667639745227,0.38308570733638714,0.218246029730233,0.7890021801627659,0.6473577845653979,0.08152595059570233
Go,,Real Data,rounds,3,False,0.7185828877005347,0.5130347593582888,0.2954545454545454,0.7870989304812834,0.5274064171122994,0.015374331550802145,0.757775925227902,0.6382178152225859,0.2872062964029669,0.8276877496253371,0.6473891363806523,0.08384365745254985
Go,,Real Data,rounds,4,False,0.6537433155080214,0.4679144385026738,0.13770053475935828,0.8081550802139037,0.5387700534759359,-0.008355614973261982,0.6926709038473711,0.6153982350440992,0.23946722871468795,0.8556640449493583,0.6553180838376991,0.1266884889982891
Go,,Real Data,rounds,5,False,0.6828208556149733,0.5230614973262032,0.0267379679144385,0.8241978609625669,0.7118983957219251,0.015040106951871635,0.7087877030080493,0.6618588016108686,0.09366094326213881,0.8683292169600538,0.8093847311270786,0.16024164095441273
Go,,Real Data,rounds,6,False,0.6607620320855615,0.5320855614973262,0.3171791443850267,0.8429144385026738,0.7503342245989305,-0.03074866310160429,0.6881352493995269,0.6593081035479037,0.3972559378610261,0.8838682697763469,0.825347124680576,0.06574920277662633
Go,,Real Data,rounds,7,False,0.6557486631016043,0.75,0.27038770053475936,0.8455882352941176,0.713903743315508,-0.009024064171123003,0.6708636864952029,0.822777424346121,0.3630611331411492,0.8927169114740998,0.8040676948448076,0.08662254691711258
Go,,Real Data,rounds,8,False,0.661096256684492,0.7192513368983957,0.11631016042780751,0.8365641711229946,0.7322860962566845,-0.018716577540107027,0.7057588566757179,0.8153400524874627,0.2493931348978563,0.8827610636376845,0.8191866584121812,0.07032469215885029
Go,,Real Data,rounds,9,False,0.6771390374331551,0.7553475935828877,0.22994652406417115,0.8328877005347594,0.6530748663101604,-0.03509358288770059,0.7277665929509469,0.8372427636636501,0.3548810102491692,0.876228821925215,0.7200581155462393,0.11452064872076617
Go,,Real Data,rounds,10,False,0.7179144385026738,0.7266042780748663,0.18917112299465244,0.8633021390374331,0.7433155080213903,-0.015374331550802145,0.7852215059071577,0.8155229799933953,0.29887949939378167,0.9034452137182096,0.8233310259674975,0.13630965215036228
Go,,Real Data,rounds,11,False,0.7249331550802138,0.7272727272727273,0.1971925133689839,0.8907085561497327,0.7707219251336899,-0.02506684491978617,0.8040899946057831,0.8253845994471556,0.3561787957867847,0.9283354587245031,0.8465218352076884,0.1295191257360131
Go,,Real Data,rounds,12,False,0.7276069518716577,0.7603609625668449,0.2643716577540107,0.8903743315508021,0.7456550802139037,-0.013703208556149704,0.8128801741008407,0.842234706729192,0.37867890058120834,0.9271455114282185,0.8310877421825309,0.07407755254258963
Go,,Real Data,rounds,13,False,0.7272727272727273,0.7743983957219251,0.2279411764705882,0.8873663101604278,0.695855614973262,-0.004679144385026701,0.8199062280690756,0.8462434476133357,0.33011729257331235,0.9273162090213615,0.7900575966162704,0.09252991530558996
Go,,Real Data,rounds,14,False,0.7433155080213903,0.6283422459893049,0.16811497326203206,0.892379679144385,0.759692513368984,-0.009692513368984024,0.8380226466161684,0.7421202280318605,0.28150775566597275,0.9327490890412877,0.8304958490135171,0.09100757644304469
Go,,Real Data,rounds,15,False,0.7653743315508021,0.8699866310160428,0.2413101604278075,0.902072192513369,0.8559491978609626,-0.017379679144384985,0.8558880184591003,0.9176903371789333,0.3437400942570328,0.939465072203123,0.8922481235725955,0.08212430948965532
Go,,Real Data,rounds,16,False,0.8024732620320856,0.8021390374331551,0.2413101604278075,0.9047459893048129,0.6460561497326203,-0.02606951871657759,0.8789621620706308,0.8702529801893593,0.3584355651529755,0.9418412176514297,0.7498166996356163,0.06626847011713088
Go,,Real Data,rounds,17,False,0.8399064171122994,0.7794117647058824,0.20688502673796794,0.9398395721925134,0.820855614973262,-0.020721925133689867,0.9030566825858874,0.8551567128491445,0.3444426821194633,0.9632741260787534,0.8762608910647041,0.07302388005207139
Go,,Real Data,rounds,18,False,0.8649732620320856,0.6754679144385027,0.32352941176470584,0.9468582887700535,0.7737299465240641,-0.03877005347593587,0.9181091645626891,0.7817559874902029,0.4170596786998374,0.9674965806736044,0.8294428164336414,0.11299917493256906
Go,,Real Data,rounds,19,False,0.8612967914438503,0.7690508021390374,0.213903743315508,0.9568850267379679,0.7897727272727273,-0.03008021390374327,0.9147821221857942,0.8472780108518064,0.3379376262898185,0.9734839069733907,0.8534265713703811,0.06739459375884893
Go,,Real Data,rounds,20,False,0.8843582887700535,0.8014705882352942,0.214572192513369,0.9512032085561497,0.6804812834224598,-0.03342245989304815,0.9288233140614117,0.8711227123226029,0.3212130377490736,0.9701845916175013,0.7955059118556291,0.06076664438117074
Go,,Real Data,rounds,21,False,0.8940508021390374,0.8175133689839572,0.31450534759358284,0.9578877005347594,0.5755347593582888,-0.02874331550802145,0.9339125829108399,0.8792365715496979,0.4219181277434709,0.9737021658786928,0.7089205815193927,0.06339415826616379
Go,,Real Data,rounds,22,False,0.9294786096256684,0.6634358288770054,0.13770053475935828,0.9665775401069518,0.7115641711229946,-0.010695187165775444,0.9570397286518134,0.7809448060567543,0.29826839556297713,0.9791410268629712,0.8088247098644494,0.0902247656807067
Go,,Real Data,rounds,23,False,0.9274732620320856,0.7386363636363636,0.16610962566844922,0.973596256684492,0.7118983957219251,-0.007352941176470562,0.9551414194800935,0.8354894578699712,0.3107696377817385,0.9832285431336776,0.8110591989543493,0.07766247010000349
Go,,Real Data,rounds,24,False,0.9224598930481284,0.7713903743315508,0.3295454545454546,0.9715909090909091,0.7546791443850267,-0.019719251336898447,0.9517561883672823,0.8543420068918335,0.42638414784019973,0.9821813955376346,0.8246640485177357,0.12494124888880143
Go,,Real Data,rounds,25,False,0.9408422459893048,0.7657085561497327,0.11330213903743314,0.9786096256684492,0.6704545454545454,-0.010360962566844822,0.9618038680151022,0.8464802738139311,0.2691374901710587,0.9864501762377796,0.7722441613999633,0.08530587383575872
Go,,Real Data,rounds,26,False,0.9405080213903744,0.759024064171123,0.32419786096256686,0.9782754010695187,0.5080213903743316,-0.008021390374331583,0.9608501783144636,0.8386358594971526,0.4220718266949628,0.9858040489846519,0.6558552298078131,0.08254183751893984
Go,,Real Data,rounds,27,False,0.9254679144385026,0.8843582887700535,0.205548128342246,0.9709224598930482,0.49431818181818177,-0.027406417112299408,0.9527515257886727,0.9257741702149606,0.28893578248384455,0.9812527722465691,0.6157051037009895,0.06471587440895821
Go,,Real Data,rounds,28,False,0.8796791443850267,0.7279411764705883,0.2984625668449198,0.9712566844919787,0.7453208556149733,-0.013368983957219305,0.924018616924506,0.8232030613932657,0.390519011482377,0.9817475341595638,0.819535408761281,0.12744976804691144
Go,,Real Data,rounds,29,False,0.8860294117647058,0.7877673796791445,0.2596925133689839,0.9739304812834224,0.7262700534759359,-0.03041443850267389,0.9289400045481836,0.8587652350627253,0.3816278908065218,0.9832432903942593,0.813312853549741,0.11822665940875166
Go,,Real Data,rounds,30,False,0.8917112299465241,0.8308823529411764,0.24766042780748665,0.9712566844919787,0.6737967914438503,-0.002673796791443861,0.9324986152579559,0.8921132493079323,0.36292332620913614,0.9817364364732034,0.7748675614415418,0.0851662191162349
Go,,Real Data,rounds,31,False,0.9114304812834224,0.8024732620320856,0.3629679144385026,0.9725935828877006,0.6046122994652406,-0.013034759358288683,0.945368156559082,0.874426580796768,0.4469219556293833,0.9827483488658447,0.7123071414424315,0.13605308655754722
Go,,Real Data,rounds,32,False,0.910427807486631,0.8355614973262032,0.18549465240641716,0.9709224598930482,0.7393048128342246,-0.025401069518716568,0.9441735010880156,0.8922794858374429,0.3082228953615269,0.9816279367642085,0.8157593321465488,0.1235304650698027
Go,Uniform,Simulation Data,rounds,1,False,0.697192513368984,0.5223930481283423,0.4411764705882353,0.6473930481283423,0.5731951871657754,-0.016711229946523964,0.7730261988327123,0.5957762554939785,0.3960244447204282,0.6704260429318194,0.5844277940621093,0.0640981774242726
Go,Uniform,Simulation Data,rounds,2,False,0.6356951871657754,0.2981283422459893,0.2934491978609626,0.6998663101604279,0.2506684491978609,-0.023395721925133728,0.686386863151788,0.34536018460543516,0.4281784400478904,0.7810963829558722,0.36073279838103944,0.09778209038754071
Go,Uniform,Simulation Data,rounds,3,False,0.7289438502673797,0.35394385026737973,0.33188502673796794,0.7974598930481284,0.45387700534759357,0.03542780748663099,0.7645058899052434,0.48806917103405034,0.25142249998725996,0.8331708458687415,0.5943416631486342,0.08927905583418017
Go,Uniform,Simulation Data,rounds,4,False,0.6674465240641712,0.44451871657754005,0.21691176470588236,0.8108288770053476,0.5778743315508021,0.014705882352941124,0.7002026588659083,0.5415362226441189,0.3221745324115839,0.8570709264988088,0.6886094118195882,0.16110506301073468
Go,Uniform,Simulation Data,rounds,5,False,0.6774732620320856,0.4364973262032086,0.28743315508021394,0.822192513368984,0.7105614973262032,-0.00401069518716568,0.710215444469112,0.5490536088709501,0.3426649574862325,0.8672461682312993,0.8110133593120703,0.08306036814946527
Go,Uniform,Simulation Data,rounds,6,False,0.6664438502673797,0.5427807486631016,0.348596256684492,0.8422459893048129,0.6580882352941176,0.02740641711229952,0.6914026851100739,0.6909241697128433,0.4680630222860752,0.8835074540829149,0.7498436056484812,0.1690407450101733
Go,Uniform,Simulation Data,rounds,7,False,0.6537433155080214,0.5945855614973262,0.29679144385026734,0.8462566844919786,0.7934491978609626,-0.03375668449197855,0.669560892875809,0.7246153441747641,0.3999632148425286,0.8930778775796464,0.8411519995078358,0.06745355084213434
Go,Uniform,Simulation Data,rounds,8,False,0.6627673796791445,0.5905748663101604,0.2690508021390374,0.8365641711229946,0.7108957219251337,-0.014037433155080103,0.7066364712376162,0.6469310988594711,0.36199686914478213,0.8827610636376845,0.7962585068382579,0.1308183989627174
Go,Uniform,Simulation Data,rounds,9,False,0.678475935828877,0.7723930481283423,0.08322192513368987,0.8328877005347594,0.6557486631016043,-0.02707219251336901,0.7285044673624564,0.8322749930072267,0.22412770226088186,0.876228821925215,0.754215486679757,0.06994965718370838
Go,Uniform,Simulation Data,rounds,10,False,0.7182486631016043,0.7098930481283423,0.3245320855614974,0.8633021390374331,0.652072192513369,-0.039438502673796894,0.7854827906511954,0.8092417582955578,0.39567861377298585,0.9034452137182096,0.7648149700773896,0.05486248613888989
Go,Uniform,Simulation Data,rounds,11,False,0.731951871657754,0.7723930481283423,0.13937165775401072,0.8907085561497327,0.6724598930481284,-0.011363636363636465,0.8089299362252438,0.8427195400943199,0.28828567990428,0.9283354587245031,0.76771870419323,0.14371265525565624
Go,Uniform,Simulation Data,rounds,12,False,0.7276069518716577,0.813168449197861,0.5233957219251337,0.8903743315508021,0.8516042780748663,-0.0030080213903742603,0.8128801741008407,0.8728701543110247,0.608269564484749,0.9271455114282185,0.898903264797139,0.14861343843377062
Go,Uniform,Simulation Data,rounds,13,False,0.7245989304812834,0.7984625668449198,0.3519385026737968,0.8873663101604278,0.5832219251336899,-0.011363636363636465,0.8183596978198843,0.8684578081559191,0.45618350511441563,0.9273162090213615,0.6128661767208617,0.07857243111038126
Go,Uniform,Simulation Data,rounds,14,False,0.7433155080213903,0.8703208556149733,0.2536764705882353,0.892379679144385,0.7733957219251337,-0.017045454545454586,0.8380226466161684,0.9137382904975171,0.343800927704765,0.9327490890412877,0.8515433266806722,0.13085767358533773
Go,Uniform,Simulation Data,rounds,15,False,0.7653743315508021,0.7182486631016043,0.27005347593582885,0.902072192513369,0.7399732620320856,-0.03609625668449201,0.8558880184591003,0.8121993311955737,0.3691475577339699,0.939465072203123,0.8233392037223187,0.06532696607169541
Go,Uniform,Simulation Data,rounds,16,False,0.8004679144385027,0.7540106951871658,0.34592245989304815,0.9047459893048129,0.634692513368984,-0.04378342245989297,0.8778733245074042,0.8492958519758005,0.4414365259311215,0.9418412176514297,0.7541387405200237,0.11152457268088944
Go,Uniform,Simulation Data,rounds,17,False,0.8399064171122994,0.6657754010695187,0.4324866310160428,0.9398395721925134,0.8171791443850267,-0.013034759358288683,0.9030566825858874,0.7697227224860468,0.49888835893636674,0.9632741260787534,0.8679387135722864,0.128921567566313
Go,Uniform,Simulation Data,rounds,18,False,0.8696524064171123,0.8385695187165776,0.3078208556149733,0.9468582887700535,0.7185828877005347,-0.009024064171123003,0.9210270217301154,0.8934827844111641,0.4020895568079361,0.9674965806736044,0.8149483329945535,0.1438172308987843
Go,Uniform,Simulation Data,rounds,19,False,0.865975935828877,0.8368983957219251,0.12098930481283421,0.9568850267379679,0.6363636363636364,-0.016042780748663166,0.9176999793532206,0.8941525620021331,0.26411141864888943,0.9734839069733907,0.7402305287449675,0.08663006990563926
Go,Uniform,Simulation Data,rounds,20,False,0.8843582887700535,0.7991310160427807,0.27540106951871657,0.9512032085561497,0.7078877005347594,-0.03409090909090917,0.9288233140614117,0.8710857900584219,0.4034999911675814,0.9701845916175013,0.809616550387959,0.062236974935333644
Go,Uniform,Simulation Data,rounds,21,False,0.8940508021390374,0.8048128342245989,0.38569518716577544,0.9578877005347594,0.6089572192513368,-0.03609625668449201,0.9339125829108399,0.8759122831230013,0.4681550328145866,0.9737021658786928,0.7152815741856386,0.059923551036279554
Go,Uniform,Simulation Data,rounds,22,False,0.9294786096256684,0.6370320855614973,0.40040106951871657,0.9665775401069518,0.3562834224598931,-0.022058823529411686,0.9570397286518134,0.7283827600581335,0.5266006190482775,0.9791410268629712,0.5234802926526945,0.1308016567869873
Go,Uniform,Simulation Data,rounds,23,False,0.9274732620320856,0.7476604278074866,0.31951871657754005,0.973596256684492,0.6490641711229946,-0.04110962566844911,0.9551414194800935,0.828497726974808,0.4539663754205042,0.9832285431336776,0.7331055976200708,0.10765439245708996
Go,Uniform,Simulation Data,rounds,24,False,0.9224598930481284,0.7122326203208555,0.19084224598930477,0.9715909090909091,0.7810828877005348,-0.016377005347593565,0.9517561883672823,0.8054697995335837,0.31500222159082536,0.9821813955376346,0.8512138894701979,0.08158670292951731
Go,Uniform,Simulation Data,rounds,25,False,0.9408422459893048,0.5738636363636364,0.3439171122994652,0.9786096256684492,0.7717245989304813,-0.023061497326203106,0.9618038680151022,0.7194522270997465,0.4484768591993973,0.9864501762377796,0.8413059494540067,0.08078813232567561
Go,Uniform,Simulation Data,rounds,26,False,0.9405080213903744,0.5668449197860963,0.4816176470588235,0.9782754010695187,0.5701871657754011,-0.011363636363636465,0.9608501783144636,0.7118426937388739,0.5760959260921903,0.9858040489846519,0.7252074997715685,0.13009781846995871
Go,Uniform,Simulation Data,rounds,27,False,0.9254679144385026,0.7723930481283423,0.1881684491978609,0.9709224598930482,0.6637700534759359,-0.05748663101604268,0.9527515257886727,0.8499753561094655,0.3179501612592335,0.9812527722465691,0.7765080390567874,0.04390690390609753
Go,Uniform,Simulation Data,rounds,28,False,0.8823529411764706,0.6567513368983957,0.10795454545454541,0.9712566844919787,0.7259358288770054,-0.02774064171123003,0.925984701695412,0.7808364464083913,0.26754436197472464,0.9817475341595638,0.819017035620903,0.12968982270678442
Go,Uniform,Simulation Data,rounds,29,False,0.8860294117647058,0.8038101604278075,0.383355614973262,0.9739304812834224,0.6754679144385027,-0.003676470588235281,0.9289400045481836,0.8778799792739157,0.4647011351185366,0.9832432903942593,0.7252811367592753,0.14541669586983086
Go,Uniform,Simulation Data,rounds,30,False,0.8917112299465241,0.6915106951871658,0.2984625668449198,0.9712566844919787,0.6136363636363636,-0.04110962566844911,0.9324986152579559,0.7914659281045449,0.39266389960221915,0.9817364364732034,0.7051624583037392,0.053126538115440214
Go,Uniform,Simulation Data,rounds,31,False,0.9114304812834224,0.8375668449197861,0.14004010695187163,0.9725935828877006,0.5260695187165776,-0.022058823529411686,0.945368156559082,0.8929845889220183,0.2667043763363889,0.9827483488658447,0.6724846415848802,0.06795873854369883
Go,Uniform,Simulation Data,rounds,32,False,0.910427807486631,0.7723930481283423,0.27473262032085566,0.9709224598930482,0.7413101604278075,0.002673796791443861,0.9441735010880156,0.8391808057190653,0.39159040672236445,0.9816279367642085,0.8194787445548402,0.1488802397122725
Go,Normal,Simulation Data,rounds,1,False,0.5424465240641712,0.20487967914438499,0.31885026737967914,0.6096256684491979,0.5518048128342246,0.007352941176470562,0.5742112688165001,0.260382958400282,0.25412901004132604,0.6444166119323227,0.6394872513840025,0.09440366959028113
Go,Normal,Simulation Data,rounds,2,False,0.6179812834224598,0.40441176470588236,0.17713903743315507,0.7503342245989305,0.5975935828877006,0.022393048128342197,0.700218210485223,0.6070320478701896,0.327493922100513,0.8036733725665068,0.7038473932011649,0.07088322183669071
Go,Normal,Simulation Data,rounds,3,False,0.7259358288770054,0.49732620320855614,0.14004010695187163,0.7887700534759359,0.731283422459893,0.020387700534759357,0.7480675478305698,0.6020650987696556,0.17910118278757814,0.8284573700955752,0.8183744311226752,0.07884138842397881
Go,Normal,Simulation Data,rounds,4,False,0.651403743315508,0.4515374331550802,0.3272058823529411,0.8128342245989305,0.4328208556149733,0.03843582887700536,0.6899389496809033,0.6092649448140371,0.38163367839837636,0.8581402938942868,0.545135170873765,0.16762555799466594
Go,Normal,Simulation Data,rounds,5,False,0.6818181818181819,0.7396390374331551,0.13235294117647056,0.8175133689839572,0.5160427807486632,-0.008021390374331583,0.7069985999878476,0.8020185067134452,0.218828600836119,0.8647275764035166,0.5821321768666667,0.13384639174110924
Go,Normal,Simulation Data,rounds,6,False,0.6614304812834224,0.5835561497326203,0.16310160427807485,0.8429144385026738,0.6263368983957219,0.0,0.6878012702623734,0.6969912308851796,0.31014998836327146,0.8838682697763469,0.7586038676144257,0.09554260094424771
Go,Normal,Simulation Data,rounds,7,False,0.6544117647058824,0.7356283422459893,0.15073529411764708,0.8455882352941176,0.8499331550802139,-0.03308823529411775,0.6700384255831788,0.80027319553196,0.29796523716196344,0.8927169114740998,0.8943967131035467,0.07650204945997341
Go,Normal,Simulation Data,rounds,8,False,0.661096256684492,0.7743983957219251,0.19284759358288772,0.8372326203208555,0.7750668449197861,-0.009692513368984024,0.7057588566757179,0.8401215309771116,0.32128869718140174,0.8831220297432311,0.8527377626493763,0.1426547195443154
Go,Normal,Simulation Data,rounds,9,False,0.6774732620320856,0.6006016042780749,0.16377005347593587,0.8328877005347594,0.6046122994652406,-0.012366310160427885,0.7284439342730116,0.7004826716404282,0.3205145407142368,0.876228821925215,0.7227933764934156,0.08644553119053855
Go,Normal,Simulation Data,rounds,10,False,0.7078877005347594,0.7092245989304813,0.2189171122994652,0.8633021390374331,0.5698529411764706,-0.006350267379679142,0.7798292903024518,0.7995249401008107,0.3348682000512495,0.9034452137182096,0.714520878262052,0.0911302677876007
Go,Normal,Simulation Data,rounds,11,False,0.7199197860962567,0.7984625668449198,0.2947860962566845,0.8907085561497327,0.633355614973262,-0.02974598930481287,0.8007269121983843,0.8681707738732476,0.40101348392963,0.9283354587245031,0.7511143736583163,0.12013664311447025
Go,Normal,Simulation Data,rounds,12,False,0.7252673796791445,0.7165775401069518,0.2717245989304813,0.8903743315508021,0.8265374331550802,-0.047125668449197855,0.8113592804991918,0.8185383119489951,0.38731324027152003,0.9271455114282185,0.873834700250129,0.05152733393829001
Go,Normal,Simulation Data,rounds,13,False,0.7245989304812834,0.7239304812834224,0.28776737967914434,0.8873663101604278,0.6236631016042781,0.011697860962566864,0.8183596978198843,0.8221734278095763,0.41086612800551336,0.9273162090213615,0.7066986373538753,0.15427226761426394
Go,Normal,Simulation Data,rounds,14,False,0.7433155080213903,0.7606951871657754,0.20788770053475936,0.892379679144385,0.48863636363636365,-0.019719251336898447,0.8380226466161684,0.8378295661680752,0.32940146593259645,0.9327490890412877,0.5951210826737666,0.13685850386179532
Go,Normal,Simulation Data,rounds,15,False,0.7657085561497327,0.7129010695187166,0.304144385026738,0.902072192513369,0.5828877005347594,-0.018048128342246006,0.8560146836000534,0.8092936654599334,0.3959982265649835,0.939465072203123,0.6626399150535585,0.12857844557821008
Go,Normal,Simulation Data,rounds,16,False,0.7957887700534759,0.7891042780748663,0.37199197860962563,0.9047459893048129,0.7118983957219251,-0.013368983957219305,0.8746450356283887,0.8654790441309229,0.4889653825663677,0.9418412176514297,0.7717049132317222,0.07762166909202395
Go,Normal,Simulation Data,rounds,17,False,0.8335561497326203,0.7774064171122994,0.3201871657754011,0.9398395721925134,0.6477272727272727,-0.042446524064171154,0.8992134744316924,0.8500729164471335,0.4016790524042899,0.9632741260787534,0.7735191781936006,0.11610497476856829
Go,Normal,Simulation Data,rounds,18,False,0.8649732620320856,0.7453208556149733,0.2727272727272727,0.9468582887700535,0.47660427807486627,-0.023729946524064127,0.9181091645626891,0.8335701562483588,0.39105346709591504,0.9674965806736044,0.5423034561368034,0.12383972719576208
Go,Normal,Simulation Data,rounds,19,False,0.8612967914438503,0.8211898395721925,0.2647058823529411,0.9568850267379679,0.7426470588235294,-0.03576203208556139,0.9147821221857942,0.882654380566432,0.3610470041688898,0.9734839069733907,0.7918606531989467,0.1149307405025195
Go,Normal,Simulation Data,rounds,20,False,0.8843582887700535,0.5748663101604279,0.17179144385026734,0.9512032085561497,0.7195855614973262,-0.004344919786096302,0.9288233140614117,0.6890955988200622,0.30960582557162064,0.9701845916175013,0.8109922461446493,0.1379007265401413
Go,Normal,Simulation Data,rounds,21,False,0.8940508021390374,0.723596256684492,0.25167112299465244,0.9578877005347594,0.7510026737967914,0.0,0.9339125829108399,0.822639818372531,0.3628031372507834,0.9737021658786928,0.8307768196731451,0.09530183198466247
Go,Normal,Simulation Data,rounds,22,False,0.9271390374331551,0.7543449197860963,0.27038770053475936,0.9665775401069518,0.8275401069518716,-0.019385026737967825,0.9555450010322518,0.8437171425187595,0.36918687733569655,0.9791410268629712,0.8890003705081941,0.12800946716324169
Go,Normal,Simulation Data,rounds,23,False,0.9274732620320856,0.7580213903743316,0.33589572192513373,0.973596256684492,0.7797459893048129,-0.016042780748663166,0.9551414194800935,0.8338888391396289,0.42341619776348405,0.9832285431336776,0.8291230374821585,0.07443165282433417
Go,Normal,Simulation Data,rounds,24,False,0.9224598930481284,0.5875668449197862,0.21590909090909094,0.9715909090909091,0.7543449197860963,-0.022727272727272707,0.9517561883672823,0.6707322118872168,0.3507254942215996,0.9821813955376346,0.8439295604613053,0.0783198800704118
Go,Normal,Simulation Data,rounds,25,False,0.9408422459893048,0.7834224598930482,0.3071524064171123,0.9786096256684492,0.6483957219251337,-0.00200534759358284,0.9618038680151022,0.8599204415825921,0.40165582031904923,0.9864501762377796,0.7430723148381237,0.09091071348009394
Go,Normal,Simulation Data,rounds,26,False,0.9405080213903744,0.7630347593582888,0.2282754010695187,0.9782754010695187,0.7443181818181819,-0.014705882352941124,0.9608501783144636,0.8524957304358103,0.3606881509837575,0.9858040489846519,0.8225984903542329,0.07715729933773707
Go,Normal,Simulation Data,rounds,27,False,0.9254679144385026,0.7817513368983957,0.17212566844919786,0.9709224598930482,0.7082219251336899,-0.014705882352941124,0.9527515257886727,0.8543966294303436,0.3034348872846446,0.9812527722465691,0.7854627919154091,0.07392227728142453
Go,Normal,Simulation Data,rounds,28,False,0.8796791443850267,0.7540106951871658,0.042112299465240643,0.9712566844919787,0.8225267379679144,-0.009358288770053402,0.924018616924506,0.8377811680240853,0.20272787968448036,0.9817475341595638,0.875077208856492,0.07764211574280122
Go,Normal,Simulation Data,rounds,29,False,0.8860294117647058,0.714572192513369,0.2937834224598931,0.9739304812834224,0.4903074866310161,-0.03776737967914445,0.9289400045481836,0.8061008521619486,0.39016399219637654,0.9832432903942593,0.5915974245776751,0.060138162275184315
Go,Normal,Simulation Data,rounds,30,False,0.8917112299465241,0.7072192513368984,0.2643716577540107,0.9712566844919787,0.6978609625668449,-0.018048128342246006,0.9324986152579559,0.8055370384265667,0.3686848426710637,0.9817364364732034,0.7699193553508028,0.1328334059088736
Go,Normal,Simulation Data,rounds,31,False,0.9114304812834224,0.7894385026737968,0.151403743315508,0.9725935828877006,0.740307486631016,-0.017045454545454586,0.945368156559082,0.8601743022093804,0.2875741005649276,0.9827483488658447,0.8240707389570501,0.1379762546663782
Go,Normal,Simulation Data,rounds,32,False,0.910427807486631,0.8549465240641712,0.18482620320855614,0.9709224598930482,0.8171791443850267,-0.008689839572192604,0.9441735010880156,0.9053773834646358,0.3054585762422587,0.9816279367642085,0.879190146980716,0.1297329351575257
Go,Zipf,Simulation Data,rounds,1,False,0.6223262032085561,0.4542112299465241,0.10060160427807485,0.597927807486631,0.6273395721925134,-0.012366310160427885,0.6629616532073646,0.41856320805946345,-0.005682972926174479,0.6801249939616042,0.6971130159710246,0.06272042524035237
Go,Zipf,Simulation Data,rounds,2,False,0.6711229946524064,0.3800133689839572,0.21189839572192515,0.6851604278074866,0.3352272727272727,0.013703208556149704,0.6421300047363183,0.4828344792339445,0.3516558055828557,0.7735874433535233,0.5104310217426354,0.06711614345834216
Go,Zipf,Simulation Data,rounds,3,False,0.740307486631016,0.4953208556149733,0.3760026737967914,0.8061497326203209,0.615975935828877,0.025066844919786058,0.7553978572258246,0.6583913860200807,0.41842037074102134,0.8381421583784123,0.7011144745044972,0.14397728623310946
Go,Zipf,Simulation Data,rounds,4,False,0.651403743315508,0.517379679144385,0.23830213903743314,0.8121657754010695,0.5324197860962567,-0.005347593582887722,0.6905149814428906,0.6151044295138042,0.34804174664182774,0.8577731639766175,0.6573110313463245,0.08262791166169425
Go,Zipf,Simulation Data,rounds,5,False,0.677807486631016,0.6370320855614973,0.20421122994652408,0.8195187165775402,0.4642379679144385,-0.006684491978609541,0.7062729190015743,0.7438630084294675,0.22506064919083146,0.8657906295747574,0.5730935590276454,0.0769469313326564
Go,Zipf,Simulation Data,rounds,6,False,0.6554144385026738,0.5350935828877006,0.30982620320855614,0.8429144385026738,0.7162433155080214,-0.010695187165775444,0.6792452399178921,0.6566112861523357,0.44407132748459555,0.8838682697763469,0.8045958384114776,0.07642728316548342
Go,Zipf,Simulation Data,rounds,7,False,0.6564171122994653,0.6684491978609626,0.1654411764705882,0.8462566844919786,0.7205882352941176,-0.022393048128342308,0.6711264494192444,0.7514539713235755,0.30395892228444565,0.8930778775796464,0.8192077252207997,0.06381718740176279
Go,Zipf,Simulation Data,rounds,8,False,0.6624331550802138,0.6433823529411764,0.20354278074866305,0.8372326203208555,0.6697860962566845,0.004344919786096302,0.7064730433413955,0.754312203028245,0.3497476305731184,0.8831220297432311,0.7844480076355325,0.15008570950648448
Go,Zipf,Simulation Data,rounds,9,False,0.6801470588235294,0.6998663101604279,0.13268716577540107,0.8328877005347594,0.7747326203208555,-0.0006684491978610207,0.7297356482641444,0.7983778666491389,0.2806559340646003,0.876228821925215,0.8531044885431732,0.1463560349875933
Go,Zipf,Simulation Data,rounds,10,False,0.7189171122994653,0.7015374331550802,0.3385695187165776,0.8633021390374331,0.3746657754010695,-0.03609625668449201,0.7856776250529216,0.7932994980173717,0.426175881305767,0.9034452137182096,0.5357758607678804,0.11272732138820629
Go,Zipf,Simulation Data,rounds,11,False,0.72225935828877,0.7028743315508021,0.1834893048128342,0.8907085561497327,0.7710561497326203,0.0016711229946524409,0.8021905435432337,0.7931544573745131,0.34450818010595186,0.9283354587245031,0.8256881559829208,0.14094714204567926
Go,Zipf,Simulation Data,rounds,12,False,0.7252673796791445,0.7342914438502675,0.29144385026737973,0.8903743315508021,0.8392379679144385,-0.03475935828876997,0.8113592804991918,0.8207426968810604,0.3795966757333121,0.9271455114282185,0.8806351913405098,0.11499925837033331
Go,Zipf,Simulation Data,rounds,13,False,0.7272727272727273,0.8352272727272727,0.10093582887700536,0.8873663101604278,0.758355614973262,-0.009024064171123003,0.8199062280690756,0.8828952775396031,0.25445745362623773,0.9273162090213615,0.8473978139872518,0.13417390680649177
Go,Zipf,Simulation Data,rounds,14,False,0.7433155080213903,0.7543449197860963,0.1915106951871658,0.892379679144385,0.6644385026737968,-0.012366310160427885,0.8380226466161684,0.8221001295764251,0.3204092300095227,0.9327490890412877,0.7664614043877624,0.14044770316454935
Go,Zipf,Simulation Data,rounds,15,False,0.7657085561497327,0.8372326203208555,0.25300802139037437,0.902072192513369,0.6577540106951871,-0.021390374331550888,0.8560146836000534,0.8885635749021982,0.35820539770915116,0.939465072203123,0.785155319143884,0.08249298873004285
Go,Zipf,Simulation Data,rounds,16,False,0.8004679144385027,0.8031417112299465,0.3626336898395722,0.9047459893048129,0.7215909090909092,-0.012366310160427885,0.8778733245074042,0.8737931304509052,0.46805946544727794,0.9418412176514297,0.8215931620778201,0.1337552625870826
Go,Zipf,Simulation Data,rounds,17,False,0.8335561497326203,0.6838235294117647,0.3432486631016043,0.9398395721925134,0.8108288770053476,-0.008689839572192604,0.8992134744316924,0.7731673294589086,0.4485467499665199,0.9632741260787534,0.8681281139588097,0.0839337790403003
Go,Zipf,Simulation Data,rounds,18,False,0.8649732620320856,0.723596256684492,0.2934491978609626,0.9468582887700535,0.8231951871657754,0.00200534759358284,0.9181091645626891,0.8257270711449025,0.3927774755110992,0.9674965806736044,0.8846968188494351,0.09788805621820862
Go,Zipf,Simulation Data,rounds,19,False,0.8612967914438503,0.7847593582887701,0.23362299465240643,0.9568850267379679,0.8078208556149733,-0.03275401069518713,0.9147821221857942,0.8572256212582877,0.3644101026850076,0.9734839069733907,0.8742921624910315,0.06296108854716043
Go,Zipf,Simulation Data,rounds,20,False,0.8843582887700535,0.6407085561497325,0.2887700534759359,0.9512032085561497,0.7276069518716577,-0.00401069518716568,0.9288233140614117,0.7542085399067459,0.41274821038417997,0.9701845916175013,0.8120843033347263,0.08929235920910583
Go,Zipf,Simulation Data,rounds,21,False,0.8940508021390374,0.7881016042780749,0.268048128342246,0.9578877005347594,0.6504010695187166,-0.045788770053476036,0.9339125829108399,0.8595333531193923,0.362388156767698,0.9737021658786928,0.729808939709091,0.05298613609757652
Go,Zipf,Simulation Data,rounds,22,False,0.9271390374331551,0.5939171122994653,0.3385695187165776,0.9665775401069518,0.6905080213903743,0.007018716577540052,0.9555450010322518,0.701054484734283,0.4418685639965596,0.9791410268629712,0.7643598656710456,0.15369289305777145
Go,Zipf,Simulation Data,rounds,23,False,0.9274732620320856,0.741644385026738,0.2894385026737968,0.973596256684492,0.740975935828877,-0.018716577540107027,0.9551414194800935,0.8109749568473588,0.44872634994015803,0.9832285431336776,0.8320388655774584,0.1298985744039146
Go,Zipf,Simulation Data,rounds,24,False,0.9224598930481284,0.8068181818181819,0.31450534759358284,0.9715909090909091,0.652072192513369,-0.004344919786096302,0.9517561883672823,0.8715537138851972,0.42062335633970993,0.9821813955376346,0.706548978445533,0.0834459067415324
Go,Zipf,Simulation Data,rounds,25,False,0.9408422459893048,0.5855614973262032,0.26504010695187163,0.9786096256684492,0.5675133689839572,-0.014371657754010725,0.9618038680151022,0.6808778352229401,0.3713848472886271,0.9864501762377796,0.6979481892357862,0.07774089050243893
Go,Zipf,Simulation Data,rounds,26,False,0.9405080213903744,0.7386363636363636,0.09625668449197866,0.9782754010695187,0.6761363636363636,-0.03241978609625673,0.9608501783144636,0.8261063166401995,0.250146020873277,0.9858040489846519,0.7655377159442048,0.06704231809739425
Go,Zipf,Simulation Data,rounds,27,False,0.9254679144385026,0.740307486631016,0.20855614973262027,0.9709224598930482,0.5150401069518716,-0.03008021390374327,0.9527515257886727,0.8290798825532376,0.3189453112021484,0.9812527722465691,0.6295727963560314,0.11619563678619227
Go,Zipf,Simulation Data,rounds,28,False,0.8823529411764706,0.6978609625668449,0.3706550802139037,0.9712566844919787,0.838903743315508,-0.041443850267379734,0.925984701695412,0.8127310467894904,0.45926048842941536,0.9817475341595638,0.9010176133877124,0.059349236272674855
Go,Zipf,Simulation Data,rounds,29,False,0.8860294117647058,0.677807486631016,0.3292112299465241,0.9739304812834224,0.7496657754010696,-0.011029411764705843,0.9289400045481836,0.772551720458547,0.42300258985812755,0.9832432903942593,0.8301889019384958,0.14454952596108306
Go,Zipf,Simulation Data,rounds,30,False,0.8917112299465241,0.6296791443850267,0.3221925133689839,0.9712566844919787,0.8068181818181819,-0.009358288770053402,0.9324986152579559,0.697938222149791,0.40334992776166556,0.9817364364732034,0.871437526465692,0.09092247405383269
Go,Zipf,Simulation Data,rounds,31,False,0.9114304812834224,0.6697860962566845,0.07987967914438499,0.9725935828877006,0.6761363636363636,-0.015374331550802145,0.945368156559082,0.779859407109329,0.23809301082150514,0.9827483488658447,0.7512536933655021,0.08308102685582575
Go,Zipf,Simulation Data,rounds,32,False,0.910427807486631,0.7794117647058824,0.1744652406417112,0.9709224598930482,0.8285427807486632,-0.013703208556149704,0.9441735010880156,0.8603834686643679,0.30961815469578957,0.9816279367642085,0.8788688138937998,0.08592970234453856
Go,MultiGaussian,Simulation Data,rounds,1,False,0.5397727272727273,0.20655080213903743,0.45320855614973266,0.5481283422459893,0.4385026737967914,0.10762032085561501,0.606113824701539,0.2907547484155061,0.5547100798826585,0.5950578300172344,0.2616601270112354,0.20732053580006637
Go,MultiGaussian,Simulation Data,rounds,2,False,0.668783422459893,0.4234625668449198,0.4592245989304813,0.6370320855614973,0.6747994652406417,0.02606951871657759,0.7226372376219945,0.45041493929044285,0.47755177084556544,0.7319400836660404,0.6211552926812625,0.0771831895959646
Go,MultiGaussian,Simulation Data,rounds,3,False,0.7232620320855615,0.3609625668449198,0.25668449197860965,0.7964572192513368,0.5741978609625669,0.006684491978609652,0.7615809699907743,0.4762991144762885,0.2579897310652116,0.832745817111113,0.6586204547464669,0.12522903623696757
Go,MultiGaussian,Simulation Data,rounds,4,False,0.65975935828877,0.4518716577540107,0.2991310160427807,0.8101604278074866,0.7503342245989305,0.025066844919786058,0.6943762432755944,0.5692638831248396,0.3503283279938787,0.8566708458802064,0.8016612203833581,0.15539059873927497
Go,MultiGaussian,Simulation Data,rounds,5,False,0.6717914438502675,0.606951871657754,0.10962566844919786,0.822192513368984,0.46290106951871657,-0.006684491978609541,0.701607657273033,0.6935648310625274,0.19425407505264258,0.8672461682312993,0.6170875984647664,0.13719351822743076
Go,MultiGaussian,Simulation Data,rounds,6,False,0.6554144385026738,0.6664438502673797,0.23028074866310155,0.8422459893048129,0.7232620320855615,0.009692513368983913,0.6793534985437941,0.7725077776279698,0.34455468482557416,0.8835073036708002,0.815061867219986,0.14651476168613253
Go,MultiGaussian,Simulation Data,rounds,7,False,0.6564171122994653,0.652072192513369,0.1564171122994652,0.8462566844919786,0.7489973262032086,-0.03308823529411775,0.6711264494192444,0.7723233281835453,0.30495420597585987,0.8930778775796464,0.828204412669225,0.11287005801197403
Go,MultiGaussian,Simulation Data,rounds,8,False,0.6620989304812834,0.6724598930481284,0.2994652406417112,0.8372326203208555,0.7045454545454546,-0.00100267379679142,0.7062755051320695,0.7676907796581889,0.41804993219362796,0.8831220297432311,0.8035717708017556,0.09047197042557387
Go,MultiGaussian,Simulation Data,rounds,9,False,0.6788101604278075,0.6443850267379679,0.23094919786096257,0.8328877005347594,0.5137032085561497,-0.026403743315507988,0.7290324520418581,0.7569438803142022,0.38295737367983806,0.876228821925215,0.6286812436329148,0.06026814029836525
Go,MultiGaussian,Simulation Data,rounds,10,False,0.7192513368983957,0.6460561497326203,0.4364973262032086,0.8633021390374331,0.5665106951871658,-0.018382352941176405,0.7859477776296514,0.7431021760456756,0.5184547449558251,0.9034452137182096,0.6771828221245175,0.12654470943691531
Go,MultiGaussian,Simulation Data,rounds,11,False,0.7332887700534759,0.7419786096256684,0.27005347593582885,0.8907085561497327,0.8392379679144385,0.004679144385026701,0.8096063533980087,0.8305289485177463,0.3990608425344361,0.9283354587245031,0.8824320934627182,0.1440309491651065
Go,MultiGaussian,Simulation Data,rounds,12,False,0.7262700534759359,0.7125668449197862,0.10828877005347592,0.8903743315508021,0.6209893048128342,-0.02606951871657759,0.8120848419329285,0.7967924908149384,0.26014225448301853,0.9271455114282185,0.6858948689968701,0.12246025393157711
Go,MultiGaussian,Simulation Data,rounds,13,False,0.7272727272727273,0.7085561497326203,0.2633689839572193,0.8873663101604278,0.6343582887700534,-0.025401069518716568,0.8199062280690756,0.8062956499915126,0.40374234950430876,0.9273162090213615,0.7276832090130385,0.06665347313360592
Go,MultiGaussian,Simulation Data,rounds,14,False,0.7433155080213903,0.5885695187165776,0.3168449197860963,0.892379679144385,0.7730614973262032,0.005347593582887722,0.8380226466161684,0.684827569656453,0.41308904403447655,0.9327490890412877,0.832105209383409,0.14781937376560017
Go,MultiGaussian,Simulation Data,rounds,15,False,0.7643716577540107,0.8596256684491979,0.3315508021390374,0.902072192513369,0.732620320855615,-0.008689839572192604,0.8550778188947983,0.9070721098429861,0.4376633179188283,0.939465072203123,0.7995513081210862,0.13160470533920177
Go,MultiGaussian,Simulation Data,rounds,16,False,0.8024732620320856,0.8101604278074866,0.17513368983957223,0.9047459893048129,0.6447192513368984,-0.03375668449197855,0.8789621620706308,0.8571459462750104,0.302801128886377,0.9418412176514297,0.7729260487403358,0.059434453448819036
Go,MultiGaussian,Simulation Data,rounds,17,False,0.8399064171122994,0.4595588235294118,0.23963903743315507,0.9398395721925134,0.6834893048128342,-0.012366310160427885,0.9030566825858874,0.6124759241513696,0.3580225019109162,0.9632741260787534,0.7872435412412898,0.12918998655285863
Go,MultiGaussian,Simulation Data,rounds,18,False,0.8649732620320856,0.661096256684492,0.21223262032085566,0.9468582887700535,0.7192513368983957,-0.03375668449197855,0.9181091645626891,0.7776796489231192,0.32157845079501635,0.9674965806736044,0.8040846826667768,0.06895439860914465
Go,MultiGaussian,Simulation Data,rounds,19,False,0.865975935828877,0.8592914438502673,0.26637700534759357,0.9568850267379679,0.6219919786096257,-0.010695187165775444,0.9176999793532206,0.9050030733467882,0.36027108207185143,0.9734839069733907,0.732276297564704,0.0893754535888035
Go,MultiGaussian,Simulation Data,rounds,20,False,0.8843582887700535,0.7082219251336899,0.1380347593582888,0.9512032085561497,0.7476604278074866,-0.010695187165775444,0.9288233140614117,0.7690505032213514,0.28703279985332353,0.9701845916175013,0.8243662852832926,0.07436870216605285
Go,MultiGaussian,Simulation Data,rounds,21,False,0.8940508021390374,0.7459893048128342,-0.010026737967914423,0.9578877005347594,0.7901069518716577,-0.00200534759358284,0.9339125829108399,0.8397151418369105,0.18421519146379173,0.9737021658786928,0.8646654153237441,0.0943096450346973
Go,MultiGaussian,Simulation Data,rounds,22,False,0.9294786096256684,0.5508021390374331,0.20020053475935828,0.9665775401069518,0.6176470588235294,-0.03676470588235303,0.9570397286518134,0.6660177031449213,0.3134509345410381,0.9791410268629712,0.7317180909539802,0.06343686225950196
Go,MultiGaussian,Simulation Data,rounds,23,False,0.9274732620320856,0.7132352941176471,0.19919786096256686,0.973596256684492,0.6925133689839572,-0.017713903743315607,0.9551414194800935,0.8012198453551999,0.33481425030221557,0.9832285431336776,0.7900657632274051,0.12681188588829573
Go,MultiGaussian,Simulation Data,rounds,24,False,0.9224598930481284,0.6945187165775402,0.1654411764705882,0.9715909090909091,0.8051470588235294,-0.022727272727272707,0.9517561883672823,0.8012139525704766,0.28701948570350866,0.9821813955376346,0.8544056874396779,0.13582358832687713
Go,MultiGaussian,Simulation Data,rounds,25,False,0.9408422459893048,0.7760695187165776,0.22025401069518713,0.9786096256684492,0.7616978609625669,0.0013368983957219305,0.9618038680151022,0.8476424801565929,0.3522073015621229,0.9864501762377796,0.805771844535524,0.09224234093448702
Go,MultiGaussian,Simulation Data,rounds,26,False,0.9405080213903744,0.7703877005347594,0.27439839572192515,0.9782754010695187,0.8358957219251337,-0.011697860962566864,0.9608501783144636,0.851282324951526,0.38994646869347815,0.9858040489846519,0.8848982569639848,0.1329163612670926
Go,MultiGaussian,Simulation Data,rounds,27,False,0.9254679144385026,0.7867647058823529,0.1651069518716578,0.9709224598930482,0.7372994652406417,-0.05247326203208558,0.9527515257886727,0.8640024681556855,0.2803403782680497,0.9812527722465691,0.8139880795973514,0.04663063172187887
Go,MultiGaussian,Simulation Data,rounds,28,False,0.8796791443850267,0.6704545454545454,0.24398395721925137,0.9712566844919787,0.7647058823529411,-0.03609625668449201,0.924018616924506,0.7797680082083636,0.3637452217939552,0.9817475341595638,0.844383625961411,0.059597087546497285
Go,MultiGaussian,Simulation Data,rounds,29,False,0.8860294117647058,0.8622994652406417,0.23395721925133695,0.9739304812834224,0.7503342245989305,-0.008689839572192604,0.9289400045481836,0.9170063794147566,0.36335852794997203,0.9832432903942593,0.8263139915590557,0.08226240140602026
Go,MultiGaussian,Simulation Data,rounds,30,False,0.8917112299465241,0.7693850267379679,0.3125,0.9712566844919787,0.7667112299465241,-0.010360962566844822,0.9324986152579559,0.8541734908123019,0.39910776174321305,0.9817364364732034,0.8268132690359628,0.09063905983090492
Go,MultiGaussian,Simulation Data,rounds,31,False,0.9114304812834224,0.8315508021390374,0.27339572192513373,0.9725935828877006,0.6163101604278075,-0.016042780748663166,0.945368156559082,0.894198589394456,0.3844025373544938,0.9827483488658447,0.7000754979363613,0.14130651991992094
Go,MultiGaussian,Simulation Data,rounds,32,False,0.910427807486631,0.7058823529411764,0.13636363636363635,0.9709224598930482,0.768048128342246,-0.0076871657754009615,0.9441735010880156,0.8050330682276777,0.2895234441699762,0.9816279367642085,0.8360479407827464,0.08833884083175758
Badminton,,Real Data,rounds,1,False,-0.134024064171123,0.051804812834224556,0.09926470588235292,0.03342245989304815,-0.08923796791443861,0.11397058823529416,0.02383412684382591,0.16446897656845438,0.19825981110123125,0.28931158276180624,-0.1278676430096608,0.30090753009208393
Badminton,,Real Data,rounds,2,False,-0.03810160427807485,0.1737967914438503,0.012700534759358284,0.0401069518716578,0.12332887700534756,0.18917112299465244,0.17886304766229788,0.13550544879398208,0.17503115119535073,0.2327644184597486,0.08726396474496723,0.3938484974386951
Badminton,,Real Data,rounds,3,False,-0.15508021390374327,0.051136363636363646,0.08790106951871657,0.11764705882352944,0.14237967914438499,0.05481283422459893,-0.03634116112325203,0.23120476648242538,0.24042032167656513,0.32664735733126427,0.30684290607713927,0.28675399849644856
Badminton,,Real Data,rounds,4,False,-0.023395721925133728,0.22526737967914434,-0.15274064171123003,0.14505347593582885,0.160427807486631,0.16711229946524064,0.1270482211403453,0.39533972102738935,-0.16099201577338573,0.38584172471800826,0.11998331279886931,0.3802057100111631
Badminton,,Real Data,rounds,5,False,0.044786096256684504,0.23462566844919786,0.021724598930481287,0.3392379679144385,0.32820855614973266,0.12232620320855614,0.2048577463802166,0.3193282919101027,-0.0006777309071657189,0.5374351435317487,0.4676279604452235,0.34116284043500433
Badminton,,Real Data,rounds,6,False,0.0848930481283422,0.3562834224598931,0.2760695187165776,0.3987299465240641,0.3205213903743316,0.21156417112299464,0.30404435225983106,0.4985732192609724,0.20282738242591902,0.6000926723795998,0.34184532988041283,0.39743437535876047
Badminton,,Real Data,rounds,7,False,0.09491978609625673,0.47192513368983957,0.10628342245989308,0.42112299465240643,0.39939839572192515,0.0401069518716578,0.3521607740138525,0.6623031862049151,0.17621375821020202,0.6116573839243787,0.5228734235629124,0.2722084698421723
Badminton,,Real Data,rounds,8,False,0.10193850267379678,0.4739304812834224,0.07352941176470584,0.4725935828877005,0.3709893048128342,0.12332887700534756,0.35479380671333205,0.5909965785279925,0.029804458825169244,0.6535524747797639,0.45019536004236493,0.3480840869943391
Badminton,,Real Data,rounds,9,False,0.1467245989304813,0.5013368983957219,0.2192513368983957,0.5334224598930482,0.4147727272727273,0.1206550802139037,0.36643877914798784,0.6272293257782766,0.28580640195814333,0.6947352380946343,0.532030139883539,0.33202591781819113
Badminton,,Real Data,rounds,10,False,0.152072192513369,0.4906417112299465,0.24732620320855614,0.5177139037433155,0.5765374331550802,0.23061497326203206,0.36462423626821894,0.6541357472923082,0.2791454073255706,0.6790304628815026,0.6377457936957796,0.392977706738485
Badminton,,Real Data,rounds,11,False,0.22493315508021394,0.5842245989304813,-0.06584224598930488,0.6082887700534759,0.588903743315508,0.10093582887700536,0.4067098930413666,0.6705589719278762,-0.1680454301603156,0.7469170911662709,0.4941860661505293,0.3049451809776771
Badminton,,Real Data,rounds,12,False,0.16778074866310155,0.6363636363636364,0.0845588235294118,0.6647727272727273,0.5471256684491979,0.2687165775401069,0.3467589436914571,0.7502042008734577,-0.038445760307521226,0.7825993290208213,0.6426719111109891,0.4169760553715389
Badminton,,Real Data,rounds,13,False,0.23596256684491979,0.561831550802139,-0.039438502673796894,0.7219251336898396,0.4812834224598931,0.16878342245989308,0.4051019504895119,0.4512282842840468,0.12335339916563615,0.8251036760589057,0.6080120531391846,0.3814240502981949
Badminton,,Real Data,rounds,14,False,0.30147058823529416,0.7526737967914439,0.10929144385026734,0.7717245989304813,0.43181818181818177,0.08121657754010692,0.4645454029375472,0.8322030280415287,0.2178986040768781,0.8532920377940658,0.521991898985567,0.3248638597092416
Badminton,,Real Data,rounds,15,False,0.3977272727272727,0.7332887700534759,0.11931818181818177,0.8138368983957219,0.37667112299465244,-0.005681818181818121,0.5856307044490694,0.811000592517112,-0.030939978478827568,0.88301719879395,0.4403656210667788,0.2450208478599344
Badminton,,Real Data,rounds,16,False,0.4776069518716578,0.3165106951871658,0.007352941176470562,0.8352272727272727,0.22159090909090906,-0.03609625668449201,0.6416048110245599,0.40706258205690937,0.04962817977686773,0.8954677773764415,0.38822955348477506,0.241040299216861
Badminton,,Real Data,rounds,17,False,0.59725935828877,0.5207219251336899,-0.010026737967914423,0.8465909090909091,0.4635695187165776,0.15741978609625673,0.7329401609425137,0.6582402860392218,0.1208620728198041,0.9035962285016914,0.5618874551998676,0.37465615113686834
Badminton,,Real Data,rounds,18,False,0.6467245989304813,0.5514705882352942,-0.03275401069518713,0.8696524064171123,0.3221925133689839,0.15875668449197866,0.7708805627364198,0.6574391449901559,0.05594312081447206,0.9170676082381525,0.47125917499589054,0.3547874514187932
Badminton,,Real Data,rounds,19,False,0.6995320855614973,0.5872326203208555,0.22025401069518713,0.8836898395721925,0.6981951871657754,-0.010026737967914423,0.8026023807478484,0.6956441120224944,0.23196126593522237,0.9259540013187071,0.7740226337698233,0.2617963891042354
Badminton,,Real Data,rounds,20,False,0.7005347593582888,0.5741978609625669,0.21256684491978606,0.8883689839572193,0.47927807486631013,0.28810160427807485,0.7996241717241988,0.7095030816884162,0.1570078753082892,0.9288879875238845,0.5848212950917925,0.45206989226028793
Badminton,,Real Data,rounds,21,False,0.7466577540106951,0.7329545454545454,0.03342245989304815,0.9034090909090909,0.37733957219251335,0.16243315508021394,0.8322638173936694,0.8017564103292814,0.1597522007575375,0.9389922925710595,0.5385632602928182,0.3679695229505775
Badminton,,Real Data,rounds,22,False,0.7630347593582888,0.6654411764705883,0.152072192513369,0.9010695187165776,0.5,0.09893048128342241,0.8458473322551799,0.7673396760817481,0.20101741614156432,0.9357741806085689,0.45395199791515417,0.33531083742455114
Badminton,,Real Data,rounds,23,False,0.7727272727272727,0.5454545454545454,-0.13703208556149726,0.9187834224598931,0.18549465240641716,0.22860962566844922,0.8525858301895882,0.6649951154040591,-0.24969882061073934,0.946623037028167,0.3114003922505423,0.38918154209284817
Badminton,,Real Data,rounds,24,False,0.759024064171123,0.5835561497326203,0.08622994652406413,0.9034090909090909,0.6363636363636364,0.09124331550802134,0.8420980635669406,0.7080460518245049,0.1629136995910483,0.9379241930252816,0.7437435951467812,0.32814487033879136
Badminton,,Real Data,rounds,25,False,0.7613636363636364,0.7667112299465241,0.03609625668449201,0.8973930481283423,0.37633689839572193,0.17613636363636365,0.8427719234204395,0.8370004054769502,0.17383523274519153,0.9364804628778823,0.2807183259213194,0.3875016041572915
Badminton,,Real Data,rounds,26,False,0.7667112299465241,0.6433823529411764,-0.05414438502673802,0.9247994652406417,0.52774064171123,0.16610962566844922,0.8440068614575842,0.7432428675229441,0.09111255354801706,0.9528891867288221,0.6161324809447561,0.3510889772513227
Badminton,,Real Data,rounds,27,False,0.7556818181818181,0.5494652406417112,0.14371657754010692,0.9154411764705882,0.11965240641711228,0.17212566844919786,0.8365041750082688,0.688450181436702,0.21269668460292623,0.9465221837750653,0.30442040203964693,0.3571530765819033
Badminton,,Real Data,rounds,28,False,0.7663770053475936,0.6387032085561497,0.09625668449197866,0.9154411764705882,0.5491310160427807,0.17546791443850263,0.8465656138027808,0.7434309941831257,0.21231218385789785,0.9453182810039711,0.6657210338341688,0.3571306333511123
Badminton,,Real Data,rounds,29,False,0.767379679144385,0.5471256684491979,0.16744652406417115,0.921457219251337,0.2887700534759359,0.17981283422459893,0.8464207365657743,0.6992261766370693,0.21572367071011533,0.9463292216904053,0.3779253128621234,0.3903474298451759
Badminton,,Real Data,rounds,30,False,0.7543449197860963,0.294451871657754,0.16610962566844922,0.9211229946524064,0.5658422459893049,0.023061497326203217,0.838026213399802,0.49153767296973383,0.06276745821063845,0.9459958940547631,0.5644696839335961,0.2836975023266486
Badminton,,Real Data,rounds,31,False,0.7630347593582888,0.5544786096256684,-0.04946524064171132,0.9264705882352942,0.6323529411764706,0.08121657754010692,0.8405723609698114,0.6856326094551148,0.13322118399092575,0.9507241949726017,0.6594072850931019,0.3036879289398101
Badminton,,Real Data,rounds,32,False,0.7433155080213903,0.6961898395721925,0.08121657754010692,0.9251336898395722,0.4832887700534759,0.09324866310160429,0.8295997478849,0.7817049524296596,0.19334344363900946,0.9501415472823856,0.6411532409709073,0.3083817729132634
Badminton,Uniform,Simulation Data,rounds,1,False,0.03342245989304815,0.21490641711229952,0.22192513368983957,-0.017045454545454586,0.2403074866310161,0.13101604278074863,0.09431985136756404,0.3812215354954497,0.3881421216727855,0.19707743024012758,0.2355717543106004,0.3105690693042208
Badminton,Uniform,Simulation Data,rounds,2,False,-0.1109625668449199,-0.0718582887700534,-0.02606951871657759,0.04278074866310155,-0.07319518716577544,0.07921122994652408,0.09497516696982822,0.14021267185570319,0.07344913035912759,0.23797707832385462,-0.038448011113223046,0.32360580889735324
Badminton,Uniform,Simulation Data,rounds,3,False,-0.07787433155080214,0.28843582887700536,0.04177807486631013,0.11998663101604279,0.0401069518716578,0.08790106951871657,0.03282597354690742,0.27711545136787785,0.1034157113127675,0.3279868162727413,0.1472380708790969,0.2995766731324514
Badminton,Uniform,Simulation Data,rounds,4,False,-0.016711229946523964,0.4872994652406417,0.05213903743315507,0.1383689839572193,0.09291443850267378,0.16443850267379678,0.1199059803053314,0.6190992475769033,-0.02700041618822757,0.38245983005600126,-0.035551063898307866,0.35348533723774656
Badminton,Uniform,Simulation Data,rounds,5,False,0.08790106951871657,0.4605614973262032,0.0935828877005348,0.3392379679144385,0.44451871657754005,0.16878342245989308,0.2510369076032196,0.5550446779693889,0.1800921867497064,0.5374351435317487,0.49914533974877584,0.3532110984594313
Badminton,Uniform,Simulation Data,rounds,6,False,0.08723262032085566,0.43983957219251335,-0.09090909090909083,0.40407754010695185,0.3970588235294118,0.10995989304812837,0.3120559033575059,0.5893163779345651,0.051654438348550547,0.6028078144845384,0.5151414116781148,0.3368575538602696
Badminton,Uniform,Simulation Data,rounds,7,False,0.07887700534759357,0.4475267379679144,0.03643048128342241,0.42647058823529416,0.38068181818181823,0.2095588235294118,0.3419426451260129,0.604964377439691,-0.06613883443200441,0.6143725260293172,0.5117971231945687,0.40507634279646476
Badminton,Uniform,Simulation Data,rounds,8,False,0.11931818181818177,0.5792112299465241,0.012032085561497374,0.4725935828877005,0.4649064171122995,0.14438502673796794,0.37762450950001625,0.6541772162264348,0.034315272914324346,0.6535524747797639,0.47880056433188245,0.35756963741959225
Badminton,Uniform,Simulation Data,rounds,9,False,0.14171122994652408,0.4692513368983957,0.29712566844919786,0.5334224598930482,0.5374331550802138,0.005681818181818232,0.36269866296344777,0.5169027364256252,0.32095344736588416,0.6947352380946343,0.6511825775149429,0.2720039233327677
Badminton,Uniform,Simulation Data,rounds,10,False,0.14371657754010692,0.2997994652406417,0.134024064171123,0.5177139037433155,0.47961229946524064,0.10193850267379678,0.35919388445209666,0.4561581419062739,0.2571234378920523,0.6790304628815026,0.5813969999816483,0.336362100859826
Badminton,Uniform,Simulation Data,rounds,11,False,0.22493315508021394,0.5581550802139037,0.21056149732620322,0.6082887700534759,0.5013368983957219,-0.002673796791443861,0.4067098930413666,0.7061967673987501,0.2919022431051195,0.7469170911662709,0.5857709190030311,0.2714918540618573
Badminton,Uniform,Simulation Data,rounds,12,False,0.16310160427807485,0.7202540106951871,0.09592245989304815,0.6647727272727273,0.38101604278074863,0.11096256684491979,0.3444738530699124,0.8123078085581226,0.10458622683660646,0.7825993290208213,0.4959459604109602,0.34427008195959097
Badminton,Uniform,Simulation Data,rounds,13,False,0.23596256684491979,0.7129010695187166,-0.04946524064171132,0.7219251336898396,0.09191176470588236,0.222927807486631,0.4051019504895119,0.7905850291868721,-0.16139188091366963,0.8251036760589057,0.2652809618361516,0.41762054345853294
Badminton,Uniform,Simulation Data,rounds,14,False,0.29712566844919786,0.5939171122994653,0.12399732620320858,0.7717245989304813,0.5935828877005347,0.13135026737967914,0.4614480774977129,0.6981017181793012,0.25439810427589515,0.8532920377940658,0.7019391193692217,0.35766263738740267
Badminton,Uniform,Simulation Data,rounds,15,False,0.40741978609625673,0.5421122994652406,0.047125668449197855,0.8138368983957219,0.27807486631016043,0.22994652406417115,0.5910420397739587,0.6833831146112784,0.14004200851004178,0.88301719879395,0.3270353628037761,0.4211054171502582
Badminton,Uniform,Simulation Data,rounds,16,False,0.4776069518716578,0.45688502673796794,0.14004010695187163,0.8352272727272727,0.40741978609625673,0.2142379679144385,0.6416048110245599,0.6017705930434865,0.24924245825200408,0.8954677773764415,0.5629415701126222,0.38117884593971063
Badminton,Uniform,Simulation Data,rounds,17,False,0.5912433155080214,0.2276069518716578,0.14171122994652408,0.8465909090909091,0.615307486631016,0.1112967914438503,0.7291713227422132,0.3815479876856168,0.24731212120012147,0.9035962285016914,0.7211733208661606,0.34059841708960803
Badminton,Uniform,Simulation Data,rounds,18,False,0.6473930481283423,0.661096256684492,0.2135695187165776,0.8696524064171123,0.40441176470588236,0.08656417112299464,0.7715022503072605,0.757251242814822,0.2655086864658396,0.9170676082381525,0.5332066736773242,0.3241439043445121
Badminton,Uniform,Simulation Data,rounds,19,False,0.6978609625668449,0.670120320855615,0.22894385026737973,0.8836898395721925,0.47961229946524064,0.11731283422459893,0.8016142657079912,0.7720831387990376,0.3742677319651211,0.9259540013187071,0.6137490572578428,0.3485663478964922
Badminton,Uniform,Simulation Data,rounds,20,False,0.6998663101604279,0.5835561497326203,-0.06584224598930488,0.8883689839572193,0.40741978609625673,0.20788770053475936,0.7992642164240257,0.6742444932784862,0.04580659123929032,0.9288879875238845,0.46110977131566566,0.3904346526220527
Badminton,Uniform,Simulation Data,rounds,21,False,0.7466577540106951,0.6109625668449198,0.15374331550802134,0.9034090909090909,0.3472593582887701,0.11263368983957223,0.8322638173936694,0.7267023650838742,0.2345677244081208,0.9389922925710595,0.539250502209963,0.3393559620058946
Badminton,Uniform,Simulation Data,rounds,22,False,0.7630347593582888,0.46290106951871657,0.051804812834224556,0.9010695187165776,0.22526737967914434,0.08957219251336901,0.8458473322551799,0.6009697269714582,0.10701837481842391,0.9357741806085689,0.3778998465383999,0.32276413663184167
Badminton,Uniform,Simulation Data,rounds,23,False,0.7727272727272727,0.5909090909090908,0.277072192513369,0.9187834224598931,0.5608288770053476,0.043449197860962574,0.8525858301895882,0.694939592474839,0.32294112122655416,0.946623037028167,0.6918019412776042,0.28813400290060287
Badminton,Uniform,Simulation Data,rounds,24,False,0.759024064171123,0.31049465240641716,0.10862299465240643,0.9034090909090909,0.44886363636363635,0.1510695187165776,0.8420980635669406,0.4320732610442355,0.0631624567939123,0.9379241930252816,0.5889418954774244,0.3641612235045876
Badminton,Uniform,Simulation Data,rounds,25,False,0.7613636363636364,0.6500668449197862,0.1116310160427807,0.8973930481283423,0.6370320855614973,0.17479946524064172,0.8427719234204395,0.7541866174032323,0.021060718488680186,0.9364804628778823,0.746787231189384,0.381826663437968
Badminton,Uniform,Simulation Data,rounds,26,False,0.7667112299465241,0.5310828877005347,0.19953208556149737,0.9247994652406417,0.490975935828877,0.1387032085561497,0.8440068614575842,0.6536887659299564,-0.04498148760882703,0.9528891867288221,0.536948835481503,0.32951250853835357
Badminton,Uniform,Simulation Data,rounds,27,False,0.7516711229946524,0.7419786096256684,0.13068181818181823,0.9154411764705882,0.3114973262032086,0.21557486631016043,0.8337771073870962,0.8140636723700257,0.2345505200508553,0.9465221837750653,0.48795823752479706,0.38740846671702167
Badminton,Uniform,Simulation Data,rounds,28,False,0.7663770053475936,0.6968582887700534,0.21590909090909094,0.9154411764705882,0.31851604278074863,0.23529411764705888,0.8465656138027808,0.7919748096135557,0.1308563184604732,0.9453182810039711,0.507431998507929,0.3940768138215487
Badminton,Uniform,Simulation Data,rounds,29,False,0.767379679144385,0.5397727272727273,-0.016711229946523964,0.921457219251337,0.2008689839572193,0.06216577540106949,0.8464207365657743,0.6495499480652034,0.18415167064074678,0.9463292216904053,0.2937877573090866,0.29006662356024304
Badminton,Uniform,Simulation Data,rounds,30,False,0.7553475935828877,0.5327540106951871,0.046457219251336945,0.9211229946524064,0.4191176470588235,0.1741310160427807,0.8385782374254627,0.6810434214906795,-0.12254568444903935,0.9459958940547631,0.5644096437928068,0.35813478649842967
Badminton,Uniform,Simulation Data,rounds,31,False,0.7630347593582888,0.6470588235294117,-0.07553475935828868,0.9264705882352942,0.5036764705882353,0.11631016042780751,0.8405723609698114,0.7455102133961516,0.0797040845371273,0.9507241949726017,0.5655023379872838,0.34267507165325184
Badminton,Uniform,Simulation Data,rounds,32,False,0.7433155080213903,0.33790106951871657,0.0762032085561497,0.9251336898395722,0.13034759358288772,0.07854278074866305,0.8295997478849,0.4864400267961654,-0.14583193238156045,0.9501415472823856,0.36456688310324314,0.2989466982584047
Badminton,Normal,Simulation Data,rounds,1,False,-0.09157754010695185,0.20588235294117652,0.16778074866310155,-0.04278074866310155,-0.050133689839572115,0.11831550802139035,0.09259056793619225,0.30972876275402816,0.2141271145889283,0.18084045795070036,0.12333560291775492,0.31870266174038364
Badminton,Normal,Simulation Data,rounds,2,False,-0.044451871657753994,0.31851604278074863,0.0671791443850267,0.02774064171122992,0.10528074866310155,0.19418449197860965,0.09163047864619889,0.47164788195300245,0.24830805805015177,0.22605250887749528,0.2189445396344023,0.3937122223638201
Badminton,Normal,Simulation Data,rounds,3,False,-0.048796791443850296,0.2941176470588235,0.08522727272727271,0.12767379679144386,-0.045120320855615015,0.13335561497326198,0.05805474493093077,0.43022419951528534,0.22760406028646407,0.33302944915932586,-0.165798372912201,0.36154332166495906
Badminton,Normal,Simulation Data,rounds,4,False,-0.05046791443850274,0.1697860962566845,0.11229946524064172,0.15040106951871657,0.19485294117647056,0.10427807486631013,0.09987345055086139,0.3409501945212453,0.12743449801691098,0.3885568668229469,0.35558239494109833,0.3336486807677498
Badminton,Normal,Simulation Data,rounds,5,False,0.06617647058823528,0.2894385026737968,0.09057486631016043,0.3338903743315508,0.37165775401069523,0.12366310160427807,0.22329405141014935,0.44402426550758556,0.17066139497343547,0.5347200014268102,0.46283771362491766,0.3252875882155468
Badminton,Normal,Simulation Data,rounds,6,False,0.08121657754010692,0.5645053475935828,-0.02673796791443861,0.3987299465240641,0.4776069518716578,0.10962566844919786,0.3024588759080581,0.6848733311845534,0.13919773203674968,0.6000926723795998,0.6110657543119444,0.3436622731196807
Badminton,Normal,Simulation Data,rounds,7,False,0.09157754010695185,0.4498663101604278,0.09525401069518713,0.42647058823529416,0.46724598930481287,0.10962566844919786,0.34979773206316533,0.5620228695610638,0.10766482357603924,0.6143725260293172,0.5899597442925242,0.34179568086092393
Badminton,Normal,Simulation Data,rounds,8,False,0.12199197860962563,0.6651069518716577,0.03609625668449201,0.4725935828877005,0.482620320855615,0.18582887700534756,0.3658103620969291,0.7430598655097278,0.1848484160510777,0.6535524747797639,0.5402702972425705,0.3912568776879175
Badminton,Normal,Simulation Data,rounds,9,False,0.15040106951871657,0.7082219251336899,0.02807486631016043,0.5334224598930482,0.4100935828877005,0.08255347593582885,0.3686669683224355,0.7837452025910003,0.09984862359387248,0.6947352380946343,0.4445337178184616,0.30022036872178404
Badminton,Normal,Simulation Data,rounds,10,False,0.152072192513369,0.32319518716577544,0.16878342245989308,0.5177139037433155,0.36798128342245995,0.17914438502673802,0.36452994030025254,0.46878754420612423,0.19241122115060738,0.6790304628815026,0.4051985574660312,0.3897752627730393
Badminton,Normal,Simulation Data,rounds,11,False,0.23061497326203206,0.7302807486631016,0.02907754010695185,0.6082887700534759,0.31584224598930477,0.15006684491978606,0.4099554362953661,0.8012371820622848,0.11683210392401544,0.7469170911662709,0.5168761477120773,0.34444327405197206
Badminton,Normal,Simulation Data,rounds,12,False,0.17479946524064172,0.49799465240641716,0.26504010695187163,0.6647727272727273,0.18382352941176472,0.050467914438502626,0.35196125578561444,0.6159156376746291,0.39489422582025546,0.7825993290208213,0.305820028722386,0.2694081417447547
Badminton,Normal,Simulation Data,rounds,13,False,0.23596256684491979,0.6112967914438503,0.23161764705882348,0.7219251336898396,0.571524064171123,0.1343582887700535,0.4051019504895119,0.7316846762476894,0.3429461116740886,0.8251036760589057,0.6635004375285454,0.33289584703415853
Badminton,Normal,Simulation Data,rounds,14,False,0.30113636363636365,0.5648395721925134,0.2008689839572193,0.7717245989304813,0.46189839572192515,0.19786096256684493,0.46459859242044743,0.7101375155697294,0.25218544681669675,0.8532920377940658,0.6148466470361827,0.37228198795493705
Badminton,Normal,Simulation Data,rounds,15,False,0.4007352941176471,0.5955882352941176,0.047459893048128365,0.8138368983957219,0.5762032085561497,0.1567513368983957,0.5872159272314008,0.6928697217615116,0.12855854601939032,0.88301719879395,0.648535142553246,0.369610893237464
Badminton,Normal,Simulation Data,rounds,16,False,0.4776069518716578,0.6370320855614973,0.15541443850267378,0.8352272727272727,0.31483957219251335,0.21122994652406413,0.6416048110245599,0.7391606477946026,0.03059071684145087,0.8954677773764415,0.40620124559633863,0.38020216401287465
Badminton,Normal,Simulation Data,rounds,17,False,0.5965909090909092,0.5080213903743316,0.06350267379679142,0.8465909090909091,0.5762032085561497,0.12132352941176472,0.7324190318117625,0.6331186081887866,0.24308248115655973,0.9035962285016914,0.7128220429721772,0.3459890688296199
Badminton,Normal,Simulation Data,rounds,18,False,0.6473930481283423,0.6052807486631016,0.18950534759358284,0.8696524064171123,0.44050802139037437,0.047794117647058876,0.7715022503072605,0.6985333304489423,0.05845024106677421,0.9170676082381525,0.5114038696852942,0.2974952640242857
Badminton,Normal,Simulation Data,rounds,19,False,0.6978609625668449,0.6189839572192513,-0.09425133689839571,0.8836898395721925,0.43148395721925137,0.15909090909090906,0.8016142657079912,0.7220740992056616,-0.10440358565809715,0.9259540013187071,0.6081676455026146,0.3685146948826611
Badminton,Normal,Simulation Data,rounds,20,False,0.7005347593582888,0.6517379679144385,0.09057486631016043,0.8883689839572193,0.5073529411764706,0.1300133689839572,0.7996241717241988,0.7363385781035844,0.25109473571657914,0.9288879875238845,0.6651257844850624,0.34910000843602307
Badminton,Normal,Simulation Data,rounds,21,False,0.7466577540106951,0.5741978609625669,-0.05514705882352944,0.9034090909090909,0.3790106951871658,0.11931818181818177,0.8322638173936694,0.6960454684614895,0.1074001031729298,0.9389922925710595,0.5027577700546851,0.3400749702596094
Badminton,Normal,Simulation Data,rounds,22,False,0.7630347593582888,0.49298128342245995,0.1781417112299465,0.9010695187165776,0.35929144385026734,0.18081550802139035,0.8458473322551799,0.6218461804637807,0.3154815534070491,0.9357741806085689,0.46753274350768104,0.386659559609538
Badminton,Normal,Simulation Data,rounds,23,False,0.7727272727272727,0.5588235294117647,-0.015374331550802145,0.9187834224598931,0.21323529411764708,0.16911764705882348,0.8525858301895882,0.7104900636758797,-0.045402811586398695,0.946623037028167,0.3544092583363704,0.3591720986374861
Badminton,Normal,Simulation Data,rounds,24,False,0.759024064171123,0.6039438502673797,0.08188502673796794,0.9034090909090909,0.36931818181818177,0.07687165775401072,0.8420980635669406,0.7138357811382681,0.22022059155744578,0.9379241930252816,0.5299716241336367,0.3210266223480892
Badminton,Normal,Simulation Data,rounds,25,False,0.7613636363636364,0.6303475935828877,0.043449197860962574,0.8973930481283423,0.5073529411764706,0.14872994652406413,0.8427719234204395,0.7429188155126105,-0.09391005430221266,0.9364804628778823,0.6279127209610298,0.36767756070506663
Badminton,Normal,Simulation Data,rounds,26,False,0.7667112299465241,0.6029411764705883,-0.03542780748663099,0.9247994652406417,0.3131684491978609,0.19017379679144386,0.8440068614575842,0.7178667234820261,-0.11908968870767267,0.9528891867288221,0.46951253754518996,0.36631732381460713
Badminton,Normal,Simulation Data,rounds,27,False,0.7556818181818181,0.6848262032085561,-0.07887700534759357,0.9154411764705882,0.5748663101604279,0.14104278074866305,0.8365041750082688,0.7825296218094873,0.06983776748460824,0.9465221837750653,0.6777961363180818,0.332974952350097
Badminton,Normal,Simulation Data,rounds,28,False,0.7663770053475936,0.6493983957219251,0.07085561497326198,0.9154411764705882,0.14572192513368987,0.11397058823529416,0.8465656138027808,0.7533519112596249,0.17408807167022788,0.9453182810039711,0.2346215393667157,0.33792891265934566
Badminton,Normal,Simulation Data,rounds,29,False,0.767379679144385,0.48028074866310155,0.18382352941176472,0.921457219251337,0.4996657754010695,0.06417112299465244,0.8464207365657743,0.5820902639639436,0.27549914227959216,0.9463292216904053,0.6133912949878022,0.3161541557008757
Badminton,Normal,Simulation Data,rounds,30,False,0.7553475935828877,0.5548128342245989,-0.016711229946523964,0.9211229946524064,0.2810828877005348,0.20889037433155078,0.8385782374254627,0.6998125864940967,0.11244651850948773,0.9459958940547631,0.48392234790563915,0.40186677758049993
Badminton,Normal,Simulation Data,rounds,31,False,0.7630347593582888,0.46657754010695185,0.0892379679144385,0.9264705882352942,0.3963903743315508,0.11530748663101609,0.8405723609698114,0.5133986125050995,-0.024629750596363076,0.9507241949726017,0.5002560371702449,0.347145851482095
Badminton,Normal,Simulation Data,rounds,32,False,0.7433155080213903,0.6493983957219251,0.17947860962566842,0.9251336898395722,0.4732620320855615,0.10360962566844922,0.8295997478849,0.7560121070856612,0.03109010205495999,0.9501415472823856,0.6267900700389981,0.3154954004973317
Badminton,Zipf,Simulation Data,rounds,1,False,-0.03542780748663099,0.49298128342245995,-0.18449197860962574,-0.047459893048128254,0.02974598930481287,0.196524064171123,-0.10764471507624296,0.5585858310563574,0.02545027535594946,0.19894680434813916,0.2055585649681152,0.35835316016037
Badminton,Zipf,Simulation Data,rounds,2,False,-0.010026737967914423,0.36864973262032086,0.17179144385026734,0.044451871657753994,-0.07921122994652396,0.05381016042780751,0.21152183817982817,0.48268660825688237,0.17251702344193454,0.23061958363880442,-0.01785884765877377,0.28707382971896156
Badminton,Zipf,Simulation Data,rounds,3,False,-0.07419786096256686,0.18850267379679142,0.08622994652406413,0.10795454545454541,0.11764705882352944,0.10628342245989308,0.04470711960722329,0.05911904924447364,0.21981928188899436,0.32230599473676513,0.10257853368542691,0.3403189697184835
Badminton,Zipf,Simulation Data,rounds,4,False,-0.02941176470588225,0.5070187165775402,0.11096256684491979,0.13302139037433158,0.47894385026737973,0.13703208556149737,0.12781532664716477,0.6519938977670119,0.1982046289071584,0.37987593778824924,0.5663915458643007,0.33682310104004864
Badminton,Zipf,Simulation Data,rounds,5,False,0.0755347593582888,0.6046122994652406,0.047794117647058876,0.3338903743315508,0.3526069518716578,0.11731283422459893,0.23207230755200547,0.6710501526768665,-0.004671984032656562,0.5347200014268102,0.5045813038625133,0.31356417724628105
Badminton,Zipf,Simulation Data,rounds,6,False,0.06517379679144386,0.4923128342245989,0.1567513368983957,0.3987299465240641,0.3536096256684492,0.27439839572192515,0.29317959368658364,0.6624345055735634,0.24203987804264926,0.6000926723795998,0.45761857256244043,0.45147750309350554
Badminton,Zipf,Simulation Data,rounds,7,False,0.10026737967914434,0.4906417112299465,0.022393048128342197,0.42112299465240643,0.5487967914438503,0.08756684491978606,0.3549166662842126,0.5765742929878719,-0.08979490985272642,0.6116573839243787,0.6440793984206903,0.3264052891923217
Badminton,Zipf,Simulation Data,rounds,8,False,0.1206550802139037,0.47459893048128343,0.045120320855615015,0.4725935828877005,0.2580213903743316,0.26637700534759357,0.37835739794599543,0.5652069430801581,-0.056382423882273214,0.6535524747797639,0.3497626283536486,0.44375774560679326
Badminton,Zipf,Simulation Data,rounds,9,False,0.16377005347593587,0.6403743315508021,0.071524064171123,0.5334224598930482,0.07520053475935828,0.09792780748663099,0.37914282303802926,0.7322864652967227,0.15022913112024383,0.6947352380946343,0.1695549169831162,0.3072102318169504
Badminton,Zipf,Simulation Data,rounds,10,False,0.15942513368983957,0.6741310160427807,0.151403743315508,0.5177139037433155,0.16644385026737973,-0.03676470588235303,0.36956627951672294,0.7705129506294093,0.18813918166570576,0.6790304628815026,0.23218576831828097,0.2198121203556318
Badminton,Zipf,Simulation Data,rounds,11,False,0.22025401069518713,0.39538770053475936,0.05949197860962563,0.6082887700534759,0.5,0.09458556149732622,0.4002424017080808,0.45290739136751546,0.20917157521014562,0.7469170911662709,0.6137739715152803,0.33180721184108286
Badminton,Zipf,Simulation Data,rounds,12,False,0.17012032085561501,0.6229946524064172,0.13602941176470584,0.6647727272727273,0.3629679144385026,0.10929144385026734,0.3476094427897297,0.7225770547225463,0.06043692635174858,0.7825993290208213,0.5003770972864591,0.3383572750904037
Badminton,Zipf,Simulation Data,rounds,13,False,0.22426470588235292,0.543783422459893,-0.1600935828877006,0.7219251336898396,0.3786764705882353,0.14371657754010692,0.3988022240073821,0.6893465381112391,-0.06217311320543861,0.8251036760589057,0.5441186668945184,0.35615667882822055
Badminton,Zipf,Simulation Data,rounds,14,False,0.29712566844919786,0.5879010695187166,0.0050133689839572115,0.7717245989304813,0.4772727272727273,0.14906417112299464,0.4614480774977129,0.7116873728086917,0.05560872873053413,0.8532920377940658,0.38233371883206635,0.3626949455183196
Badminton,Zipf,Simulation Data,rounds,15,False,0.40441176470588236,0.46724598930481287,0.27038770053475936,0.8138368983957219,0.3024732620320856,0.14037433155080214,0.5894568169916274,0.6129753802001445,0.371869980649399,0.88301719879395,0.42324700049415076,0.33546431147250266
Badminton,Zipf,Simulation Data,rounds,16,False,0.4776069518716578,0.6714572192513368,0.3028074866310161,0.8352272727272727,0.47025401069518713,0.17179144385026734,0.6416048110245599,0.7646264663682224,0.38604921254183655,0.8954677773764415,0.5564616298852427,0.3621500718344347
Badminton,Zipf,Simulation Data,rounds,17,False,0.5919117647058824,0.5925802139037433,0.047794117647058876,0.8465909090909091,0.4919786096256684,0.17981283422459893,0.7296924518729645,0.7093047212739914,-0.06388992171649543,0.9035962285016914,0.5541685453703322,0.3629470893157697
Badminton,Zipf,Simulation Data,rounds,18,False,0.6467245989304813,0.46256684491978606,-0.004344919786096302,0.8696524064171123,0.40909090909090906,0.1380347593582888,0.7708805627364198,0.5558255220388468,-0.027953025168098167,0.9170676082381525,0.559272692937641,0.3573932869621569
Badminton,Zipf,Simulation Data,rounds,19,False,0.6995320855614973,0.5648395721925134,0.0016711229946524409,0.8836898395721925,0.38536096256684493,0.12266042780748665,0.8026023807478484,0.6755337372107817,-0.1078794278933366,0.9259540013187071,0.3915740357316012,0.3452608016450638
Badminton,Zipf,Simulation Data,rounds,20,False,0.6998663101604279,0.4054144385026738,0.2008689839572193,0.8883689839572193,0.31116310160427807,0.03308823529411764,0.7992642164240257,0.5555833368912749,0.2823514996198001,0.9288879875238845,0.4417361221390519,0.26758521052418516
Badminton,Zipf,Simulation Data,rounds,21,False,0.7466577540106951,0.6570855614973262,-0.010695187165775444,0.9034090909090909,0.26971925133689845,0.152072192513369,0.8322638173936694,0.7578500376844303,0.059868995499320565,0.9389922925710595,0.42149416953059204,0.36503174421381834
Badminton,Zipf,Simulation Data,rounds,22,False,0.7630347593582888,0.6363636363636364,0.02874331550802134,0.9010695187165776,0.5010026737967914,0.06016042780748665,0.8458473322551799,0.7347915222113874,-0.052315481076674164,0.9357741806085689,0.6088357371104995,0.3068148340213962
Badminton,Zipf,Simulation Data,rounds,23,False,0.7727272727272727,0.5768716577540107,0.2369652406417112,0.9187834224598931,0.35160427807486627,0.09458556149732622,0.8525858301895882,0.7129852606422026,0.36821016478963065,0.946623037028167,0.5321746669456369,0.3311074513022835
Badminton,Zipf,Simulation Data,rounds,24,False,0.759024064171123,0.5381016042780749,0.0578208556149733,0.9034090909090909,0.4692513368983957,0.08589572192513373,0.8420980635669406,0.6856695789277,0.19766196993857332,0.9379241930252816,0.6247711576354482,0.3220389170897864
Badminton,Zipf,Simulation Data,rounds,25,False,0.7613636363636364,0.5250668449197862,0.10427807486631013,0.8973930481283423,0.4381684491978609,0.07386363636363635,0.8427719234204395,0.6410415212396615,0.260565184038955,0.9364804628778823,0.4813203193466504,0.29663664501816045
Badminton,Zipf,Simulation Data,rounds,26,False,0.7667112299465241,0.6978609625668449,0.05247326203208558,0.9247994652406417,0.634024064171123,0.009024064171123003,0.8440068614575842,0.7884947062014576,-0.14472289421122797,0.9528891867288221,0.7305249577897335,0.2743507812877791
Badminton,Zipf,Simulation Data,rounds,27,False,0.7556818181818181,0.5935828877005347,0.17212566844919786,0.9154411764705882,0.42647058823529416,0.26036096256684493,0.8365041750082688,0.732008968691979,0.23219863363524607,0.9465221837750653,0.564134775183311,0.43640258268355137
Badminton,Zipf,Simulation Data,rounds,28,False,0.7663770053475936,0.4642379679144385,0.2449866310160428,0.9154411764705882,0.5043449197860963,0.17179144385026734,0.8465656138027808,0.5413610251701964,0.3119180594332488,0.9453182810039711,0.5388574580584289,0.3747432463172681
Badminton,Zipf,Simulation Data,rounds,29,False,0.767379679144385,0.579879679144385,-0.05848930481283432,0.921457219251337,0.4742647058823529,0.13034759358288772,0.8464207365657743,0.7358905374110075,0.05778896037132519,0.9463292216904053,0.5909947350745266,0.3600117604477353
Badminton,Zipf,Simulation Data,rounds,30,False,0.7553475935828877,0.5317513368983957,0.14639037433155078,0.9211229946524064,0.47459893048128343,0.11931818181818177,0.8385782374254627,0.682318267337269,0.048064053095386305,0.9459958940547631,0.5704507944258268,0.3427510895141278
Badminton,Zipf,Simulation Data,rounds,31,False,0.7630347593582888,0.518048128342246,0.03475935828877008,0.9264705882352942,0.329879679144385,0.0982620320855615,0.8405723609698114,0.6505901955771773,-0.04831414156570646,0.9507241949726017,0.3086843512692594,0.3054556592791111
Badminton,Zipf,Simulation Data,rounds,32,False,0.7433155080213903,0.5772058823529411,0.27540106951871657,0.9251336898395722,0.40441176470588236,0.151403743315508,0.8295997478849,0.7081182400097221,0.29814621886093473,0.9501415472823856,0.6042180187441272,0.36372756193900113
Badminton,MultiGaussian,Simulation Data,rounds,1,False,0.09425133689839571,0.23763368983957223,0.11764705882352944,0.022393048128342197,0.29712566844919786,0.14605614973262027,0.09558863736194245,0.16271656217594632,0.029109815750250956,0.25472677369312513,0.3822719900267877,0.34554728217930564
Badminton,MultiGaussian,Simulation Data,rounds,2,False,-0.045788770053476036,0.36430481283422456,0.03308823529411764,-0.00033422459893039935,0.47493315508021394,0.13636363636363635,0.13162317935244883,0.3639040270331627,0.21523420279496985,0.20685362184345213,0.44733249932023844,0.3632553885099562
Badminton,MultiGaussian,Simulation Data,rounds,3,False,-0.09157754010695185,0.4495320855614974,0.31483957219251335,0.09859625668449201,0.36330213903743314,0.09491978609625673,0.01581382699810918,0.5384662802440356,0.3984679851565336,0.31729272560473776,0.5555191226962524,0.3307861852238315
Badminton,MultiGaussian,Simulation Data,rounds,4,False,-0.03208556149732611,0.41744652406417115,0.23128342245989308,0.13168449197860965,0.1614304812834224,0.09258021390374327,0.10917740879526949,0.5600650668469682,0.337743194665867,0.3792587903832413,0.2639181260748984,0.3068088363519208
Badminton,MultiGaussian,Simulation Data,rounds,5,False,0.09224598930481287,0.5327540106951871,0.08622994652406413,0.3392379679144385,0.3963903743315508,0.06851604278074863,0.24369744487175393,0.6437408095237781,0.2102554869181268,0.5374351435317487,0.5634168348633322,0.3135826108675779
Badminton,MultiGaussian,Simulation Data,rounds,6,False,0.08589572192513373,0.19986631016042777,0.20187165775401072,0.40407754010695185,0.4786096256684492,0.2362967914438503,0.30366964030754684,0.31604970134836763,0.13089367411240715,0.6028078144845384,0.4939845126646163,0.42193699098419046
Badminton,MultiGaussian,Simulation Data,rounds,7,False,0.09157754010695185,0.5621657754010696,-0.023395721925133728,0.42112299465240643,0.37834224598930477,0.178475935828877,0.3491170489865313,0.625791438998266,0.14937780695963498,0.6116573839243787,0.48250074960527667,0.3925716517205634
Badminton,MultiGaussian,Simulation Data,rounds,8,False,0.1290106951871658,0.5544786096256684,0.026403743315507988,0.4725935828877005,0.45755347593582885,0.07453208556149737,0.38308332212850027,0.6962137928538121,-0.05257404526235576,0.6535524747797639,0.5114021125545665,0.29139307261235026
Badminton,MultiGaussian,Simulation Data,rounds,9,False,0.16343582887700536,0.5250668449197862,0.28308823529411764,0.5334224598930482,0.688168449197861,0.044786096256684504,0.3777510244723715,0.5763556843355112,0.4027285293519167,0.6947352380946343,0.7364448560583513,0.2821010088717235
Badminton,MultiGaussian,Simulation Data,rounds,10,False,0.1510695187165776,0.40909090909090906,0.21758021390374327,0.5177139037433155,0.4685828877005348,0.22894385026737973,0.3641400227852757,0.5062667489306383,0.2820068662429268,0.6790304628815026,0.6345581964740857,0.4138394050940658
Badminton,MultiGaussian,Simulation Data,rounds,11,False,0.22927807486631013,0.49732620320855614,-0.17312834224598928,0.6082887700534759,0.6283422459893049,0.09525401069518713,0.4089776119689681,0.5367996035891753,-0.21391829762133896,0.7469170911662709,0.7394932715927663,0.3289593302929623
Badminton,MultiGaussian,Simulation Data,rounds,12,False,0.17647058823529416,0.41410427807486627,0.12232620320855614,0.6647727272727273,0.3927139037433155,0.05848930481283421,0.3581567723980629,0.5745173545157017,-0.02335913028819192,0.7825993290208213,0.5652258831763946,0.3023567441115287
Badminton,MultiGaussian,Simulation Data,rounds,13,False,0.22961229946524064,0.5481283422459893,-0.052807486631015976,0.7219251336898396,0.4832887700534759,0.26136363636363635,0.4017505168657758,0.6898379290775801,-0.12753772571434085,0.8251036760589057,0.649163841834196,0.4184162559505301
Badminton,MultiGaussian,Simulation Data,rounds,14,False,0.30147058823529416,0.4278074866310161,-0.03475935828876997,0.7717245989304813,0.35427807486631013,0.17513368983957223,0.4645454029375472,0.579839357707806,0.09750874158699918,0.8532920377940658,0.564721775935485,0.38300182252236625
Badminton,MultiGaussian,Simulation Data,rounds,15,False,0.4007352941176471,0.6019385026737968,0.10360962566844922,0.8138368983957219,0.3796791443850267,0.21590909090909094,0.5872159272314008,0.5990770140532831,0.05520835481322284,0.88301719879395,0.5332466479361785,0.4102971532874231
Badminton,MultiGaussian,Simulation Data,rounds,16,False,0.4776069518716578,0.5484625668449198,0.115975935828877,0.8352272727272727,0.35026737967914434,0.15240641711229952,0.6416048110245599,0.6818339041296078,0.24142933752261786,0.8954677773764415,0.5295256317826638,0.3463167041608801
Badminton,MultiGaussian,Simulation Data,rounds,17,False,0.5912433155080214,0.5795454545454546,0.050467914438502626,0.8465909090909091,0.22192513368983957,0.1878342245989305,0.7291713227422132,0.6356007921390732,0.15851892363372255,0.9035962285016914,0.11380509436531183,0.3827743164356602
Badminton,MultiGaussian,Simulation Data,rounds,18,False,0.6473930481283423,0.6400401069518716,-0.05046791443850274,0.8696524064171123,0.5310828877005347,0.21524064171122992,0.7715022503072605,0.772001681545869,-0.0011048879589723448,0.9170676082381525,0.6623904148564834,0.38551187196004055
Badminton,MultiGaussian,Simulation Data,rounds,19,False,0.6978609625668449,0.38569518716577544,0.2640374331550802,0.8836898395721925,0.36798128342245995,0.08422459893048129,0.8016142657079912,0.5304149635456004,0.3053586650847422,0.9259540013187071,0.5141297564773852,0.30012367421737296
Badminton,MultiGaussian,Simulation Data,rounds,20,False,0.7005347593582888,0.5344251336898396,-0.005347593582887722,0.8883689839572193,0.5885695187165776,0.14839572192513373,0.7996241717241988,0.6227494682647086,0.1071040880003814,0.9288879875238845,0.7102779802061031,0.36558191994864564
Badminton,MultiGaussian,Simulation Data,rounds,21,False,0.7466577540106951,0.5411096256684492,0.19351604278074863,0.9034090909090909,0.31818181818181823,0.2546791443850267,0.8322638173936694,0.6889390902180215,0.226663418737013,0.9389922925710595,0.48337428789371395,0.43204915000364885
Badminton,MultiGaussian,Simulation Data,rounds,22,False,0.7630347593582888,0.6443850267379679,0.33221925133689845,0.9010695187165776,0.39605614973262027,0.17981283422459893,0.8458473322551799,0.7623996739998276,0.31844709012368433,0.9357741806085689,0.5112980627365566,0.36333141498729404
Badminton,MultiGaussian,Simulation Data,rounds,23,False,0.7727272727272727,0.5254010695187166,-0.02606951871657759,0.9187834224598931,0.4197860962566845,0.08188502673796794,0.8525858301895882,0.6639303172794232,0.10872924044220234,0.946623037028167,0.5022072077070676,0.3032503651949181
Badminton,MultiGaussian,Simulation Data,rounds,24,False,0.759024064171123,0.42713903743315507,0.06016042780748665,0.9034090909090909,0.4829545454545454,0.19351604278074863,0.8420980635669406,0.5919968545864591,-0.08614343421161652,0.9379241930252816,0.4846174455896297,0.3688235253743546
Badminton,MultiGaussian,Simulation Data,rounds,25,False,0.7613636363636364,0.43950534759358284,-0.06149732620320858,0.8973930481283423,0.25601604278074863,0.07185828877005351,0.8427719234204395,0.5979593486708209,0.09107193242494516,0.9364804628778823,0.30070088595051303,0.31772891772402745
Badminton,MultiGaussian,Simulation Data,rounds,26,False,0.7667112299465241,0.6878342245989304,0.134024064171123,0.9247994652406417,0.6473930481283423,0.1564171122994652,0.8440068614575842,0.7691292417459791,0.20747021533176802,0.9528891867288221,0.7604131188177353,0.3704126435154599
Badminton,MultiGaussian,Simulation Data,rounds,27,False,0.7556818181818181,0.5170454545454546,-0.022393048128342308,0.9154411764705882,0.5397727272727273,0.14104278074866305,0.8365041750082688,0.5812417583261702,0.11531283008741577,0.9465221837750653,0.6178434425448547,0.33145687754665953
Badminton,MultiGaussian,Simulation Data,rounds,28,False,0.7663770053475936,0.6463903743315508,0.10762032085561501,0.9154411764705882,0.3612967914438503,0.1788101604278075,0.8465656138027808,0.7669886575525385,0.12283470367856764,0.9453182810039711,0.5456638738433066,0.35978500210189246
Badminton,MultiGaussian,Simulation Data,rounds,29,False,0.767379679144385,0.4137700534759359,0.07453208556149737,0.921457219251337,0.5133689839572193,0.09191176470588236,0.8464207365657743,0.5573253086013997,0.17329615082221117,0.9463292216904053,0.6141856948691398,0.2966507997984347
Badminton,MultiGaussian,Simulation Data,rounds,30,False,0.7543449197860963,0.5795454545454546,0.09491978609625673,0.9211229946524064,0.5401069518716577,0.2282754010695187,0.838026213399802,0.7021947590654611,0.2737433819330026,0.9459958940547631,0.6591036655197406,0.39054454414169093
Badminton,MultiGaussian,Simulation Data,rounds,31,False,0.7630347593582888,0.2239304812834224,0.03843582887700536,0.9264705882352942,0.3118315508021391,0.1968582887700535,0.8405723609698114,0.18232306049328784,0.0691366252610206,0.9507241949726017,0.4873565296157294,0.37736347180551033
Badminton,MultiGaussian,Simulation Data,rounds,32,False,0.7433155080213903,0.7015374331550802,0.048462566844919786,0.9251336898395722,0.3211898395721925,0.06851604278074863,0.8295997478849,0.7906714458485206,0.18279132357194883,0.9501415472823856,0.4485395234201536,0.31114269541674133
StarCraft,,Real Data,rounds,1,False,0.7623663101604278,0.33689839572192515,0.39137700534759357,0.5852272727272727,0.7262700534759359,0.006350267379679142,0.7325006137926184,0.4733867281980032,0.24486634073259705,0.6348933412031281,0.7000673317248078,0.04321722734548006
StarCraft,,Real Data,rounds,2,False,0.643716577540107,0.4739304812834224,0.5852272727272727,0.6390374331550802,0.5738636363636364,0.03643048128342241,0.6012876941527949,0.4484212937499372,0.6043264601353308,0.6995010193768676,0.47341969335524114,0.07464419681606083
StarCraft,,Real Data,rounds,3,False,0.7473262032085561,0.49298128342245995,0.554144385026738,0.7924465240641712,0.5287433155080214,0.02907754010695185,0.7719907230497463,0.6071371816208391,0.6573103586994329,0.8242996554355605,0.6038672400213447,0.07289464046228089
StarCraft,,Real Data,rounds,4,False,0.7342914438502675,0.7413101604278075,0.30915775401069523,0.8358957219251337,0.8201871657754011,-0.00200534759358284,0.7156260099121035,0.8084004749392929,0.35854482636021945,0.8754002462614618,0.8718434490835894,0.04193804345664043
StarCraft,,Real Data,rounds,5,False,0.731951871657754,0.668783422459893,0.41677807486631013,0.8332219251336899,0.740975935828877,-0.03843582887700525,0.7545567955192154,0.7516395525175287,0.4733903329757164,0.8733810774021147,0.783978831363147,-0.009658165247009576
StarCraft,,Real Data,rounds,6,False,0.749331550802139,0.8475935828877006,0.34592245989304815,0.8439171122994652,0.9024064171122994,-0.02673796791443861,0.7646385503878885,0.8957737986267891,0.5013404185823489,0.8730497597355877,0.9350235099465035,0.026817603473083262
StarCraft,,Real Data,rounds,7,False,0.7329545454545454,0.8181818181818181,0.40909090909090906,0.8612967914438503,0.8542780748663101,-0.03643048128342241,0.7563006756396071,0.8693533646794057,0.5258867489321347,0.9022613730332565,0.901362998287191,0.0012686607247871518
StarCraft,,Real Data,rounds,8,False,0.6931818181818181,0.892379679144385,0.4064171122994652,0.8633021390374331,0.883355614973262,-0.03442513368983957,0.7334903039203585,0.9253924792711677,0.5339019416476714,0.9027508136324283,0.922151905441293,0.0002411086933180595
StarCraft,,Real Data,rounds,9,False,0.7008689839572193,0.8713235294117647,0.46256684491978606,0.8679812834224598,0.8218582887700535,-0.03576203208556139,0.7504817147786289,0.9127897189572174,0.572923225199621,0.9051821233283396,0.8746558398582608,0.029824765738378223
StarCraft,,Real Data,rounds,10,False,0.7560160427807486,0.8693181818181819,0.3883689839572193,0.891042780748663,0.8338903743315508,-0.03141711229946531,0.8113888190623434,0.9133353986941051,0.5236442751152005,0.9261264708138977,0.8880646760278263,-0.01956556394220277
StarCraft,,Real Data,rounds,11,False,0.7891042780748663,0.9438502673796791,0.3663101604278075,0.9000668449197861,0.7941176470588236,-0.03409090909090917,0.8494465200764109,0.963132430614147,0.49873786743961046,0.9327403817285267,0.8311811968532554,-0.0007706919060948003
StarCraft,,Real Data,rounds,12,False,0.8288770053475936,0.8425802139037433,0.38669786096256686,0.9274732620320856,0.8780080213903744,-0.03241978609625673,0.8787528438455389,0.8932309445158438,0.5234604772101983,0.9499881371458515,0.9079884209929288,-0.014351591020806076
StarCraft,,Real Data,rounds,13,False,0.856951871657754,0.9137700534759359,0.4739304812834224,0.9438502673796791,0.9294786096256684,-0.023061497326203106,0.9000860100045631,0.9420734073087511,0.5834998681274572,0.9600481777636481,0.946200819912504,0.039154046734443004
StarCraft,,Real Data,rounds,14,False,0.8917112299465241,0.9207887700534759,0.30113636363636365,0.9592245989304813,0.8960561497326203,-0.02974598930481287,0.9246272585558629,0.9409114155653293,0.46855252800626557,0.9720709189538603,0.924452246758212,-0.0012242115049367897
StarCraft,,Real Data,rounds,15,False,0.9268048128342246,0.9395053475935828,0.43883689839572193,0.9692513368983957,0.7643716577540107,-0.02506684491978617,0.9493201930384396,0.9589096628988999,0.5643239489454726,0.979253708153744,0.8007551143962408,0.04380202500579322
StarCraft,,Real Data,rounds,16,False,0.9301470588235294,0.8826871657754011,0.277072192513369,0.9776069518716578,0.8001336898395722,-0.03241978609625673,0.954296947157243,0.9207433884146298,0.4194081219884731,0.9853825133812925,0.8551933224986669,0.03772640132503624
StarCraft,,Real Data,rounds,17,False,0.9525401069518716,0.9117647058823529,0.40374331550802134,0.9822860962566845,0.8693181818181819,-0.03041443850267389,0.9691544607952246,0.9418240420976912,0.5185897342175115,0.9883924772133094,0.9064637813184164,0.0024521411648449343
StarCraft,,Real Data,rounds,18,False,0.9575534759358288,0.9605614973262032,0.34993315508021394,0.9836229946524064,0.9164438502673797,-0.02774064171123003,0.9731620766084395,0.9736207536545604,0.4855539713214623,0.9894746522637877,0.9335886785435118,-0.000248871829307884
